Q_ID,Video_ID,Rank,Answer,Time (sec),,
BDKkVYmWqdM,BDKkVYmWqdM,1,The bicyclist rides his bike across a tennis net and successfully lands it on the court.,6.1328,,
BDKkVYmWqdM,BDKkVYmWqdM,2,The bicyclist rides his bike across a tennis net placed on a green ramp and successfully lands on the tennis court.,6.1328,,
BDKkVYmWqdM,BDKkVYmWqdM,3,The bicyclist rides his bike across a tennis net and over a green ramp before landing on the court.,6.1328,,
BDKkVYmWqdM,BDKkVYmWqdM,4,The bicyclist rides a bike across a tennis net and lands on a green platform before continuing over the net.,6.1328,,
BDKkVYmWqdM,BDKkVYmWqdM,5,"The bicyclist rides across a tennis net, which is only 2mm thick, and successfully lands his bike on the court.",6.1328,,
BDKkVYmWqdM,BDKkVYmWqdM,6,"The bicyclist rides a bike across a tennis net, which is only 2mm thick.",6.1328,,
BDKkVYmWqdM,BDKkVYmWqdM,7,The bicyclist rides his bike over a tennis net placed on a raised platform before landing on the tennis court.,6.1328,,
BDKkVYmWqdM,BDKkVYmWqdM,8,"The bicyclist rides across a tennis net, which is only 2mm thick, and lands successfully on the court.",6.1328,,
BDKkVYmWqdM,BDKkVYmWqdM,9,The bicyclist jumps over a tennis net.,6.1328,,
BDKkVYmWqdM,BDKkVYmWqdM,10,"The bicyclist rides his bike across a tennis net, which is only 2mm thick, and lands successfully on the court.",6.1328,,
Bdyiy2P1WrA,Bdyiy2P1WrA,1,Sausages and eggs with chopped garlic and chili were being cooked during the food demonstration.,4.1191,,
Bdyiy2P1WrA,Bdyiy2P1WrA,2,"During the food demonstration, sausages and eggs were being cooked in a pan with chopped garlic and red chili peppers.",4.1191,,
Bdyiy2P1WrA,Bdyiy2P1WrA,3,Sausages were being cooked during the food demonstration.,4.1191,,
Bdyiy2P1WrA,Bdyiy2P1WrA,4,"The food demonstration featured sausages being cooked with chopped garlic and chili peppers, and an egg being cracked into the pan.",4.1191,,
Bdyiy2P1WrA,Bdyiy2P1WrA,5,"During the food demonstration, sausages were being cooked in a pan with a mixture of chopped garlic, red chili peppers, and an egg.",4.1191,,
Bdyiy2P1WrA,Bdyiy2P1WrA,6,"During the food demonstration, sausages and eggs were being cooked with saut?ed garlic and red peppers.",4.1191,,
Bdyiy2P1WrA,Bdyiy2P1WrA,7,"During the food demonstration, sausages were being cooked with garlic, red chili peppers, and an egg in a pan.",4.1191,,
Bdyiy2P1WrA,Bdyiy2P1WrA,8,"During the food demonstration, a dish was being prepared that included sausages, an egg, and a mixture of finely chopped garlic and red chili peppers.",4.1191,,
Bdyiy2P1WrA,Bdyiy2P1WrA,9,"During the food demonstration, sausages were being cooked in a pan with garlic and chili peppers.",4.1191,,
Bdyiy2P1WrA,Bdyiy2P1WrA,10,Sausages and an egg were being cooked during the food demonstration.,4.1191,,
BfcR9WtJQBQ,BfcR9WtJQBQ,1,"After a layer of chocolate, a layer of marshmallows is placed in the pan.",3.9636,,
BfcR9WtJQBQ,BfcR9WtJQBQ,2,A layer of marshmallows is added after the chocolate.,3.9636,,
BfcR9WtJQBQ,BfcR9WtJQBQ,3,Colorful marshmallows are placed on top of the chocolate layer in the pan.,3.9636,,
BfcR9WtJQBQ,BfcR9WtJQBQ,4,"After a layer of chocolate, a layer of marshmallows is placed in the pan.",3.9636,,
BfcR9WtJQBQ,BfcR9WtJQBQ,5,"After a layer of chocolate, marshmallows go in the pan.",3.9636,,
BfcR9WtJQBQ,BfcR9WtJQBQ,6,A layer of marshmallows is placed on top of the chocolate.,3.9636,,
BfcR9WtJQBQ,BfcR9WtJQBQ,7,"After a layer of chocolate, a layer of marshmallows is added to the pan.",3.9636,,
BfcR9WtJQBQ,BfcR9WtJQBQ,8,A layer of marshmallows is placed on top of the chocolate.,3.9636,,
BfcR9WtJQBQ,BfcR9WtJQBQ,9,A layer of marshmallows goes in the pan after a layer of chocolate.,3.9636,,
BfcR9WtJQBQ,BfcR9WtJQBQ,10,"After a layer of chocolate, a layer of marshmallows goes in the pan.",3.9636,,
BGdwSxRiXzw,BGdwSxRiXzw,1,"The two people in the video are smiling and laughing, creating a joyful and lighthearted atmosphere.",3.5236,,
BGdwSxRiXzw,BGdwSxRiXzw,2,"The two people in the video appear to be laughing and enjoying themselves, possibly reacting to something humorous.",3.5236,,
BGdwSxRiXzw,BGdwSxRiXzw,3,"The two people in the video are laughing and enjoying themselves, as indicated by their smiles and the laughing emoji.",3.5236,,
BGdwSxRiXzw,BGdwSxRiXzw,4,"The two people in the video are engaged in a conversation or interaction, likely in a humorous or entertaining context, as indicated by the laughing emoji.",3.5236,,
BGdwSxRiXzw,BGdwSxRiXzw,5,"The two people in the video are smiling and laughing, creating a joyful and lighthearted atmosphere.",3.5236,,
BGdwSxRiXzw,BGdwSxRiXzw,6,"The two people in the video are smiling and laughing together, suggesting a moment of shared amusement or enjoyment.",3.5236,,
BGdwSxRiXzw,BGdwSxRiXzw,7,"The two people in the video are laughing together, with one person making a humorous face and the other smiling and holding a drink.",3.5236,,
BGdwSxRiXzw,BGdwSxRiXzw,8,"The two people in the video are engaging in a lighthearted and playful interaction, as indicated by their smiles and the laughing emojis.",3.5236,,
BGdwSxRiXzw,BGdwSxRiXzw,9,"The two people in the video are laughing together, as indicated by their smiles and the laughing emoji.",3.5236,,
BGdwSxRiXzw,BGdwSxRiXzw,10,"The two people in the video are laughing, as indicated by their expressions and the laughing emojis overlaid on the screen.",3.5236,,
BkdaXjkp_h0,BkdaXjkp_h0,1,"The person holding the dress lowers it, revealing the full outfit.",3.7007,,
BkdaXjkp_h0,BkdaXjkp_h0,2,The person holds up a colorful dress with a floral pattern.,3.7007,,
BkdaXjkp_h0,BkdaXjkp_h0,3,The person is holding up a dress with a floral pattern and a lace trim.,3.7007,,
BkdaXjkp_h0,BkdaXjkp_h0,4,The video ends with a shot of a person holding up a green and pink floral dress with lace detailing.,3.7007,,
BkdaXjkp_h0,BkdaXjkp_h0,5,"The video ends with a shot of the dress being held up, showcasing its full design and intricate details.",3.7007,,
BkdaXjkp_h0,BkdaXjkp_h0,6,The video ends with a close-up of the dress's intricate embroidery and a hand gently touching the fabric.,3.7007,,
BkdaXjkp_h0,BkdaXjkp_h0,7,"The video ends with a close-up of the floral embroidery on the dress, highlighting the intricate details and craftsmanship.",3.7007,,
BkdaXjkp_h0,BkdaXjkp_h0,8,The person holding the dress places it back on the table.,3.7007,,
BkdaXjkp_h0,BkdaXjkp_h0,9,"The video concludes with a close-up of the dress, emphasizing the intricate embroidery and floral pattern.",3.7007,,
BkdaXjkp_h0,BkdaXjkp_h0,10,"The video ends with a close-up of the floral dress, highlighting its intricate details and vibrant colors.",3.7007,,
BrGdWP7lia0,BrGdWP7lia0,1,"The man and the young boy engage in a playful football match on a grassy field, showcasing their skills and enjoying the game together.",4.0537,,
BrGdWP7lia0,BrGdWP7lia0,2,The man and the young boy are playing football on a field with a large mural in the background.,4.0537,,
BrGdWP7lia0,BrGdWP7lia0,3,"The man and the young boy are playing football together, and the man is trying to help the boy improve his skills.",4.0537,,
BrGdWP7lia0,BrGdWP7lia0,4,"The man and the young boy are playing football together on a grassy field, with the man demonstrating some football skills and the boy trying to keep up.",4.0537,,
BrGdWP7lia0,BrGdWP7lia0,5,The man and the young boy are playing football together on a grassy field.,4.0537,,
BrGdWP7lia0,BrGdWP7lia0,6,"The man and the young boy play football on a grassy field, with the man demonstrating football skills and engaging in a friendly game with the boy.",4.0537,,
BrGdWP7lia0,BrGdWP7lia0,7,"The man and the young boy are playing football on a grassy field, with the man wearing a Barcelona jersey and the boy in a white shirt and black pants.",4.0537,,
BrGdWP7lia0,BrGdWP7lia0,8,"The man and the young boy are playing football together, enjoying the game and having fun.",4.0537,,
BrGdWP7lia0,BrGdWP7lia0,9,"The man and the young boy play football on a grassy field, with the man guiding the boy and demonstrating football skills.",4.0537,,
BrGdWP7lia0,BrGdWP7lia0,10,The man and the young boy are playing football on a grassy field.,4.0537,,
BSVHVuVnlGw,BSVHVuVnlGw,1,"The video is about dental hygiene, showcasing the use of electric toothbrushes and dental care products.",4.1609,,
BSVHVuVnlGw,BSVHVuVnlGw,2,"The video is about dental hygiene and the use of electric toothbrushes, featuring a dental professional demonstrating proper brushing techniques.",4.1609,,
BSVHVuVnlGw,BSVHVuVnlGw,3,"The video is about dental care, specifically tooth brushing techniques and the use of an electric toothbrush.",4.1609,,
BSVHVuVnlGw,BSVHVuVnlGw,4,"The video is about dental hygiene and the proper use of an electric toothbrush, featuring a dental professional demonstrating the technique.",4.1609,,
BSVHVuVnlGw,BSVHVuVnlGw,5,"The video is mainly about dental hygiene, featuring a demonstration of using an electric toothbrush on a dental model.",4.1609,,
BSVHVuVnlGw,BSVHVuVnlGw,6,The video mainly showcases dental hygiene products and demonstrates their use on a dental model.,4.1609,,
BSVHVuVnlGw,BSVHVuVnlGw,7,"The video mainly showcases dental care and hygiene practices, featuring dental tools and proper brushing techniques.",4.1609,,
BSVHVuVnlGw,BSVHVuVnlGw,8,"The video is about dental hygiene and toothbrush usage, featuring a dental professional demonstrating proper brushing techniques.",4.1609,,
BSVHVuVnlGw,BSVHVuVnlGw,9,"The video is about dental hygiene, specifically the proper use of an electric toothbrush, as demonstrated by Dr. Heba Qotb in a dental clinic setting.",4.1609,,
BSVHVuVnlGw,BSVHVuVnlGw,10,"The video is about dental care and hygiene, featuring a dental professional demonstrating the use of an electric toothbrush and proper brushing techniques.",4.1609,,
Bu4HZcHWt1w,Bu4HZcHWt1w,1,"The video shows a woman and a boy walking in between two cars, which seems to be a tense moment.",3.5867,,
Bu4HZcHWt1w,Bu4HZcHWt1w,2,A boy runs to a white car.,3.5867,,
Bu4HZcHWt1w,Bu4HZcHWt1w,3,The woman and boy are struck by a car.,3.5867,,
Bu4HZcHWt1w,Bu4HZcHWt1w,4,A man in a red shirt tackles the boy to the ground to save him from being hit by a car.,3.5867,,
Bu4HZcHWt1w,Bu4HZcHWt1w,5,"A woman appears to be quickly stepping out of the way to avoid being hit by a car, while a boy follows her, seemingly unaware of the danger.",3.5867,,
Bu4HZcHWt1w,Bu4HZcHWt1w,6,"A woman and a boy walk in between two cars as part of a staged or dramatic scene, highlighted by text indicating a ""Greatest Save.""",3.5867,,
Bu4HZcHWt1w,Bu4HZcHWt1w,7,A car reverses and almost hits them.,3.5867,,
Bu4HZcHWt1w,Bu4HZcHWt1w,8,"A person on a motorcycle stops suddenly, avoiding a collision.",3.5867,,
Bu4HZcHWt1w,Bu4HZcHWt1w,9,The video does not provide enough information to answer the question accurately.,3.5867,,
Bu4HZcHWt1w,Bu4HZcHWt1w,10,"A woman and a boy walk in between two cars, but the video does not show any specific event or action happening as a result.",3.5867,,
BuIc1w-kn-k,BuIc1w-kn-k,1,The two men shook hands and bumped into each other as a gesture of mutual respect and agreement after their conversation.,3.4518,,
BuIc1w-kn-k,BuIc1w-kn-k,2,The two men shook hands and bumped into each other as a sign of mutual respect and camaraderie after their conversation.,3.4518,,
BuIc1w-kn-k,BuIc1w-kn-k,3,The two men likely shook hands and bumped into each other as a sign of mutual respect and agreement after their conversation.,3.4518,,
BuIc1w-kn-k,BuIc1w-kn-k,4,The two men shook hands and bumped into each other to express mutual respect and agreement after their conversation.,3.4518,,
BuIc1w-kn-k,BuIc1w-kn-k,5,The 2 men likely shook hands and bumped into each other as a sign of mutual respect and agreement after their conversation.,3.4518,,
BuIc1w-kn-k,BuIc1w-kn-k,6,The men shook hands and bumped into each other as a sign of mutual respect and agreement after their conversation.,3.4518,,
BuIc1w-kn-k,BuIc1w-kn-k,7,The 2 men shook hands and bumped into each other to show mutual respect and agreement after their conversation.,3.4518,,
BuIc1w-kn-k,BuIc1w-kn-k,8,The two men shook hands and bumped into each other to express mutual respect and agreement after their conversation.,3.4518,,
BuIc1w-kn-k,BuIc1w-kn-k,9,The 2 men shook hands and bumped into each other as a sign of respect and camaraderie after having a conversation.,3.4518,,
BuIc1w-kn-k,BuIc1w-kn-k,10,The two men shook hands and bumped into each other to express mutual respect and agreement after their conversation.,3.4518,,
BvfrF5nONZk,BvfrF5nONZk,1,The woman takes a selfie with the man standing in front of his bike.,3.6152,,
BvfrF5nONZk,BvfrF5nONZk,2,"After a woman walks up to a man standing in front of his bike, she takes a photo of him.",3.6152,,
BvfrF5nONZk,BvfrF5nONZk,3,The woman takes a selfie with the man and his bike.,3.6152,,
BvfrF5nONZk,BvfrF5nONZk,4,"The woman approaches the man, who is standing with his bike, and they engage in a conversation.",3.6152,,
BvfrF5nONZk,BvfrF5nONZk,5,The woman takes a selfie with the man and his bike.,3.6152,,
BvfrF5nONZk,BvfrF5nONZk,6,The woman starts to film the man on her phone.,3.6152,,
BvfrF5nONZk,BvfrF5nONZk,7,"The woman walks up to the man, possibly to greet or interact with him.",3.6152,,
BvfrF5nONZk,BvfrF5nONZk,8,"The woman engages with the man, who is likely discussing the high-value bicycle, as indicated by the text overlay.",3.6152,,
BvfrF5nONZk,BvfrF5nONZk,9,"The woman interacts with the man and the man's bike, while the text ""4 lakh ki cycle"" remains visible.",3.6152,,
BvfrF5nONZk,BvfrF5nONZk,10,"The woman, wearing a helmet and holding a phone, approaches the man standing in front of his bike.",3.6152,,
BvpGKjFEIDg,BvpGKjFEIDg,1,The field of corn is overrun by baby ducks.,3.9121,,
BvpGKjFEIDg,BvpGKjFEIDg,2,The field of corn is replaced by a field of baby chicks.,3.9121,,
BvpGKjFEIDg,BvpGKjFEIDg,3,"The field of corn is covered by a large number of small, yellow ducklings.",3.9121,,
BvpGKjFEIDg,BvpGKjFEIDg,4,A field of corn is covered with yellow chicks.,3.9121,,
BvpGKjFEIDg,BvpGKjFEIDg,5,The field of corn is invaded by a large group of baby chickens.,3.9121,,
BvpGKjFEIDg,BvpGKjFEIDg,6,Corn is harvested.,3.9121,,
BvpGKjFEIDg,BvpGKjFEIDg,7,"Corn is harvested and the stalks are left behind, often leading to a field of green stalks.",3.9121,,
BvpGKjFEIDg,BvpGKjFEIDg,8,"The field of corn is covered with a large number of small yellow chickens, obscuring the corn plants.",3.9121,,
BvpGKjFEIDg,BvpGKjFEIDg,9,"The field of corn is invaded by numerous yellow chicks, which are seen running and pecking at the corn plants.",3.9121,,
BvpGKjFEIDg,BvpGKjFEIDg,10,"A field of corn is harvested and the plants are cut down, leaving rows of harvested corn.",3.9121,,
Bvv6lMUTlEw,Bvv6lMUTlEw,1,The dog is being offered a cupcake or cake because it is Ellie's birthday.,3.7109,,
Bvv6lMUTlEw,Bvv6lMUTlEw,2,Because it's the dog's birthday.,3.7109,,
Bvv6lMUTlEw,Bvv6lMUTlEw,3,"It's Ellie's birthday, and the man is offering the dog a treat to celebrate.",3.7109,,
Bvv6lMUTlEw,Bvv6lMUTlEw,4,The dog is being offered a cupcake or cake because it is Ellie's birthday.,3.7109,,
Bvv6lMUTlEw,Bvv6lMUTlEw,5,The dog is being offered a cupcake or cake as part of a birthday celebration for Ellie.,3.7109,,
Bvv6lMUTlEw,Bvv6lMUTlEw,6,The dog is being offered a cupcake or cake because it is Ellie's birthday.,3.7109,,
Bvv6lMUTlEw,Bvv6lMUTlEw,7,The dog is being offered a cupcake or cake as part of its birthday celebration.,3.7109,,
Bvv6lMUTlEw,Bvv6lMUTlEw,8,Because it is the dog's birthday.,3.7109,,
Bvv6lMUTlEw,Bvv6lMUTlEw,9,Because it's the dog's birthday.,3.7109,,
Bvv6lMUTlEw,Bvv6lMUTlEw,10,The dog is being offered a cupcake or cake to celebrate its birthday.,3.7109,,
Bw7GevJP1vA,Bw7GevJP1vA,1,"The man continues talking and gesturing, while the other man listens.",3.7599,,
Bw7GevJP1vA,Bw7GevJP1vA,2,"The two men continue their conversation while sitting on the couch, with one gesturing with his hands.",3.7599,,
Bw7GevJP1vA,Bw7GevJP1vA,3,"After showing the food on the coffee table, the man starts talking and gesturing animatedly, engaging in conversation with his companion.",3.7599,,
Bw7GevJP1vA,Bw7GevJP1vA,4,The man continues talking and gesturing while the other man listens and occasionally responds.,3.7599,,
Bw7GevJP1vA,Bw7GevJP1vA,5,"The man gestures animatedly as he speaks, while the other man listens attentively.",3.7599,,
Bw7GevJP1vA,Bw7GevJP1vA,6,"The man on the left starts talking and gesturing animatedly, while the man on the right listens and occasionally responds.",3.7599,,
Bw7GevJP1vA,Bw7GevJP1vA,7,"The scene transitions back to the two men sitting on the couch, where the man on the left starts talking and gesturing with his hands while the man on the right listens.",3.7599,,
Bw7GevJP1vA,Bw7GevJP1vA,8,The man picks up a glass of water and starts to drink from it.,3.7599,,
Bw7GevJP1vA,Bw7GevJP1vA,9,The man on the left starts talking and gesturing animatedly while the man on the right listens and occasionally responds.,3.7599,,
Bw7GevJP1vA,Bw7GevJP1vA,10,The man gestures animatedly with his hands while seated on a couch.,3.7599,,
BWAVzDutp1o,BWAVzDutp1o,1,"The motorcyclist rides down the road, passing by a truck and another motorcycle, with the text ""Love is In Air ??"" displayed on the screen.",3.7079,,
BWAVzDutp1o,BWAVzDutp1o,2,"A motorcyclist is riding down the road, passing by another motorcyclist who is wearing a pink shirt and a red backpack.",3.7079,,
BWAVzDutp1o,BWAVzDutp1o,3,"A motorcyclist rides down a road, passing a person on a scooter and encountering a truck and an excavator.",3.7079,,
BWAVzDutp1o,BWAVzDutp1o,4,"A motorcyclist rides down the road, passing by another motorcyclist and a person on a scooter.",3.7079,,
BWAVzDutp1o,BWAVzDutp1o,5,The motorcyclist rides past a woman on a scooter and continues down the road.,3.7079,,
BWAVzDutp1o,BWAVzDutp1o,6,"A motorcyclist rides down the road behind a person on a scooter, with a truck and a car visible ahead.",3.7079,,
BWAVzDutp1o,BWAVzDutp1o,7,A person on a motorbike with a red bag and a pink dress appears to be riding down the road.,3.7079,,
BWAVzDutp1o,BWAVzDutp1o,8,"The motorcyclist rides down the road behind a person on a three-wheeled vehicle, with the text ""Love is In Air ??"" displayed on the screen.",3.7079,,
BWAVzDutp1o,BWAVzDutp1o,9,"The motorcyclist is riding down the road with a person on the back seat, and the text ""Love is In Air ??"" appears on the screen.",3.7079,,
BWAVzDutp1o,BWAVzDutp1o,10,"The motorcyclist is riding down the road, and a person on a bike is following closely behind.",3.7079,,
BYja7Z0B9Fc,BYja7Z0B9Fc,1,The couple kissing in the car is shown again later at the beach.,4.048,,
BYja7Z0B9Fc,BYja7Z0B9Fc,2,"The couple sitting in a car kissing is shown kissing again, this time on the beach.",4.048,,
BYja7Z0B9Fc,BYja7Z0B9Fc,3,"The couple sitting in the car kissing is shown again, but this time they are on the beach.",4.048,,
BYja7Z0B9Fc,BYja7Z0B9Fc,4,"The couple kisses in the car, then the scene changes to them on a beach, still kissing.",4.048,,
BYja7Z0B9Fc,BYja7Z0B9Fc,5,"The couple in the car ends up at the beach, where they take selfies and the woman dances in the water.",4.048,,
BYja7Z0B9Fc,BYja7Z0B9Fc,6,"The couple in the car is shown kissing, then the scene changes to them at the beach.",4.048,,
BYja7Z0B9Fc,BYja7Z0B9Fc,7,"The couple is then shown at the beach, and the woman is seen in the water.",4.048,,
BYja7Z0B9Fc,BYja7Z0B9Fc,8,"The couple kisses in the car, then the scene changes to them at the beach, and the woman is shown in the water.",4.048,,
BYja7Z0B9Fc,BYja7Z0B9Fc,9,"The couple is seen kissing in a car, then the scene changes to them on the beach, where the woman is taking a selfie and the man is shirtless.",4.048,,
BYja7Z0B9Fc,BYja7Z0B9Fc,10,"The couple in the car share a kiss, then the scene transitions to them on a beach, where the woman is seen dancing and smiling.",4.048,,
ByuygPDH1Vk,ByuygPDH1Vk,1,"The duck was likely playing dead as a survival mechanism, hoping the dog would not attack it.",3.6278,,
ByuygPDH1Vk,ByuygPDH1Vk,2,"The duck was likely playing dead as a survival tactic, trying to avoid detection by predators.",3.6278,,
ByuygPDH1Vk,ByuygPDH1Vk,3,The duck was playing dead to avoid being attacked by the dog.,3.6278,,
ByuygPDH1Vk,ByuygPDH1Vk,4,The duck was playing dead as a defense mechanism to avoid being caught by the dog.,3.6278,,
ByuygPDH1Vk,ByuygPDH1Vk,5,"The duck was likely playing dead as a defense mechanism to avoid the dog, which was walking by.",3.6278,,
ByuygPDH1Vk,ByuygPDH1Vk,6,"The duck was likely playing dead as a defense mechanism to avoid the dog, which is a common behavior among wild birds when they sense danger.",3.6278,,
ByuygPDH1Vk,ByuygPDH1Vk,7,"The duck was playing dead to avoid being caught by the dog, which seems to be a hunting dog.",3.6278,,
ByuygPDH1Vk,ByuygPDH1Vk,8,The duck was likely playing dead as a defense mechanism to avoid being caught by the dog.,3.6278,,
ByuygPDH1Vk,ByuygPDH1Vk,9,The duck was likely playing dead as a defensive strategy to avoid predators.,3.6278,,
ByuygPDH1Vk,ByuygPDH1Vk,10,"The duck was likely playing dead to avoid being attacked by the dog, as the dog seemed interested in it.",3.6278,,
C4j3Pp79KSg,C4j3Pp79KSg,1,The woman riding in the wheelchair stops at the corner.,3.9619,,
C4j3Pp79KSg,C4j3Pp79KSg,2,The woman riding in a wheelchair is assisted by the man standing beside her to help her navigate the corner.,3.9619,,
C4j3Pp79KSg,C4j3Pp79KSg,3,"The woman in the wheelchair reaches the corner, and the man assists her in turning the wheelchair.",3.9619,,
C4j3Pp79KSg,C4j3Pp79KSg,4,The woman riding in a wheelchair stops at the corner.,3.9619,,
C4j3Pp79KSg,C4j3Pp79KSg,5,"The woman riding in a wheelchair reaches the corner, and a man helps her by pushing the wheelchair.",3.9619,,
C4j3Pp79KSg,C4j3Pp79KSg,6,"The woman riding in the wheelchair is shown at a crosswalk, likely waiting for the traffic signal to change so she can safely cross the street.",3.9619,,
C4j3Pp79KSg,C4j3Pp79KSg,7,The woman in the wheelchair does not have any specific action depicted at the corner; she is simply being assisted by the man in the wheelchair.,3.9619,,
C4j3Pp79KSg,C4j3Pp79KSg,8,The woman riding in a wheelchair turns to the left when she reaches the corner.,3.9619,,
C4j3Pp79KSg,C4j3Pp79KSg,9,She turns to the left.,3.9619,,
C4j3Pp79KSg,C4j3Pp79KSg,10,She stops and waits for the pedestrian signal to change.,3.9619,,
C7ADL93Zg4Q,C7ADL93Zg4Q,1,A young woman plays a video game where she shoots a giant Pac-Man character with a toy gun.,3.499,,
C7ADL93Zg4Q,C7ADL93Zg4Q,2,"The young woman is playing a video game where she shoots a gun at Pac-Man, causing him to run away.",3.499,,
C7ADL93Zg4Q,C7ADL93Zg4Q,3,The young woman in the video game runs away from Pac-Man.,3.499,,
C7ADL93Zg4Q,C7ADL93Zg4Q,4,A young woman chases and captures Pac-Man in a video game.,3.499,,
C7ADL93Zg4Q,C7ADL93Zg4Q,5,A young woman throws a water gun at a giant Pac-Man character in a video game.,3.499,,
C7ADL93Zg4Q,C7ADL93Zg4Q,6,A young woman runs away from Pac-Man in the video game.,3.499,,
C7ADL93Zg4Q,C7ADL93Zg4Q,7,A young woman shoots a giant Pac-Man with a water gun in a video game.,3.499,,
C7ADL93Zg4Q,C7ADL93Zg4Q,8,The young woman in the video game kicks Pac-Man.,3.499,,
C7ADL93Zg4Q,C7ADL93Zg4Q,9,The young woman in the video game throws a large Pac-Man at Pac-Man.,3.499,,
C7ADL93Zg4Q,C7ADL93Zg4Q,10,A young woman in the video game shoots at Pac-Man with a toy gun.,3.499,,
C7ToN6hcXvQ,C7ToN6hcXvQ,1,The video ends with a man being interviewed and then transitioning to a group of people in blue uniforms marching and holding flags.,4.0025,,
C7ToN6hcXvQ,C7ToN6hcXvQ,2,The video ends with a serene image of a golden dome with a rainbow and clouds in the background.,4.0025,,
C7ToN6hcXvQ,C7ToN6hcXvQ,3,The video ends with a serene view of a golden dome structure surrounded by a bright rainbow.,4.0025,,
C7ToN6hcXvQ,C7ToN6hcXvQ,4,"The video ends with a view of a golden dome temple, suggesting a place of significance and peace.",4.0025,,
C7ToN6hcXvQ,C7ToN6hcXvQ,5,"The video ends with a serene view of a golden dome, likely a significant religious or historical site.",4.0025,,
C7ToN6hcXvQ,C7ToN6hcXvQ,6,"The video ends with a view of a golden dome and a rainbow, suggesting a transition to a different scene or the conclusion of the video.",4.0025,,
C7ToN6hcXvQ,C7ToN6hcXvQ,7,A group of people in blue and yellow uniforms march in a parade.,4.0025,,
C7ToN6hcXvQ,C7ToN6hcXvQ,8,"The video ends with a serene shot of a golden dome structure, suggesting a place of cultural or spiritual significance.",4.0025,,
C7ToN6hcXvQ,C7ToN6hcXvQ,9,A large group of people wearing blue head coverings and holding flags marches in a parade.,4.0025,,
C7ToN6hcXvQ,C7ToN6hcXvQ,10,"A grand scene unfolds with a dome-like structure, symbolizing a significant event or celebration.",4.0025,,
CbRNu0FBRv8,CbRNu0FBRv8,1,The man scrolls the screen on his phone while he is looking at a photo album on the table in front of him.,3.9849,,
CbRNu0FBRv8,CbRNu0FBRv8,2,The man scrolls the screen on his phone throughout the video.,3.9849,,
CbRNu0FBRv8,CbRNu0FBRv8,3,The man scrolls the screen on his phone at the beginning of the video.,3.9849,,
CbRNu0FBRv8,CbRNu0FBRv8,4,The man scrolls the screen on his phone while he is sitting and looking at something on his phone.,3.9849,,
CbRNu0FBRv8,CbRNu0FBRv8,5,"The man scrolls the screen on his phone at the beginning of the video, before he shows the photo to the camera.",3.9849,,
CbRNu0FBRv8,CbRNu0FBRv8,6,The man scrolls the screen on his phone while he is seated and appears to be engaged in conversation.,3.9849,,
CbRNu0FBRv8,CbRNu0FBRv8,7,The man scrolls the screen on his phone while he is sitting and looking at the phone.,3.9849,,
CbRNu0FBRv8,CbRNu0FBRv8,8,The man scrolls the screen on his phone when he is holding the phone in his left hand and looking at the screen.,3.9849,,
CbRNu0FBRv8,CbRNu0FBRv8,9,The man scrolls the screen on his phone as he talks about the watch.,3.9849,,
CbRNu0FBRv8,CbRNu0FBRv8,10,The man scrolls the screen on his phone after showing a picture to the camera.,3.9849,,
CBxi5FLNouw,CBxi5FLNouw,1,"The boy appears to be trying to figure out how to juggle or perform a trick with the pink object in his hand, as indicated by the progression of the video showing him practicing and improving over time.",3.7195,,
CBxi5FLNouw,CBxi5FLNouw,2,The boy is trying to figure out how to juggle the pink object he is holding.,3.7195,,
CBxi5FLNouw,CBxi5FLNouw,3,The boy is trying to figure out how to spin the pink fidget spinner.,3.7195,,
CBxi5FLNouw,CBxi5FLNouw,4,"The boy appears to be trying to figure out how to use the pink pen, as indicated by his focused and repetitive actions in each frame.",3.7195,,
CBxi5FLNouw,CBxi5FLNouw,5,The boy is trying to figure out how to use the pink pen effectively.,3.7195,,
CBxi5FLNouw,CBxi5FLNouw,6,The boy is trying to figure out how to properly juggle the pink baton.,3.7195,,
CBxi5FLNouw,CBxi5FLNouw,7,"The boy is trying to figure out how to juggle the pink object, which seems to be a pen, over the course of one month.",3.7195,,
CBxi5FLNouw,CBxi5FLNouw,8,The boy appears to be practicing and improving his juggling skills with a pink stick.,3.7195,,
CBxi5FLNouw,CBxi5FLNouw,9,The boy is trying to figure out how to spin a pink fidget spinner.,3.7195,,
CBxi5FLNouw,CBxi5FLNouw,10,"The boy appears to be trying to figure out how to use the pink object, which might be a toy or a tool, over time.",3.7195,,
CcafMpThEeQ,CcafMpThEeQ,1,The punching bag is kicked and falls over.,3.8732,,
CcafMpThEeQ,CcafMpThEeQ,2,The punching bag is knocked over by the end of the video.,3.8732,,
CcafMpThEeQ,CcafMpThEeQ,3,The punching bag is knocked over by the end of the video.,3.8732,,
CcafMpThEeQ,CcafMpThEeQ,4,The punching bag is kicked over by the person in the video.,3.8732,,
CcafMpThEeQ,CcafMpThEeQ,5,The punching bag is left standing upright on the field by the end of the video.,3.8732,,
CcafMpThEeQ,CcafMpThEeQ,6,The punching bag is knocked over by the end of the video.,3.8732,,
CcafMpThEeQ,CcafMpThEeQ,7,The punching bag is knocked over by the end of the video.,3.8732,,
CcafMpThEeQ,CcafMpThEeQ,8,The punching bag is knocked over by the end of the video.,3.8732,,
CcafMpThEeQ,CcafMpThEeQ,9,The punching bag is knocked over by the player's kick.,3.8732,,
CcafMpThEeQ,CcafMpThEeQ,10,The punching bag falls to the ground after the player throws the ball and runs away.,3.8732,,
CFhqtT9V8yk,CFhqtT9V8yk,1,"The video depicts a cartoon character navigating through various obstacles on a sidewalk in Taiwan, facing challenges like avoiding obstacles and interacting with different items, but ultimately ending with a ""YOU DIED"" screen.",4.1484,,
CFhqtT9V8yk,CFhqtT9V8yk,2,"The video depicts a cartoon character attempting to navigate through a series of road obstacles in Taiwan, which include various hazards such as barriers, traffic cones, and moving vehicles, leading to the character's eventual ""death"" and a ""You Died"" screen.",4.1484,,
CFhqtT9V8yk,CFhqtT9V8yk,3,"The video depicts a cartoon character navigating through various obstacles on a pedestrian walkway in Taiwan, with the character eventually facing a fatal challenge that ends with the text ""YOU DIED.""",4.1484,,
CFhqtT9V8yk,CFhqtT9V8yk,4,"The video depicts a cartoon character navigating a series of pedestrian crosswalk obstacles, resulting in a ""YOU DIED"" screen.",4.1484,,
CFhqtT9V8yk,CFhqtT9V8yk,5,"The video shows a cartoon character navigating through a series of obstacles on a street, encountering various hazards like obstacles, vehicles, and hazards, which eventually leads to the character's failure and a ""YOU DIED"" screen.",4.1484,,
CFhqtT9V8yk,CFhqtT9V8yk,6,"The video depicts a cartoon character navigating through a series of street obstacles, such as a trash can, a door, and a car, in a humorous and exaggerated manner.",4.1484,,
CFhqtT9V8yk,CFhqtT9V8yk,7,"The video depicts a cartoon character navigating a series of obstacles on a sidewalk in Taiwan, but ultimately fails and is met with the message ""YOU DIED.""",4.1484,,
CFhqtT9V8yk,CFhqtT9V8yk,8,"The video shows a cartoon character participating in a Taiwan sidewalk obstacle race, encountering various obstacles and eventually crashing into a street sign, resulting in a ""YOU DIED"" message.",4.1484,,
CFhqtT9V8yk,CFhqtT9V8yk,9,"The video depicts a cartoon character navigating through a series of obstacles on a pedestrian walkway in Taiwan, which results in the character's death as indicated by the ""YOU DIED"" message.",4.1484,,
CFhqtT9V8yk,CFhqtT9V8yk,10,"The video depicts a cartoon character navigating through a series of obstacles on a pedestrian walkway in Taiwan, but ends with a ""YOU DIED"" screen indicating failure.",4.1484,,
CgjC6CV-sUs,CgjC6CV-sUs,1,"The video is a comic adaptation of a scene featuring a character named Chi-Chi taking things upstairs, with dialogue indicating a concern about protection and questioning the presence of something or someone upstairs.",3.7517,,
CgjC6CV-sUs,CgjC6CV-sUs,2,"The video is a compilation of scenes from an original comic by FTW Arts, featuring characters from the Dragon Ball series, including a scene where Chi-Chi takes things upstairs and a conversation about protection.",3.7517,,
CgjC6CV-sUs,CgjC6CV-sUs,3,"The video is a humorous take on a Dragon Ball scene, featuring a character named Chi-Chi taking things upstairs and interacting with another character in a domestic setting, depicted in a comic format.",3.7517,,
CgjC6CV-sUs,CgjC6CV-sUs,4,"The video is a humorous adaptation of a scene from a Dragon Ball comic, featuring characters in a domestic setting, with a focus on the character Chi-Chi taking things upstairs and engaging in a conversation about protection.",3.7517,,
CgjC6CV-sUs,CgjC6CV-sUs,5,"The video is a fan-made Dragon Ball comic adaptation by FTW Arts, featuring characters from the series in a humorous and relatable scenario.",3.7517,,
CgjC6CV-sUs,CgjC6CV-sUs,6,"The video is a fan-made comic adaptation of Dragon Ball characters, focusing on a humorous interaction between two characters in a domestic setting.",3.7517,,
CgjC6CV-sUs,CgjC6CV-sUs,7,"The video is a humorous take on a Dragon Ball Z-inspired scenario where Chi-Chi is shown taking things upstairs, followed by a comic-style dialogue between Goku and a character expressing concern about protection.",3.7517,,
CgjC6CV-sUs,CgjC6CV-sUs,8,"The video is a fan-made comic adaptation of Dragon Ball, featuring humorous interactions between characters and a call to subscribe for more content.",3.7517,,
CgjC6CV-sUs,CgjC6CV-sUs,9,"The video is a fan-made comic adaptation inspired by Dragon Ball, featuring a humorous scenario where Chi-Chi is taking things upstairs and a conversation about needing protection.",3.7517,,
CgjC6CV-sUs,CgjC6CV-sUs,10,"The video is a humorous and fan-made adaptation of scenes featuring characters from the Dragon Ball series, with a focus on a character named Chi-Chi taking things upstairs and a comedic interaction involving a martial arts training session.",3.7517,,
CH8Dp7EgW4I,CH8Dp7EgW4I,1,The smaller boy throws water at the other boy after he is pushed.,3.829,,
CH8Dp7EgW4I,CH8Dp7EgW4I,2,The smaller boy throws water at the boy who shoved him.,3.829,,
CH8Dp7EgW4I,CH8Dp7EgW4I,3,The smaller boy throws a rock into the water.,3.829,,
CH8Dp7EgW4I,CH8Dp7EgW4I,4,The smaller boy walks away after the other boy shoves him.,3.829,,
CH8Dp7EgW4I,CH8Dp7EgW4I,5,The smaller boy retaliates by throwing a rock at the other boy.,3.829,,
CH8Dp7EgW4I,CH8Dp7EgW4I,6,The smaller boy throws water at the boy who shoved him.,3.829,,
CH8Dp7EgW4I,CH8Dp7EgW4I,7,The smaller boy jumps into the water.,3.829,,
CH8Dp7EgW4I,CH8Dp7EgW4I,8,The smaller boy throws a stone into the water.,3.829,,
CH8Dp7EgW4I,CH8Dp7EgW4I,9,The smaller boy walks away with his hand in his pocket.,3.829,,
CH8Dp7EgW4I,CH8Dp7EgW4I,10,The smaller boy retaliates by shoving the other boy back.,3.829,,
CjcyaXLB3Ow,CjcyaXLB3Ow,1,The boy jumped up off the sofa and stomped out the room yelling because he noticed the girl was using a different phone than the one she claimed to be using.,3.8131,,
CjcyaXLB3Ow,CjcyaXLB3Ow,2,"The boy likely jumped up and stomped out the room yelling because he was reacting to something unexpected or frustrating, possibly related to the woman holding a phone and the pillow being thrown.",3.8131,,
CjcyaXLB3Ow,CjcyaXLB3Ow,3,"The boy jumped up off the sofa and stomped out the room yelling because the woman took the remote control from him, which he was using to change the TV channel.",3.8131,,
CjcyaXLB3Ow,CjcyaXLB3Ow,4,The boy jumped up off the sofa and stomp out the room yelling because the woman in the blue top stood up and the boy felt surprised or startled.,3.8131,,
CjcyaXLB3Ow,CjcyaXLB3Ow,5,"The boy jumped up off the sofa and stomped out the room yelling because he was upset by the girl putting on headphones and pretending to listen to music, which interrupted his own activity.",3.8131,,
CjcyaXLB3Ow,CjcyaXLB3Ow,6,"The boy likely jumped up off the sofa and stomp out the room yelling because he was upset or frustrated, possibly due to a conflict or disagreement with the woman sitting next to him.",3.8131,,
CjcyaXLB3Ow,CjcyaXLB3Ow,7,The boy jumped up off the sofa and stomped out the room yelling because he was upset by the woman's actions or words.,3.8131,,
CjcyaXLB3Ow,CjcyaXLB3Ow,8,The boy jumped up off the sofa and stomp out the room yelling because he was startled or provoked by something the girl did or said.,3.8131,,
CjcyaXLB3Ow,CjcyaXLB3Ow,9,The boy jumped up off the sofa and stomped out the room yelling because he was startled and upset by the girl sitting on his lap and talking to him.,3.8131,,
CjcyaXLB3Ow,CjcyaXLB3Ow,10,"The boy jumped up off the sofa and stomped out the room yelling because the woman behind him took his phone, causing him to react strongly.",3.8131,,
CLgCH9T6IwY,CLgCH9T6IwY,1,"The figure with a black cape is seen in the background of the group photo, but the specific moment when this figure is highlighted or focused on is not detailed in the provided text.",4.2235,,
CLgCH9T6IwY,CLgCH9T6IwY,2,"The figure with a black cape appears in the third scene, where a person in a red and white suit with a black cape is standing.",4.2235,,
CLgCH9T6IwY,CLgCH9T6IwY,3,"We see a figure with a black cape in the second scene, where a person in a costume is standing in a large indoor space.",4.2235,,
CLgCH9T6IwY,CLgCH9T6IwY,4,"The figure with a black cape appears in the third scene, where the text ""??????????? (Third Ultraman Father) is displayed.""",4.2235,,
CLgCH9T6IwY,CLgCH9T6IwY,5,"We see a figure with a black cape in the second scene, where a person in a black and white suit is standing in a large indoor space.",4.2235,,
CLgCH9T6IwY,CLgCH9T6IwY,6,A figure with a black cape appears in the third frame of the video.,4.2235,,
CLgCH9T6IwY,CLgCH9T6IwY,7,The figure with a black cape is seen in the background among the group of cosplayers.,4.2235,,
CLgCH9T6IwY,CLgCH9T6IwY,8,"The figure with a black cape appears in the second scene, where a person dressed in a white and red costume with a black cape is standing in a large indoor space.",4.2235,,
CLgCH9T6IwY,CLgCH9T6IwY,9,"We see a figure with a black cape in the second scene, where the person is performing a dynamic pose.",4.2235,,
CLgCH9T6IwY,CLgCH9T6IwY,10,We see a figure with a black cape in the second scene.,4.2235,,
Cl_YhG6ZgNg,Cl_YhG6ZgNg,1,The person successfully separated the egg yolks from the egg whites and placed them on two separate plates.,4.0406,,
Cl_YhG6ZgNg,Cl_YhG6ZgNg,2,"By the end of the video, two eggs have been successfully separated into two different plates using a plastic bottle.",4.0406,,
Cl_YhG6ZgNg,Cl_YhG6ZgNg,3,The person successfully separated the egg yolks and egg whites into two different plates.,4.0406,,
Cl_YhG6ZgNg,Cl_YhG6ZgNg,4,"By the end of the video, the person successfully separated the egg yolk from the egg white using a plastic bottle.",4.0406,,
Cl_YhG6ZgNg,Cl_YhG6ZgNg,5,"By the end of the video, all the egg yolks have been successfully separated into different plates.",4.0406,,
Cl_YhG6ZgNg,Cl_YhG6ZgNg,6,"By the end of the video, the person successfully separated the egg yolks into two plates using a plastic bottle.",4.0406,,
Cl_YhG6ZgNg,Cl_YhG6ZgNg,7,"By the end of the video, the person successfully separated the yolk from the egg white using a plastic bottle, placing the yolk into one plate and the egg white into another.",4.0406,,
Cl_YhG6ZgNg,Cl_YhG6ZgNg,8,"By the end of the video, the person successfully separated the egg yolks into two different plates, demonstrating a technique that is likely intended to be easier or more efficient than the traditional method.",4.0406,,
Cl_YhG6ZgNg,Cl_YhG6ZgNg,9,"By the end of the video, the person successfully separated the egg yolk and egg white into two separate plates using a plastic bottle.",4.0406,,
Cl_YhG6ZgNg,Cl_YhG6ZgNg,10,"By the end of the video, the person successfully separated the egg yolk from the egg whites using a plastic bottle.",4.0406,,
CnhxnPIbwyk,CnhxnPIbwyk,1,The woman was kneeling on the beach with a red and white scarf flowing in the wind.,4.0358,,
CnhxnPIbwyk,CnhxnPIbwyk,2,The woman was sitting on the sand by the end of the video.,4.0358,,
CnhxnPIbwyk,CnhxnPIbwyk,3,The woman was sitting on the beach holding a red and white scarf.,4.0358,,
CnhxnPIbwyk,CnhxnPIbwyk,4,"The woman by the end of the video is sitting on the beach, holding a red scarf and smiling.",4.0358,,
CnhxnPIbwyk,CnhxnPIbwyk,5,"The woman was sitting on the beach with a colorful scarf and then stood up, holding the scarf high above her head.",4.0358,,
CnhxnPIbwyk,CnhxnPIbwyk,6,"The woman was sitting on the beach with her arms raised, holding a red and white scarf, enjoying the sunny day.",4.0358,,
CnhxnPIbwyk,CnhxnPIbwyk,7,The woman ended up sitting on the sand with her scarf waving in the breeze.,4.0358,,
CnhxnPIbwyk,CnhxnPIbwyk,8,"The woman by the end of the video is kneeling on the beach, holding a red scarf above her head, and smiling.",4.0358,,
CnhxnPIbwyk,CnhxnPIbwyk,9,"The woman by the end of the video is sitting on the sand with her scarf in the air, smiling.",4.0358,,
CnhxnPIbwyk,CnhxnPIbwyk,10,"The woman in the blue dress was dancing on the beach, holding a red scarf, and her shadow was cast on the sand, indicating she was still present at the end of the video.",4.0358,,
CsRoh9YM9pM,CsRoh9YM9pM,1,"The video illustrates how couples' sleeping habits and dynamics evolve over time, showcasing increased comfort and shared routines as they spend more time together.",4.1956,,
CsRoh9YM9pM,CsRoh9YM9pM,2,"The video humorously compares the dynamics of couples sleeping together over different stages of their relationship, from the initial excitement to the eventual adjustment and comfort that comes with time.",4.1956,,
CsRoh9YM9pM,CsRoh9YM9pM,3,"The video illustrates the changes in how couples interact and adjust their sleeping arrangements over time, starting from the first day and progressing through six months and a year.",4.1956,,
CsRoh9YM9pM,CsRoh9YM9pM,4,"The video humorously compares the initial excitement of sleeping together with a couple, to the more relaxed and comfortable state of sleeping together after 1 year, showcasing the evolution of intimacy and comfort in a relationship.",4.1956,,
CsRoh9YM9pM,CsRoh9YM9pM,5,The comparisons highlight the changes in comfort and routine as couples adapt to sleeping together over time.,4.1956,,
CsRoh9YM9pM,CsRoh9YM9pM,6,"Over time, the video highlights the progression from initial excitement to the comfort and routine of long-term cohabitation, with the couple's interactions becoming more relaxed and intimate.",4.1956,,
CsRoh9YM9pM,CsRoh9YM9pM,7,"The video compares the progression of couples sleeping together over time, from the initial excitement and closeness to the routine and comfort of a long-term relationship.",4.1956,,
CsRoh9YM9pM,CsRoh9YM9pM,8,"The video compares the intimacy and comfort level of couples sleeping together over different time periods, from the first day to one year, highlighting the evolving dynamics and physical comfort as they grow accustomed to each other.",4.1956,,
CsRoh9YM9pM,CsRoh9YM9pM,9,"The video humorously compares the comfort and dynamics of couples sleeping together over different time periods, from the initial excitement to the challenges and adaptations that occur with familiarity.",4.1956,,
CsRoh9YM9pM,CsRoh9YM9pM,10,"The video shows humorous comparisons of couples sleeping together over different time periods, highlighting how their interactions evolve from playful and intimate to more routine and sometimes slightly chaotic.",4.1956,,
CtinYSH3nVw,CtinYSH3nVw,1,The man carries a metal bowl towards the car.,3.656,,
CtinYSH3nVw,CtinYSH3nVw,2,The woman takes a selfie with the man standing behind her.,3.656,,
CtinYSH3nVw,CtinYSH3nVw,3,"The man is seen holding a metal bowl while standing next to the woman, and then he gets into a silver car.",3.656,,
CtinYSH3nVw,CtinYSH3nVw,4,The man walks away from the car with a metal bowl in his hand.,3.656,,
CtinYSH3nVw,CtinYSH3nVw,5,"The man stands next to the car, holding a metal bowl, while the woman walks away.",3.656,,
CtinYSH3nVw,CtinYSH3nVw,6,"The man walks towards the car, opens the door, and gets in.",3.656,,
CtinYSH3nVw,CtinYSH3nVw,7,"The woman is taking a selfie with a man standing next to her, holding a bowl.",3.656,,
CtinYSH3nVw,CtinYSH3nVw,8,"The man stands next to a woman holding a tray and a phone, and they appear to be having a conversation.",3.656,,
CtinYSH3nVw,CtinYSH3nVw,9,"The man stands barefoot next to a silver car, holding a metal pot.",3.656,,
CtinYSH3nVw,CtinYSH3nVw,10,The man walks towards the car with a metal bowl in his hand.,3.656,,
D4P4xYRYXIM,D4P4xYRYXIM,1,The three young boys received lollipops from a man.,3.6556,,
D4P4xYRYXIM,D4P4xYRYXIM,2,"The three young boys stood together, each holding a colorful lollipop.",3.6556,,
D4P4xYRYXIM,D4P4xYRYXIM,3,The three young boys received a candy from a man's hand.,3.6556,,
D4P4xYRYXIM,D4P4xYRYXIM,4,"The three young boys posed for a picture together, each holding a small object.",3.6556,,
D4P4xYRYXIM,D4P4xYRYXIM,5,"The three young boys stood together, each holding a small object, possibly a lollipop or a similar treat.",3.6556,,
D4P4xYRYXIM,D4P4xYRYXIM,6,The three young boys exchanged a fist bump among themselves.,3.6556,,
D4P4xYRYXIM,D4P4xYRYXIM,7,The three young boys were seen eating lollipops.,3.6556,,
D4P4xYRYXIM,D4P4xYRYXIM,8,The three young boys each received a lollipop from the man.,3.6556,,
D4P4xYRYXIM,D4P4xYRYXIM,9,The three young boys happily received a lollipop from the man after the fist bump.,3.6556,,
D4P4xYRYXIM,D4P4xYRYXIM,10,The boys each received a small gift from the man.,3.6556,,
D4Y3c5srV_k,D4Y3c5srV_k,1,One of the guys is pulled down by the other while they are playing basketball.,4.0442,,
D4Y3c5srV_k,D4Y3c5srV_k,2,One of the guys gets the ball thrown at him while he is playing basketball.,4.0442,,
D4Y3c5srV_k,D4Y3c5srV_k,3,One of the guys falls to the ground while the two guys are playing basketball.,4.0442,,
D4Y3c5srV_k,D4Y3c5srV_k,4,One of the guys gets a ball stuck in his mouth while playing basketball with another guy.,4.0442,,
D4Y3c5srV_k,D4Y3c5srV_k,5,One of the guys appears to be falling or being pushed to the ground while the other guy continues to play basketball.,4.0442,,
D4Y3c5srV_k,D4Y3c5srV_k,6,One of the guys jumps to make a shot while the other tries to block it.,4.0442,,
D4Y3c5srV_k,D4Y3c5srV_k,7,One of the guys throws a ball towards the hoop.,4.0442,,
D4Y3c5srV_k,D4Y3c5srV_k,8,One of the guys jumps and attempts a shot while the other dribbles the ball.,4.0442,,
D4Y3c5srV_k,D4Y3c5srV_k,9,One of the guys falls to the ground while attempting to block the other player's move.,4.0442,,
D4Y3c5srV_k,D4Y3c5srV_k,10,One of the guys gets thrown off the court.,4.0442,,
D7iryXC-ThU,D7iryXC-ThU,1,"The video ends with a smile, implying a positive conclusion.",4.0622,,
D7iryXC-ThU,D7iryXC-ThU,2,"The video ends with a close-up of a smiling person, indicating a positive or celebratory moment.",4.0622,,
D7iryXC-ThU,D7iryXC-ThU,3,The video ends with the person expressing that Tom Cruise became one of his most iconic characters through a contractual obligation.,4.0622,,
D7iryXC-ThU,D7iryXC-ThU,4,The video ends with the person being interviewed mentioning that one of the actors turned out to be one of his most iconic characters.,4.0622,,
D7iryXC-ThU,D7iryXC-ThU,5,"By the end of the video, the person states that one of the characters became one of his most iconic.",4.0622,,
D7iryXC-ThU,D7iryXC-ThU,6,The person being interviewed reveals that they never liked each other and that the movie they starred in became one of his most iconic characters.,4.0622,,
D7iryXC-ThU,D7iryXC-ThU,7,"The person discusses their past relationship with Tom Cruise and how it ended up being a contractual obligation, ultimately making one of his characters iconic.",4.0622,,
D7iryXC-ThU,D7iryXC-ThU,8,"By the end of the video, the person expresses that they never liked each other and ended up wanting to do the part, leading to one of his most iconic characters.",4.0622,,
D7iryXC-ThU,D7iryXC-ThU,9,"By the end of the video, the man is seen smiling and the text indicates that one of the characters ended up being one of his most iconic.",4.0622,,
D7iryXC-ThU,D7iryXC-ThU,10,"The video ends with the statement ""ended up one of his most iconic characters.""",4.0622,,
DA6QjibIUac,DA6QjibIUac,1,The elephant walked slowly down the street with its handler.,3.6915,,
DA6QjibIUac,DA6QjibIUac,2,The elephant and its rider passed by the children who were running down the street.,3.6915,,
DA6QjibIUac,DA6QjibIUac,3,"The elephant and its rider continued walking down the street, passing by a yellow sign.",3.6915,,
DA6QjibIUac,DA6QjibIUac,4,The elephant slowly walked down the street as the people on its back observed.,3.6915,,
DA6QjibIUac,DA6QjibIUac,5,An elephant carrying two people approached the children on the street.,3.6915,,
DA6QjibIUac,DA6QjibIUac,6,"After the kids ran down the street, an elephant carrying two people, a man and a woman, followed them closely, eventually catching up to them.",3.6915,,
DA6QjibIUac,DA6QjibIUac,7,An elephant carrying two people on its back was seen walking down the same street.,3.6915,,
DA6QjibIUac,DA6QjibIUac,8,"The elephant passed by the children, who were now running away from it.",3.6915,,
DA6QjibIUac,DA6QjibIUac,9,The elephant continued its journey down the street with its rider.,3.6915,,
DA6QjibIUac,DA6QjibIUac,10,"An elephant carrying people on its back passed by, with a man leading it and a young girl riding on its back.",3.6915,,
DarD_G6Hz4Q,DarD_G6Hz4Q,1,The woman walks away from the door.,3.9443,,
DarD_G6Hz4Q,DarD_G6Hz4Q,2,The woman makes a funny face and laughs.,3.9443,,
DarD_G6Hz4Q,DarD_G6Hz4Q,3,"By the end of the video, the woman exits the room.",3.9443,,
DarD_G6Hz4Q,DarD_G6Hz4Q,4,The person removes their wig and reveals their natural hair.,3.9443,,
DarD_G6Hz4Q,DarD_G6Hz4Q,5,"By the end of the video, the person exits the frame.",3.9443,,
DarD_G6Hz4Q,DarD_G6Hz4Q,6,"The blonde woman in a pink dress and heels stands in front of a ""Barbie"" sign and smiles at the camera.",3.9443,,
DarD_G6Hz4Q,DarD_G6Hz4Q,7,The person is laughing and smiling.,3.9443,,
DarD_G6Hz4Q,DarD_G6Hz4Q,8,The woman in the video is seen laughing and covering her mouth.,3.9443,,
DarD_G6Hz4Q,DarD_G6Hz4Q,9,The woman dances and ends with her blowing a kiss.,3.9443,,
DarD_G6Hz4Q,DarD_G6Hz4Q,10,The video ends with the woman making a gesture with her hand.,3.9443,,
DC4FE3hI67U,DC4FE3hI67U,1,A person is holding a red and white large sign near a car.,3.8177,,
DC4FE3hI67U,DC4FE3hI67U,2,"A person is holding a red and white large sign near a car, possibly preparing to use it for an event or advertisement.",3.8177,,
DC4FE3hI67U,DC4FE3hI67U,3,A person is holding a large red and white sign near a car.,3.8177,,
DC4FE3hI67U,DC4FE3hI67U,4,A person is holding a large red and white sign near a car.,3.8177,,
DC4FE3hI67U,DC4FE3hI67U,5,A person is holding a red and white large sign near a car.,3.8177,,
DC4FE3hI67U,DC4FE3hI67U,6,"A person is holding a red and white large sign near a car, which appears to be a box labeled ""trompe.""",3.8177,,
DC4FE3hI67U,DC4FE3hI67U,7,A person is holding a red and white large sign near a car.,3.8177,,
DC4FE3hI67U,DC4FE3hI67U,8,"A person is holding a red and white sign near a car, possibly indicating a product or service related to the car's engine, as there are cans of what appear to be engine treatments on the car's engine bay.",3.8177,,
DC4FE3hI67U,DC4FE3hI67U,9,The person is holding a red and white large sign near a car.,3.8177,,
DC4FE3hI67U,DC4FE3hI67U,10,A person is holding a red and white large sign near a car.,3.8177,,
Dc4pETr9vGA,Dc4pETr9vGA,1,"The scene transitions to a different setting where a woman in a robe is seen sitting on the floor, and a man is behind her, appearing to be in a playful or intimate interaction.",4.1638,,
Dc4pETr9vGA,Dc4pETr9vGA,2,The scene shifts to a different setting where a person in a bathrobe hugs another person.,4.1638,,
Dc4pETr9vGA,Dc4pETr9vGA,3,The scene transitions to a different setting where a person in a blue robe hugs another individual.,4.1638,,
Dc4pETr9vGA,Dc4pETr9vGA,4,"The scene shifts to show the woman in a robe, now sitting on the man's lap, who is still wearing the suit.",4.1638,,
Dc4pETr9vGA,Dc4pETr9vGA,5,"The scene transitions to show a different setting where the man is now sitting on a bed with a woman who is wrapped in a towel, and they appear to be in a more relaxed and intimate position.",4.1638,,
Dc4pETr9vGA,Dc4pETr9vGA,6,"The scene transitions to a different setting where a man and woman are sitting close together, sharing a tender moment.",4.1638,,
Dc4pETr9vGA,Dc4pETr9vGA,7,"The scene shifts to show a different setting where a man and a woman are sitting together on a couch, with the man holding the woman close.",4.1638,,
Dc4pETr9vGA,Dc4pETr9vGA,8,"The scene transitions to the man sitting on the floor next to a woman who is sitting on a couch, both wearing blue bathrobes.",4.1638,,
Dc4pETr9vGA,Dc4pETr9vGA,9,"The scene transitions to a different setting where the same man is now sitting on the floor with a woman, and they are both wrapped in towels, appearing to share an intimate moment.",4.1638,,
Dc4pETr9vGA,Dc4pETr9vGA,10,"The scene transitions to the same man sitting on the floor, now with a woman in a blue robe sitting next to him.",4.1638,,
DJ18uzDCB9s,DJ18uzDCB9s,1,"The video humorously contrasts the typical and exaggerated methods of applying lipstick, highlighting the stark difference between the two approaches.",3.845,,
DJ18uzDCB9s,DJ18uzDCB9s,2,"The video humorously contrasts the seemingly normal and unconventional ways girls apply lipstick, highlighting the playful and creative aspects of personal grooming.",3.845,,
DJ18uzDCB9s,DJ18uzDCB9s,3,"The video humorously contrasts the way ""normal"" and ""psychopath"" girls apply lipstick, emphasizing the exaggerated and dramatic difference in their approach.",3.845,,
DJ18uzDCB9s,DJ18uzDCB9s,4,"The video humorously contrasts the typical and exaggerated methods of applying lipstick, suggesting that ""psychopath girls"" apply it with more intensity and flair.",3.845,,
DJ18uzDCB9s,DJ18uzDCB9s,5,"The video humorously contrasts the conventional way of applying lipstick with a more exaggerated, playful method, possibly suggesting a lighthearted take on the idea of ""psychopathy"" in a fun, exaggerated context.",3.845,,
DJ18uzDCB9s,DJ18uzDCB9s,6,"The video humorously contrasts the ""normal"" way of applying lipstick with an exaggerated, dramatic ""psychopath"" method.",3.845,,
DJ18uzDCB9s,DJ18uzDCB9s,7,"The video humorously contrasts the typical and exaggerated methods of applying lipstick, highlighting the difference between a normal and a ""psychopathic"" approach.",3.845,,
DJ18uzDCB9s,DJ18uzDCB9s,8,"The video humorously contrasts the conventional and exaggerated methods of applying lipstick, highlighting the playful nature of makeup application.",3.845,,
DJ18uzDCB9s,DJ18uzDCB9s,9,"The video humorously contrasts the typical and exaggerated methods of applying lipstick, suggesting that even those with more dramatic approaches to makeup can still maintain a sense of normalcy.",3.845,,
DJ18uzDCB9s,DJ18uzDCB9s,10,"The video humorously contrasts the typical and exaggerated ways girls apply lipstick, highlighting the playful and sometimes dramatic nature of beauty routines.",3.845,,
DMd-0BLyGhs,DMd-0BLyGhs,1,The man drinks the blueberry juice from the decanter.,3.629,,
DMd-0BLyGhs,DMd-0BLyGhs,2,The man hands the decanter to a woman who is sitting next to him.,3.629,,
DMd-0BLyGhs,DMd-0BLyGhs,3,The man drinks the blueberry juice from the decanter.,3.629,,
DMd-0BLyGhs,DMd-0BLyGhs,4,The man places the decanter on the table.,3.629,,
DMd-0BLyGhs,DMd-0BLyGhs,5,The man drinks the blueberry juice from the decanter.,3.629,,
DMd-0BLyGhs,DMd-0BLyGhs,6,He drinks the blueberry juice from the decanter.,3.629,,
DMd-0BLyGhs,DMd-0BLyGhs,7,The man drinks the blueberry juice from the decanter.,3.629,,
DMd-0BLyGhs,DMd-0BLyGhs,8,He places the decanter on the table and then takes a sip from a water bottle.,3.629,,
DMd-0BLyGhs,DMd-0BLyGhs,9,The man drinks from the decanter.,3.629,,
DMd-0BLyGhs,DMd-0BLyGhs,10,The man drinks from the decanter.,3.629,,
DOm8sdnXqz4,DOm8sdnXqz4,1,"The man and his girlfriend laugh together, and the man playfully dances in the bedroom.",3.9379,,
DOm8sdnXqz4,DOm8sdnXqz4,2,"After the man lays on his girlfriend's stomach, the scene shifts to a man doing a dance in a room with a unique spiral design.",3.9379,,
DOm8sdnXqz4,DOm8sdnXqz4,3,"The scene cuts to a man doing a dance in front of a mirror, with text indicating that his stomach is talking.",3.9379,,
DOm8sdnXqz4,DOm8sdnXqz4,4,"The scene transitions to a man in a room with purple LED lights, appearing to talk or act silly.",3.9379,,
DOm8sdnXqz4,DOm8sdnXqz4,5,"The man starts talking to her stomach, as indicated by the text on the screen.",3.9379,,
DOm8sdnXqz4,DOm8sdnXqz4,6,The man stands up and starts dancing around the room.,3.9379,,
DOm8sdnXqz4,DOm8sdnXqz4,7,"The man starts talking to her stomach, possibly in a humorous or playful manner.",3.9379,,
DOm8sdnXqz4,DOm8sdnXqz4,8,The video then cuts to a man dancing in a room with purple lights.,3.9379,,
DOm8sdnXqz4,DOm8sdnXqz4,9,"The scene transitions to the man in a different setting, now pretending to talk to his girlfriend's stomach as if it's a person.",3.9379,,
DOm8sdnXqz4,DOm8sdnXqz4,10,The man starts dancing around the room with his stomach sticking out.,3.9379,,
DXrUFbDQ0Os,DXrUFbDQ0Os,1,"The video shows a cat in various playful and mischievous actions, including rolling around, jumping, and interacting with other cats.",3.6161,,
DXrUFbDQ0Os,DXrUFbDQ0Os,2,"The video shows various cats engaging in playful and curious behaviors, such as rolling on the floor, jumping, and interacting with each other.",3.6161,,
DXrUFbDQ0Os,DXrUFbDQ0Os,3,"Cats are playfully interacting with each other, showing typical feline behavior such as chasing, pouncing, and expressing curiosity.",3.6161,,
DXrUFbDQ0Os,DXrUFbDQ0Os,4,"The cats are shown in various playful and relaxed positions, with captions adding a humorous and anthropomorphic element to their actions.",3.6161,,
DXrUFbDQ0Os,DXrUFbDQ0Os,5,"The cats in the video are engaging in playful and mischievous activities, such as climbing on furniture and interacting with each other in a humorous manner.",3.6161,,
DXrUFbDQ0Os,DXrUFbDQ0Os,6,"The cats in the video are engaging in playful activities, such as chasing each other, rolling around, and reacting to text overlays that seem to be humorous or nonsensical.",3.6161,,
DXrUFbDQ0Os,DXrUFbDQ0Os,7,Cats are playfully interacting and showing their playful and curious nature.,3.6161,,
DXrUFbDQ0Os,DXrUFbDQ0Os,8,Cats are playfully interacting with each other and reacting to the captions in the video.,3.6161,,
DXrUFbDQ0Os,DXrUFbDQ0Os,9,"Cats are playing, rolling around, and reacting to the text overlaid on the video.",3.6161,,
DXrUFbDQ0Os,DXrUFbDQ0Os,10,"Cats are being playful and energetic, with one jumping on a person and another chasing another cat.",3.6161,,
E0diSOsIyKg,E0diSOsIyKg,1,The last ingredient recommended by the speaker is a small bowl of sauce.,3.9589,,
E0diSOsIyKg,E0diSOsIyKg,2,The last ingredient recommended by the speaker is rice.,3.9589,,
E0diSOsIyKg,E0diSOsIyKg,3,The last ingredient recommended is rice.,3.9589,,
E0diSOsIyKg,E0diSOsIyKg,4,The last ingredient recommended by the speaker is rice.,3.9589,,
E0diSOsIyKg,E0diSOsIyKg,5,The last ingredient recommended by the speaker is a sprinkle of the yellowish seasoning on the rice.,3.9589,,
E0diSOsIyKg,E0diSOsIyKg,6,The last ingredient recommended by the speaker is a sauce that is typically used to enhance the flavor of the dish.,3.9589,,
E0diSOsIyKg,E0diSOsIyKg,7,The last ingredient recommended by the speaker is the rice.,3.9589,,
E0diSOsIyKg,E0diSOsIyKg,8,The last ingredient recommended by the speaker is a sprinkle of finely chopped herbs over the rice.,3.9589,,
E0diSOsIyKg,E0diSOsIyKg,9,The last ingredient recommended by the speaker is the sauce.,3.9589,,
E0diSOsIyKg,E0diSOsIyKg,10,The last ingredient recommended by the speaker is a dipping sauce.,3.9589,,
E0f7GRttANw,E0f7GRttANw,1,"When Spider-Man pulls on the sword, it causes the man to fall backward.",3.5873,,
E0f7GRttANw,E0f7GRttANw,2,"When Spiderman pulls on the sword, the man in the white shirt is knocked over.",3.5873,,
E0f7GRttANw,E0f7GRttANw,3,"Spiderman pulls on the sword, causing it to fly out of his hand.",3.5873,,
E0f7GRttANw,E0f7GRttANw,4,"Spiderman pulls on the sword, causing the man in the white shirt to fall backward.",3.5873,,
E0f7GRttANw,E0f7GRttANw,5,"Spider-Man pulls on the sword, causing the man in the white shirt to fall backward.",3.5873,,
E0f7GRttANw,E0f7GRttANw,6,"Spider-Man pulls on the sword, which causes the other half of the apple to appear on the table.",3.5873,,
E0f7GRttANw,E0f7GRttANw,7,"Spiderman pulls on the sword, causing the man in the white shirt to fall backward.",3.5873,,
E0f7GRttANw,E0f7GRttANw,8,"Spiderman pulls on the sword, which unexpectedly causes the man in the white shirt to fall backward.",3.5873,,
E0f7GRttANw,E0f7GRttANw,9,"Spider-Man pulls on the sword, and the man in the white shirt is startled and falls backward.",3.5873,,
E0f7GRttANw,E0f7GRttANw,10,"Spiderman pulls on the sword, causing it to transform into a pair of black shoes.",3.5873,,
E13zxG7hkdE,E13zxG7hkdE,1,"The man pulls his hand away, indicating that he did not intend to shoot.",3.759,,
E13zxG7hkdE,E13zxG7hkdE,2,"The woman pulls the trigger, but the man is not shot and continues to talk.",3.759,,
E13zxG7hkdE,E13zxG7hkdE,3,The man reacts with surprise and concern as the woman pulls the trigger.,3.759,,
E13zxG7hkdE,E13zxG7hkdE,4,"The man in the black hat is seen holding the gun, indicating a tense standoff.",3.759,,
E13zxG7hkdE,E13zxG7hkdE,5,"The woman lowers the gun, and the man remains still, suggesting a tense standoff.",3.759,,
E13zxG7hkdE,E13zxG7hkdE,6,"The man ducks down, seemingly to avoid being shot.",3.759,,
E13zxG7hkdE,E13zxG7hkdE,7,"The scene transitions to show the man in a different setting, indicating a change in the narrative or a different character interaction.",3.759,,
E13zxG7hkdE,E13zxG7hkdE,8,"The woman pulls the trigger, but the man does not react as if he was hit, suggesting she missed or he was not aiming at him.",3.759,,
E13zxG7hkdE,E13zxG7hkdE,9,The man is taken aback by the woman's action and reacts with surprise.,3.759,,
E13zxG7hkdE,E13zxG7hkdE,10,"After the woman pulls the trigger, the man looks down at his arm, seemingly in pain or surprise.",3.759,,
E21rrcZ86KM,E21rrcZ86KM,1,"Yes, the man's face is visible in the close-up shot during the gameplay.",3.7521,,
E21rrcZ86KM,E21rrcZ86KM,2,"No, the man's face is not visible while the game is being played.",3.7521,,
E21rrcZ86KM,E21rrcZ86KM,3,"No, the man's face is not visible while the game is being played.",3.7521,,
E21rrcZ86KM,E21rrcZ86KM,4,"Yes, the man's face is visible in the close-up shot, but it is not shown while the game is being played.",3.7521,,
E21rrcZ86KM,E21rrcZ86KM,5,"No, the man's face is not visible while the game is being played.",3.7521,,
E21rrcZ86KM,E21rrcZ86KM,6,"No, the man's face is not visible while the game is being played.",3.7521,,
E21rrcZ86KM,E21rrcZ86KM,7,"No, the man's face is not visible while the game is being played.",3.7521,,
E21rrcZ86KM,E21rrcZ86KM,8,"No, the man's face is not visible while the game is being played.",3.7521,,
E21rrcZ86KM,E21rrcZ86KM,9,"Yes, the man's face is visible while the game is being played.",3.7521,,
E21rrcZ86KM,E21rrcZ86KM,10,"No, the man's face is not visible while the game is being played.",3.7521,,
E3hGqRv4_K8,E3hGqRv4_K8,1,Coca-Cola,3.8413,,
E3hGqRv4_K8,E3hGqRv4_K8,2,Coca-Cola was poured down the sink.,3.8413,,
E3hGqRv4_K8,E3hGqRv4_K8,3,Coca Cola was poured down the sink.,3.8413,,
E3hGqRv4_K8,E3hGqRv4_K8,4,Coca Cola was poured down the sink.,3.8413,,
E3hGqRv4_K8,E3hGqRv4_K8,5,Coca-Cola was poured down the sink.,3.8413,,
E3hGqRv4_K8,E3hGqRv4_K8,6,Coca Cola,3.8413,,
E3hGqRv4_K8,E3hGqRv4_K8,7,Coca-Cola was poured down the sink.,3.8413,,
E3hGqRv4_K8,E3hGqRv4_K8,8,Coca-Cola,3.8413,,
E3hGqRv4_K8,E3hGqRv4_K8,9,Coca-Cola.,3.8413,,
E3hGqRv4_K8,E3hGqRv4_K8,10,Coca-Cola was poured down the sink.,3.8413,,
EEfGBodc_OU,EEfGBodc_OU,1,The dog jumps when the character with the purple backpack and blue hair is standing in the grass.,3.9937,,
EEfGBodc_OU,EEfGBodc_OU,2,"The dog jumps in the second frame, as indicated by the dog's raised legs and the movement of its body, suggesting it is mid-jump.",3.9937,,
EEfGBodc_OU,EEfGBodc_OU,3,The dog jumps when the character in the blue shirt throws a purple flower at it.,3.9937,,
EEfGBodc_OU,EEfGBodc_OU,4,"The dog jumps when the character in the blue and white outfit stands up, causing a cloud of purple flowers to appear.",3.9937,,
EEfGBodc_OU,EEfGBodc_OU,5,"The dog jumps after the character in the blue outfit walks away, causing purple flowers to appear around them.",3.9937,,
EEfGBodc_OU,EEfGBodc_OU,6,"The dog jumps after the person with the book throws it, causing the character to react with surprise.",3.9937,,
EEfGBodc_OU,EEfGBodc_OU,7,"The dog jumps after the person with the book throws it, causing the character to fall and land on their back.",3.9937,,
EEfGBodc_OU,EEfGBodc_OU,8,The dog jumps after the character with blue hair and a blue shirt falls to the ground.,3.9937,,
EEfGBodc_OU,EEfGBodc_OU,9,The dog jumps when the character with the backpack approaches it.,3.9937,,
EEfGBodc_OU,EEfGBodc_OU,10,The dog jumps when the character with the book throws it.,3.9937,,
EgChb22PyHg,EgChb22PyHg,1,"The lady is vacuuming her car seats after sitting on it because there are small, white, worm-like creatures, possibly caterpillars, on the seat that she wants to remove.",3.7524,,
EgChb22PyHg,EgChb22PyHg,2,"The lady is vacuuming her car seats after sitting on it to clean the numerous insect parts that have been deposited on the seat, likely from an infestation or an accident.",3.7524,,
EgChb22PyHg,EgChb22PyHg,3,"The lady is vacuuming her car seats to remove the debris, including hair, that accumulated on the seat while she was sitting on it.",3.7524,,
EgChb22PyHg,EgChb22PyHg,4,"The lady is vacuuming her car seats to remove the trash, including worms, that she left behind after sitting on it.",3.7524,,
EgChb22PyHg,EgChb22PyHg,5,"The lady is vacuuming her car seats because there are numerous small insects scattered across the seats, likely attracted by her scent.",3.7524,,
EgChb22PyHg,EgChb22PyHg,6,"The lady is vacuuming her car seats after sitting on it to clean up the debris, likely to maintain the cleanliness and comfort of the car interior.",3.7524,,
EgChb22PyHg,EgChb22PyHg,7,"The lady is vacuuming her car seats to remove the numerous insects that have infested the seat, which is a common issue in some regions, particularly in the summer.",3.7524,,
EgChb22PyHg,EgChb22PyHg,8,"The lady is vacuuming her car seats because she noticed a lot of hair from her head on the seat, indicating that she has recently sat on it, possibly after cutting her hair.",3.7524,,
EgChb22PyHg,EgChb22PyHg,9,"The lady is vacuuming her car seats because there are a lot of insects on it, which she likely noticed after sitting on it.",3.7524,,
EgChb22PyHg,EgChb22PyHg,10,"The lady is vacuuming her car seats because there are numerous bugs scattered across the seat, indicating that she needs to clean the car thoroughly.",3.7524,,
EHJyRw9PDVk,EHJyRw9PDVk,1,"Yes, the stewardess successfully closes the door safely after opening it.",3.5767,,
EHJyRw9PDVk,EHJyRw9PDVk,2,"Yes, the stewardess successfully closes the new door safely.",3.5767,,
EHJyRw9PDVk,EHJyRw9PDVk,3,"Yes, the stewardess successfully closes the new door safely.",3.5767,,
EHJyRw9PDVk,EHJyRw9PDVk,4,"Yes, the stewardess successfully closes the new door safely.",3.5767,,
EHJyRw9PDVk,EHJyRw9PDVk,5,"Yes, the stewardess successfully closes the new door safely.",3.5767,,
EHJyRw9PDVk,EHJyRw9PDVk,6,"Yes, the stewardess successfully closes the new door safely after opening it.",3.5767,,
EHJyRw9PDVk,EHJyRw9PDVk,7,"Yes, the stewardess successfully closes the new door safely.",3.5767,,
EHJyRw9PDVk,EHJyRw9PDVk,8,"Yes, the stewardess closes the door safely after pushing it down and locking it.",3.5767,,
EHJyRw9PDVk,EHJyRw9PDVk,9,"Yes, the stewardess successfully closes the door safely after opening it.",3.5767,,
EHJyRw9PDVk,EHJyRw9PDVk,10,"Yes, the stewardess closes the new door safely after opening it.",3.5767,,
EM5PHPF5TyY,EM5PHPF5TyY,1,"The woman is getting the waist of her skirt tightened to ensure a better fit and to make sure it is secure, possibly after it had come undone.",3.9359,,
EM5PHPF5TyY,EM5PHPF5TyY,2,The woman is getting her waist of her skirt tightened to ensure it fits properly and looks neat.,3.9359,,
EM5PHPF5TyY,EM5PHPF5TyY,3,The woman is getting the waist of her skirt tightened to ensure a better fit and a more comfortable and secure appearance.,3.9359,,
EM5PHPF5TyY,EM5PHPF5TyY,4,The woman is getting the waist of her skirt tightened to ensure it fits properly and is secure.,3.9359,,
EM5PHPF5TyY,EM5PHPF5TyY,5,The woman is getting the waist of her skirt tightened to ensure it fits properly and looks neat.,3.9359,,
EM5PHPF5TyY,EM5PHPF5TyY,6,"The woman is getting the waist of her skirt tightened to ensure it fits properly and looks neat, possibly as part of a dance routine or a casual moment captured in the video.",3.9359,,
EM5PHPF5TyY,EM5PHPF5TyY,7,The woman is getting the waist of her skirt tightened to ensure it fits properly and looks neat.,3.9359,,
EM5PHPF5TyY,EM5PHPF5TyY,8,The woman is getting the waist of her skirt tightened to ensure it fits properly and looks neat.,3.9359,,
EM5PHPF5TyY,EM5PHPF5TyY,9,The woman is getting the waist of her skirt tightened to ensure it fits properly and sits correctly on her waist.,3.9359,,
EM5PHPF5TyY,EM5PHPF5TyY,10,"The woman is getting the waist of her skirt tightened to ensure a proper fit, which can enhance her comfort and the overall look of her outfit.",3.9359,,
Em8AwLDkiJc,Em8AwLDkiJc,1,"The video is a humorous portrayal of someone trying to transform themselves into different characters, indicated by various costume images appearing on the screen, while engaging with a dog on a bed.",4.1616,,
Em8AwLDkiJc,Em8AwLDkiJc,2,"The video humorously demonstrates a person's creative process of dressing up by comparing their outfit to various iconic costumes, as suggested by images appearing above them.",4.1616,,
Em8AwLDkiJc,Em8AwLDkiJc,3,"The video humorously depicts someone trying to create a costume while interacting with their dog, with various costume suggestions appearing on the screen.",4.1616,,
Em8AwLDkiJc,Em8AwLDkiJc,4,"The video humorously depicts a person trying on various superhero costumes, including Spider-Man, Star Wars stormtrooper, and a hoodie with speakers, while interacting playfully with a dog on a bed.",4.1616,,
Em8AwLDkiJc,Em8AwLDkiJc,5,"The video is about a person humorously attempting to transform into various superhero characters, as indicated by the images of Spider-Man, a Star Wars stormtrooper, and a hoodie with speakers.",4.1616,,
Em8AwLDkiJc,Em8AwLDkiJc,6,"The video humorously depicts a person trying on different costumes while a dog lies on a bed, with various costume images and text overlays appearing to guide the costume choices.",4.1616,,
Em8AwLDkiJc,Em8AwLDkiJc,7,"The video is about a person trying to recreate different Marvel costumes using a hoodie, showcasing creativity and fun with a playful dog.",4.1616,,
Em8AwLDkiJc,Em8AwLDkiJc,8,"The video humorously depicts a person trying to transform into different characters by using a hoodie with built-in speakers, as suggested by the text overlays.",4.1616,,
Em8AwLDkiJc,Em8AwLDkiJc,9,"The video humorously depicts a person trying to transform into various superhero characters by changing their outfit, with text overlays suggesting the need for specific costumes and accessories.",4.1616,,
Em8AwLDkiJc,Em8AwLDkiJc,10,The video shows a person on a bed trying to put on a costume while being distracted by their dog.,4.1616,,
EMI_anpHII4,EMI_anpHII4,1,The hand makes a felt Christmas robin ornament.,4.1624,,
EMI_anpHII4,EMI_anpHII4,2,The hand makes a paper bird ornament.,4.1624,,
EMI_anpHII4,EMI_anpHII4,3,The hand makes a felt Christmas ornament of a robin.,4.1624,,
EMI_anpHII4,EMI_anpHII4,4,"The hand makes a paper bird ornament with a red chest, brown body, and blue feet.",4.1624,,
EMI_anpHII4,EMI_anpHII4,5,"The hand makes a paper bird ornament with a red chest and brown body, complete with googly eyes and a beak.",4.1624,,
EMI_anpHII4,EMI_anpHII4,6,The hand makes a paper bird decoration.,4.1624,,
EMI_anpHII4,EMI_anpHII4,7,The hand makes a decorative Christmas ornament shaped like a robin.,4.1624,,
EMI_anpHII4,EMI_anpHII4,8,The hand makes a felt bird ornament.,4.1624,,
EMI_anpHII4,EMI_anpHII4,9,The hand makes a paper robin decoration for a Christmas tree.,4.1624,,
EMI_anpHII4,EMI_anpHII4,10,The hand makes a paper Christmas robin ornament.,4.1624,,
EmOrZ-Q_nDk,EmOrZ-Q_nDk,1,We see the man's hand when he is opening the cage door to release the crocodile.,4.0799,,
EmOrZ-Q_nDk,EmOrZ-Q_nDk,2,"The man's hand appears in the video as he is holding a small, fluffy animal, possibly a puppy, in his arms.",4.0799,,
EmOrZ-Q_nDk,EmOrZ-Q_nDk,3,The man's hand is visible when he is holding the crocodile's head and showing its tear duct.,4.0799,,
EmOrZ-Q_nDk,EmOrZ-Q_nDk,4,"We see the man's hand as he interacts with the crocodile, gently touching its eye.",4.0799,,
EmOrZ-Q_nDk,EmOrZ-Q_nDk,5,"The man's hand is seen at the beginning of the video, holding a camera.",4.0799,,
EmOrZ-Q_nDk,EmOrZ-Q_nDk,6,"The man's hand is seen in the first frame, where he is touching the crocodile's head.",4.0799,,
EmOrZ-Q_nDk,EmOrZ-Q_nDk,7,We see the man's hand when he is feeding the crocodile.,4.0799,,
EmOrZ-Q_nDk,EmOrZ-Q_nDk,8,The man's hand is not visible in the provided image.,4.0799,,
EmOrZ-Q_nDk,EmOrZ-Q_nDk,9,The man's hand is visible when he is feeding the crocodile in the video.,4.0799,,
EmOrZ-Q_nDk,EmOrZ-Q_nDk,10,"The man's hand is seen in the first frame of the video, where it is touching the surface of a wall.",4.0799,,
EOLgGCKwo4w,EOLgGCKwo4w,1,"A large, rusted, and abandoned military tank was discovered in a large hole on the side of a mountain.",4.1747,,
EOLgGCKwo4w,EOLgGCKwo4w,2,An old military tank was found on the side of a mountain in a large hole.,4.1747,,
EOLgGCKwo4w,EOLgGCKwo4w,3,"An old, rusty tank was discovered inside a large hole on the side of a mountain.",4.1747,,
EOLgGCKwo4w,EOLgGCKwo4w,4,A rusted tank was found on the side of a mountain in a large hole.,4.1747,,
EOLgGCKwo4w,EOLgGCKwo4w,5,A rusted tank was discovered in a large hole on the side of a mountain.,4.1747,,
EOLgGCKwo4w,EOLgGCKwo4w,6,"A large piece of machinery, possibly a tank, was found on the side of a mountain in a large hole.",4.1747,,
EOLgGCKwo4w,EOLgGCKwo4w,7,An old rusty tank was found on the side of a mountain in a large hole.,4.1747,,
EOLgGCKwo4w,EOLgGCKwo4w,8,An old rusty cannon was found on the side of a mountain in a large hole.,4.1747,,
EOLgGCKwo4w,EOLgGCKwo4w,9,A large artillery gun was found on the side of a mountain in a large hole.,4.1747,,
EOLgGCKwo4w,EOLgGCKwo4w,10,A large tank was found in a large hole on the side of a mountain.,4.1747,,
EQe8l1qXDjU,EQe8l1qXDjU,1,"The guy's look is distinguished by his formal attire, including a dark blue suit and a matching blue turban, complemented by a gold chain, which gives a sophisticated and ethnic appearance.",3.8131,,
EQe8l1qXDjU,EQe8l1qXDjU,2,"The guy's look is distinguished by his sharp, dark blue traditional outfit, paired with a black mask, and he steps confidently from a luxury vehicle.",3.8131,,
EQe8l1qXDjU,EQe8l1qXDjU,3,"The guy's look is distinguished by his formal, stylish attire, including a navy blue suit and a beard, which gives him a sophisticated and polished appearance.",3.8131,,
EQe8l1qXDjU,EQe8l1qXDjU,4,"The guy's look is distinguished by his dark blue traditional outfit and matching turban, exuding a sophisticated and traditional aesthetic.",3.8131,,
EQe8l1qXDjU,EQe8l1qXDjU,5,"The guy's look is distinguished by his sharp, navy-blue traditional attire, complete with a matching turban and black loafers, exuding a sophisticated and elegant style.",3.8131,,
EQe8l1qXDjU,EQe8l1qXDjU,6,"The man's look is distinguished by his navy blue traditional attire, which is complemented by his confident demeanor as he steps out of the vehicle.",3.8131,,
EQe8l1qXDjU,EQe8l1qXDjU,7,"The guy's look is distinguished by his dark blue suit and formal attire, complemented by the sleek, black limousine and the setting of an upscale event.",3.8131,,
EQe8l1qXDjU,EQe8l1qXDjU,8,"The guy's look is distinguished by his formal attire, including a blue suit and black shoes, which are complemented by the sleek black and white car he exits from.",3.8131,,
EQe8l1qXDjU,EQe8l1qXDjU,9,"The guy's look is distinguished by his formal attire, consisting of a blue suit, which gives him a polished and sophisticated appearance.",3.8131,,
EQe8l1qXDjU,EQe8l1qXDjU,10,"The guy's look is distinguished by his formal attire, consisting of a blue suit and a matching turban, complemented by a watch, which is emphasized by the text overlay encouraging viewers to get the same look.",3.8131,,
ErY8-ZYQzAI,ErY8-ZYQzAI,1,"When traffic lights are out due to a power shortage in a major city, drivers and pedestrians must rely on other signals and rules for safe navigation of the streets.",4.2574,,
ErY8-ZYQzAI,ErY8-ZYQzAI,2,"When there is a power shortage in a major city and the traffic lights are out, vehicles and pedestrians might be confused and potentially lead to chaotic traffic conditions, as seen in the video where people are crossing the street without traffic lights and cars are navigating around them.",4.2574,,
ErY8-ZYQzAI,ErY8-ZYQzAI,3,"When traffic lights are out due to a power shortage, vehicles and pedestrians have to rely on traffic signs and signals, and people may start dancing in the street, creating a chaotic and unpredictable scene.",4.2574,,
ErY8-ZYQzAI,ErY8-ZYQzAI,4,"When there is a power shortage in a major city and the traffic lights are out, the streets become chaotic with cars and pedestrians moving freely, sometimes leading to accidents and disruptions in traffic flow.",4.2574,,
ErY8-ZYQzAI,ErY8-ZYQzAI,5,"When traffic lights are out due to a power shortage in a major city, drivers and pedestrians often have to rely on traffic signals or stop signs for guidance, leading to potential traffic congestion and accidents as people navigate the streets without the usual regulatory system.",4.2574,,
ErY8-ZYQzAI,ErY8-ZYQzAI,6,"When there is a power shortage in a major city and the traffic lights are out, traffic becomes chaotic as drivers and pedestrians have to rely on common sense and coordination to navigate the streets safely.",4.2574,,
ErY8-ZYQzAI,ErY8-ZYQzAI,7,"In a major city with power shortages and out traffic lights, people and vehicles move freely and interact without the usual traffic control, leading to a chaotic scene.",4.2574,,
ErY8-ZYQzAI,ErY8-ZYQzAI,8,"When there is a power shortage in a major city and the traffic lights are out, people and vehicles often navigate the streets without the guidance of traffic lights, leading to a chaotic mix of pedestrians, cyclists, and cars on the road.",4.2574,,
ErY8-ZYQzAI,ErY8-ZYQzAI,9,"When there is a power shortage in a major city and the traffic lights are out, people often begin to dance in the streets, creating an impromptu celebration.",4.2574,,
ErY8-ZYQzAI,ErY8-ZYQzAI,10,"In a major city with a power shortage and out traffic lights, the streets become chaotic as people and vehicles navigate the intersections without signals, leading to potential accidents and gridlock.",4.2574,,
EtNOkUJd5w8,EtNOkUJd5w8,1,The man put two orange basketballs on the wall before he put little orange balls in the basket.,3.558,,
EtNOkUJd5w8,EtNOkUJd5w8,2,The man placed a basketball on the wall and a mini basketball hoop below it.,3.558,,
EtNOkUJd5w8,EtNOkUJd5w8,3,The man placed a basketball on the wall-mounted basketball hoop.,3.558,,
EtNOkUJd5w8,EtNOkUJd5w8,4,The man placed a basketball-shaped doorknob on the door and then hung a small basketball-shaped door stopper next to it.,3.558,,
EtNOkUJd5w8,EtNOkUJd5w8,5,The man hung a small basketball on the door and then added two more basketballs next to it.,3.558,,
EtNOkUJd5w8,EtNOkUJd5w8,6,The man put a basketball on the wall and then sprayed it with a blue liquid before placing the little orange balls in the basket.,3.558,,
EtNOkUJd5w8,EtNOkUJd5w8,7,The man placed a basketball on the door handle and then placed another basketball above the handle.,3.558,,
EtNOkUJd5w8,EtNOkUJd5w8,8,The man placed a basketball on the wall and a bottle of soda near the basketball hoop.,3.558,,
EtNOkUJd5w8,EtNOkUJd5w8,9,The man placed a basketball-shaped doorknob on the door and hung a small basketball-shaped magnet on the wall.,3.558,,
EtNOkUJd5w8,EtNOkUJd5w8,10,The man placed a silver basketball-shaped door knob on the door before putting the little orange balls in the basket.,3.558,,
EWLcSgJT6ZU,EWLcSgJT6ZU,1,The big fish eats the little fish.,3.9193,,
EWLcSgJT6ZU,EWLcSgJT6ZU,2,The big fish jumps out of the water and the little fish is splashed into the air.,3.9193,,
EWLcSgJT6ZU,EWLcSgJT6ZU,3,"The big fish catches the little fish, leading to a splash of water and the fisherman's excitement.",3.9193,,
EWLcSgJT6ZU,EWLcSgJT6ZU,4,The big fish catches the little fish and they both splashing water.,3.9193,,
EWLcSgJT6ZU,EWLcSgJT6ZU,5,"The big fish catches the little fish, resulting in a splash.",3.9193,,
EWLcSgJT6ZU,EWLcSgJT6ZU,6,"The big fish catches the little fish, causing a splash and excitement.",3.9193,,
EWLcSgJT6ZU,EWLcSgJT6ZU,7,The big fish catches the little fish and they both splash into the water.,3.9193,,
EWLcSgJT6ZU,EWLcSgJT6ZU,8,The big fish catches the little fish and splashes water around.,3.9193,,
EWLcSgJT6ZU,EWLcSgJT6ZU,9,The big fish catches the little fish and the man is surprised.,3.9193,,
EWLcSgJT6ZU,EWLcSgJT6ZU,10,The little fish is pulled up and the big fish is caught.,3.9193,,
Exf6rtBYbHc,Exf6rtBYbHc,1,The watermelon is placed in the refrigerator and later retrieved by a person.,3.5883,,
Exf6rtBYbHc,Exf6rtBYbHc,2,The watermelon is placed in the refrigerator and then taken out.,3.5883,,
Exf6rtBYbHc,Exf6rtBYbHc,3,"The watermelon is placed in the refrigerator, and a yellow emoji with a happy face appears on the screen.",3.5883,,
Exf6rtBYbHc,Exf6rtBYbHc,4,"A yellow duck with a happy face is seen inside the refrigerator, sitting on top of a watermelon.",3.5883,,
Exf6rtBYbHc,Exf6rtBYbHc,5,"The watermelon is placed in the refrigerator and later seen on a table, with a small toy fish floating on it.",3.5883,,
Exf6rtBYbHc,Exf6rtBYbHc,6,The watermelon is placed in the refrigerator and a toy lemon is added to it.,3.5883,,
Exf6rtBYbHc,Exf6rtBYbHc,7,A small yellow toy turtle is placed on top of the watermelon in the refrigerator.,3.5883,,
Exf6rtBYbHc,Exf6rtBYbHc,8,"The watermelon is cut in half and placed in the refrigerator, where a small, happy yellow creature is seen inside it.",3.5883,,
Exf6rtBYbHc,Exf6rtBYbHc,9,The watermelon is placed back into the refrigerator with its seed still inside.,3.5883,,
Exf6rtBYbHc,Exf6rtBYbHc,10,The watermelon is placed in the refrigerator and later a person takes it out to eat.,3.5883,,
EXyKi67lE74,EXyKi67lE74,1,"The video ends with a man in a red hoodie and a bearded man, suggesting a connection or group dynamic.",3.8155,,
EXyKi67lE74,EXyKi67lE74,2,"The video ends with a close-up of a man in a red hoodie with the text ""Me and my followers"" displayed.",3.8155,,
EXyKi67lE74,EXyKi67lE74,3,"The video ends with a close-up of a person wearing a red hoodie and a text overlay that reads ""Me and my followers.""",3.8155,,
EXyKi67lE74,EXyKi67lE74,4,"The video ends with a man wearing a red hoodie with the text ""Me and my followers"" displayed above his head.",3.8155,,
EXyKi67lE74,EXyKi67lE74,5,"The video ends with a person in a red hoodie and cap, with the text ""Me and my followers"" displayed.",3.8155,,
EXyKi67lE74,EXyKi67lE74,6,"The video ends with a man in a suit and tie looking directly at the camera with the text ""Me and my followers"".",3.8155,,
EXyKi67lE74,EXyKi67lE74,7,"The video ends with a close-up of a man in a red hoodie, followed by another close-up of a man in a suit, both with the text ""Me and my followers.""",3.8155,,
EXyKi67lE74,EXyKi67lE74,8,"The video ends with a person wearing a red hoodie and a text overlay that says ""Me and my followers.""",3.8155,,
EXyKi67lE74,EXyKi67lE74,9,"The video ends with a close-up of a man in a red hoodie with the text ""Me and my followers,"" followed by a sequence of men in suits with the same text.",3.8155,,
EXyKi67lE74,EXyKi67lE74,10,"The video ends with a man in a red hoodie looking directly at the camera, suggesting a sense of confrontation or acknowledgment.",3.8155,,
EYZnLuU5XCE,EYZnLuU5XCE,1,"The common thread in the pictures is that they all feature young people in casual poses, seemingly enjoying their time outdoors or in a relaxed setting.",3.7792,,
EYZnLuU5XCE,EYZnLuU5XCE,2,"Yes, the common thread is that the pictures feature young people in casual settings, possibly sharing a social media experience, as indicated by the TikTok watermark and the text overlays.",3.7792,,
EYZnLuU5XCE,EYZnLuU5XCE,3,"Yes, the common thread is that all the individuals in the pictures are young people, possibly friends or part of a group, engaging in casual activities.",3.7792,,
EYZnLuU5XCE,EYZnLuU5XCE,4,"Yes, the common thread in the series of pictures is that they all feature young people in casual, social settings.",3.7792,,
EYZnLuU5XCE,EYZnLuU5XCE,5,"The common thread in the pictures is that they all feature young people in casual settings, often in a social or public environment.",3.7792,,
EYZnLuU5XCE,EYZnLuU5XCE,6,"Yes, the common thread is that all the people in the pictures are young and casually dressed, suggesting a focus on youth and casual lifestyle.",3.7792,,
EYZnLuU5XCE,EYZnLuU5XCE,7,"Yes, the common thread in the series of pictures is that they all feature young people in casual, everyday settings.",3.7792,,
EYZnLuU5XCE,EYZnLuU5XCE,8,"Yes, the common thread in the pictures is that they all feature young people in casual, relaxed poses, suggesting a theme of youth and leisure.",3.7792,,
EYZnLuU5XCE,EYZnLuU5XCE,9,"Yes, the common thread is that the pictures show young people in casual poses, suggesting a theme of youth and leisure.",3.7792,,
EYZnLuU5XCE,EYZnLuU5XCE,10,"Yes, the common thread in the pictures is that they all depict young people in casual, relaxed poses, possibly indicating a social or personal gathering.",3.7792,,
EZMT3xxIGt8,EZMT3xxIGt8,1,"No, the video is a comedic portrayal of telling a girlfriend about a significant ring purchase, and the amount is exaggerated for dramatic effect.",3.6841,,
EZMT3xxIGt8,EZMT3xxIGt8,2,The video does not provide information about whether the amount spent is accurate.,3.6841,,
EZMT3xxIGt8,EZMT3xxIGt8,3,"No, the text on the screen is likely part of the video's narrative and not a true reflection of the actual cost.",3.6841,,
EZMT3xxIGt8,EZMT3xxIGt8,4,"No, it seems like the video is a comedic take on the situation rather than a true account of the cost.",3.6841,,
EZMT3xxIGt8,EZMT3xxIGt8,5,"No, the video does not provide enough information to confirm if he paid $20,000 or not.",3.6841,,
EZMT3xxIGt8,EZMT3xxIGt8,6,"No, the video is a humorous exaggeration.",3.6841,,
EZMT3xxIGt8,EZMT3xxIGt8,7,"No, the text suggests he is telling his girlfriend he spent $20,000 on an engagement ring, but it doesn't confirm if he actually did.",3.6841,,
EZMT3xxIGt8,EZMT3xxIGt8,8,"The video does not provide enough information to determine if the man actually spent $20,000 on the engagement ring.",3.6841,,
EZMT3xxIGt8,EZMT3xxIGt8,9,"No, the video does not provide any information to suggest that he really paid $20,000.",3.6841,,
EZMT3xxIGt8,EZMT3xxIGt8,10,"The video does not provide any information about the actual cost of the ring, only that he is telling his girlfriend he spent $20,000 on an engagement ring.",3.6841,,
EZTAaKkHKyg,EZTAaKkHKyg,1,A lime is squeezed into a bag of Kurkure Masala Munchies and then placed on a small plate.,3.957,,
EZTAaKkHKyg,EZTAaKkHKyg,2,A lemon is squeezed into a bag of Kurkure Masala Munchies and then placed on a small plate.,3.957,,
EZTAaKkHKyg,EZTAaKkHKyg,3,A lime is squeezed into a bag of Kurkure Masala Munchies and then placed on a small plate.,3.957,,
EZTAaKkHKyg,EZTAaKkHKyg,4,A lemon is squeezed into a bag of Kurkure Masala Munchies and then placed on a small plate.,3.957,,
EZTAaKkHKyg,EZTAaKkHKyg,5,A lime is squeezed into a bag of Kurkure Masala Munchies and placed on a small plate.,3.957,,
EZTAaKkHKyg,EZTAaKkHKyg,6,A lemon is squeezed into a bag of Kurkure Masala Munchies and then placed on a small plate.,3.957,,
EZTAaKkHKyg,EZTAaKkHKyg,7,"A pickle is squeezed into a bag of chips, then placed on a small plate.",3.957,,
EZTAaKkHKyg,EZTAaKkHKyg,8,A lemon is squeezed into a bag of Kurkure chips and placed on a small plate.,3.957,,
EZTAaKkHKyg,EZTAaKkHKyg,9,"A pickle is squeezed into a bag of Kurkure Masala Munchies, then placed on a small plate.",3.957,,
EZTAaKkHKyg,EZTAaKkHKyg,10,A lemon is squeezed into a bag of Kurkure Masala Munchies and then placed on a small plate.,3.957,,
F2OEdOzce5g,F2OEdOzce5g,1,There is more kicking than boxing in the video.,3.8502,,
F2OEdOzce5g,F2OEdOzce5g,2,"There is more kicking in the video, with the two men practicing their kicks in front of a referee.",3.8502,,
F2OEdOzce5g,F2OEdOzce5g,3,There is more kicking in the video.,3.8502,,
F2OEdOzce5g,F2OEdOzce5g,4,There is more kicking in the video.,3.8502,,
F2OEdOzce5g,F2OEdOzce5g,5,There is more kicking in the video.,3.8502,,
F2OEdOzce5g,F2OEdOzce5g,6,"There is more kicking in the video, as both men are engaged in kick-boxing, which includes both kicking and boxing techniques.",3.8502,,
F2OEdOzce5g,F2OEdOzce5g,7,There is more kicking in the video.,3.8502,,
F2OEdOzce5g,F2OEdOzce5g,8,There is more kicking in the video.,3.8502,,
F2OEdOzce5g,F2OEdOzce5g,9,There is more kicking in the video.,3.8502,,
F2OEdOzce5g,F2OEdOzce5g,10,"There is more kicking in the video, as the two men are primarily engaged in kick-boxing techniques.",3.8502,,
F3JpwuSKkMc,F3JpwuSKkMc,1,"No, I have not seen this stunt performed in real life.",4.1724,,
F3JpwuSKkMc,F3JpwuSKkMc,2,"No, I have not seen this stunt performed in real life, as it appears to be a cartoon or animated depiction.",4.1724,,
F3JpwuSKkMc,F3JpwuSKkMc,3,"No, I haven't seen this stunt performed in real life, but it appears to be a scene from an animated video game or animation where a character is performing a skateboard trick on a ramp and then sliding down a wall, which results in a fall.",4.1724,,
F3JpwuSKkMc,F3JpwuSKkMc,4,"No, I have not seen this stunt performed.",4.1724,,
F3JpwuSKkMc,F3JpwuSKkMc,5,"No, I have not seen this stunt performed.",4.1724,,
F3JpwuSKkMc,F3JpwuSKkMc,6,"No, this stunt is not a real-life scenario and appears to be an animation or video game representation.",4.1724,,
F3JpwuSKkMc,F3JpwuSKkMc,7,"No, I have not seen this stunt performed in real life, but it appears to be a digital animation.",4.1724,,
F3JpwuSKkMc,F3JpwuSKkMc,8,"No, the video depicts a cartoon character performing a skateboard trick, which is not a real stunt.",4.1724,,
F3JpwuSKkMc,F3JpwuSKkMc,9,"No, I haven't seen this stunt performed in real life.",4.1724,,
F3JpwuSKkMc,F3JpwuSKkMc,10,"No, this stunt is a 3D animated scene and has not been performed in real life.",4.1724,,
F3qE951zzqA,F3qE951zzqA,1,The third kitten jumps down the stairs after the first two.,3.4614,,
F3qE951zzqA,F3qE951zzqA,2,"The third kitten stays behind, confused about where Kenneth is.",3.4614,,
F3qE951zzqA,F3qE951zzqA,3,The third kitten follows the first two kittens down the stairs.,3.4614,,
F3qE951zzqA,F3qE951zzqA,4,The third kitten falls down the stairs.,3.4614,,
F3qE951zzqA,F3qE951zzqA,5,The third kitten follows the first two down the stairs.,3.4614,,
F3qE951zzqA,F3qE951zzqA,6,The third kitten hesitates and then quickly descends down the stairs.,3.4614,,
F3qE951zzqA,F3qE951zzqA,7,The third kitten follows the first two down the stairs.,3.4614,,
F3qE951zzqA,F3qE951zzqA,8,The third kitten falls and then hops down the stairs as well.,3.4614,,
F3qE951zzqA,F3qE951zzqA,9,The third kitten follows the other two kittens down the stairs.,3.4614,,
F3qE951zzqA,F3qE951zzqA,10,"The third kitten sits on the stairs, seemingly stuck or paused, before eventually starting to descend.",3.4614,,
F4MPMa8-Hzg,F4MPMa8-Hzg,1,The dots on top of the cake are red.,3.8002,,
F4MPMa8-Hzg,F4MPMa8-Hzg,2,The dots on top of the cake are red.,3.8002,,
F4MPMa8-Hzg,F4MPMa8-Hzg,3,The dots on top of the cake are red.,3.8002,,
F4MPMa8-Hzg,F4MPMa8-Hzg,4,The dots on top of the cake are red.,3.8002,,
F4MPMa8-Hzg,F4MPMa8-Hzg,5,The dots on top of the cake are red.,3.8002,,
F4MPMa8-Hzg,F4MPMa8-Hzg,6,The dots on top of the cake are red.,3.8002,,
F4MPMa8-Hzg,F4MPMa8-Hzg,7,The dots on top of the cake are red.,3.8002,,
F4MPMa8-Hzg,F4MPMa8-Hzg,8,The dots on top of the cake are red.,3.8002,,
F4MPMa8-Hzg,F4MPMa8-Hzg,9,The dots on top of the cake are red.,3.8002,,
F4MPMa8-Hzg,F4MPMa8-Hzg,10,The dots on top of the cake are red.,3.8002,,
F5NMK2TRzyY,F5NMK2TRzyY,1,A diver is demonstrating his underwater swimming technique and control in a swimming pool.,3.8616,,
F5NMK2TRzyY,F5NMK2TRzyY,2,A diver is demonstrating their underwater swimming technique in a swimming pool.,3.8616,,
F5NMK2TRzyY,F5NMK2TRzyY,3,The diver is demonstrating proper swimming techniques and the use of a diving board in a swimming pool.,3.8616,,
F5NMK2TRzyY,F5NMK2TRzyY,4,"The diver is demonstrating a swimming technique, specifically a crawl stroke, as they move through the water.",3.8616,,
F5NMK2TRzyY,F5NMK2TRzyY,5,A diver is demonstrating swimming techniques in a swimming pool.,3.8616,,
F5NMK2TRzyY,F5NMK2TRzyY,6,A diver is demonstrating how to swim underwater in a swimming pool.,3.8616,,
F5NMK2TRzyY,F5NMK2TRzyY,7,A diver is demonstrating his swimming skills and techniques underwater in a swimming pool.,3.8616,,
F5NMK2TRzyY,F5NMK2TRzyY,8,A diver is demonstrating how to swim underwater in a swimming pool.,3.8616,,
F5NMK2TRzyY,F5NMK2TRzyY,9,The diver is demonstrating his underwater swimming technique and speed.,3.8616,,
F5NMK2TRzyY,F5NMK2TRzyY,10,The diver is demonstrating his swimming technique underwater in a swimming pool.,3.8616,,
FAJK7_Yr1UM,FAJK7_Yr1UM,1,"The motorcyclists are touching hands as a gesture of camaraderie and unity, which is a common practice among motorcycle enthusiasts during rides.",3.7977,,
FAJK7_Yr1UM,FAJK7_Yr1UM,2,The motorcyclists touch hands as a gesture of camaraderie and mutual support while navigating through heavy traffic.,3.7977,,
FAJK7_Yr1UM,FAJK7_Yr1UM,3,"The motorcyclists touch hands as a gesture of camaraderie and mutual support, which is common in motorcycle culture to signal solidarity and encouragement.",3.7977,,
FAJK7_Yr1UM,FAJK7_Yr1UM,4,The motorcyclists touch hands to greet or acknowledge each other while waiting in traffic.,3.7977,,
FAJK7_Yr1UM,FAJK7_Yr1UM,5,"The motorcyclists touch hands as a gesture of camaraderie or to signal their connection as part of a group or club, enhancing their bond and showing mutual respect during their ride.",3.7977,,
FAJK7_Yr1UM,FAJK7_Yr1UM,6,"The motorcyclists touch hands to signal to each other and coordinate their movements, likely to navigate through heavy traffic efficiently.",3.7977,,
FAJK7_Yr1UM,FAJK7_Yr1UM,7,The motorcyclists touch hands to show camaraderie and mutual respect while navigating through traffic.,3.7977,,
FAJK7_Yr1UM,FAJK7_Yr1UM,8,The motorcyclists touch hands as a gesture of camaraderie and unity while navigating through the traffic.,3.7977,,
FAJK7_Yr1UM,FAJK7_Yr1UM,9,"The motorcyclists touch hands to greet or communicate with each other, which is a common practice among riders.",3.7977,,
FAJK7_Yr1UM,FAJK7_Yr1UM,10,The motorcyclists touch hands to signal a friendly greeting or acknowledgment to each other.,3.7977,,
FBD7bvFnshE,FBD7bvFnshE,1,"The video is about a woman's journey and significant moments in her life, including her rise to fame, winning a Grammy, and making a public decision to kiss Charlie Puth.",4.179,,
FBD7bvFnshE,FBD7bvFnshE,2,"The video humorously dramatizes significant events in a person's life, such as a song reaching number one, winning a Grammy, and making a national television appearance, all in a dance studio setting.",4.179,,
FBD7bvFnshE,FBD7bvFnshE,3,"The video is a humorous take on the achievements of a fictional person, including a song reaching number one in 2014, winning a Grammy in 2016, and making a public decision to kiss Charlie Puth on national television in 2015.",4.179,,
FBD7bvFnshE,FBD7bvFnshE,4,"The video is a humorous and exaggerated portrayal of a woman's achievements, including her Grammy win, her decision to kiss Charlie Puth on national television, and her song ""All About That Bass"" hitting #1 in 2014.",4.179,,
FBD7bvFnshE,FBD7bvFnshE,5,"The video humorously portrays a person mimicking various iconic moments in pop culture, such as the success of ""All About That Bass"" in 2014, winning a Grammy in 2016, and making a significant decision on national television in 2015, all set against the backdrop",4.179,,
FBD7bvFnshE,FBD7bvFnshE,6,"The video humorously depicts the journey of a woman from 2014 to 2016, highlighting significant achievements and events of the year.",4.179,,
FBD7bvFnshE,FBD7bvFnshE,7,"The video is a humorous take on significant events in a person's life, such as winning a Grammy in 2016 and making a decision to kiss Charlie Puth on national television in 2015, as indicated by the text overlays.",4.179,,
FBD7bvFnshE,FBD7bvFnshE,8,"The video humorously depicts a person's career highlights, including a song's chart position, a Grammy win, and a decision made on television.",4.179,,
FBD7bvFnshE,FBD7bvFnshE,9,"The video is about a person's achievements and milestones, including winning a Grammy in 2016.",4.179,,
FBD7bvFnshE,FBD7bvFnshE,10,"The video humorously depicts a woman's journey through a series of significant events in her life, as indicated by the text overlays, in a dance studio setting.",4.179,,
FDE7PCGMASA,FDE7PCGMASA,1,"No, the venus flytrap is not poisonous to humans; it is only toxic to insects.",4.09,,
FDE7PCGMASA,FDE7PCGMASA,2,"No, the venus flytrap is not poisonous to humans.",4.09,,
FDE7PCGMASA,FDE7PCGMASA,3,"No, the venus flytrap is not poisonous to humans; it is safe to touch.",4.09,,
FDE7PCGMASA,FDE7PCGMASA,4,"No, the venus flytrap is not poisonous to humans. It is a carnivorous plant that feeds on insects and small arthropods, not humans.",4.09,,
FDE7PCGMASA,FDE7PCGMASA,5,"No, the venus flytrap is not poisonous to humans.",4.09,,
FDE7PCGMASA,FDE7PCGMASA,6,"No, the venus flytrap is not poisonous to humans.",4.09,,
FDE7PCGMASA,FDE7PCGMASA,7,"No, the venus flytrap is not poisonous to humans. It is a carnivorous plant that uses its leaves to capture and digest insects.",4.09,,
FDE7PCGMASA,FDE7PCGMASA,8,"No, the venus flytrap is not poisonous to humans; it is a carnivorous plant that uses its traps to catch and digest insects.",4.09,,
FDE7PCGMASA,FDE7PCGMASA,9,"No, the venus flytrap is not poisonous to humans.",4.09,,
FDE7PCGMASA,FDE7PCGMASA,10,"No, the venus flytrap is not poisonous to humans. It is a carnivorous plant that uses its traps to capture and digest insects, but it does not harm humans.",4.09,,
FDF2NCm5WCA,FDF2NCm5WCA,1,"The modified marker used to write ""Action"" has orange and black colors.",3.9452,,
FDF2NCm5WCA,FDF2NCm5WCA,2,"The modified marker used to write ""Action"" has a red body and an orange tip.",3.9452,,
FDF2NCm5WCA,FDF2NCm5WCA,3,"The modified marker used to write ""Action"" has orange and black colors.",3.9452,,
FDF2NCm5WCA,FDF2NCm5WCA,4,"The modified marker used to write ""Action"" has orange and black colors.",3.9452,,
FDF2NCm5WCA,FDF2NCm5WCA,5,The modified marker has an orange body and a black tip.,3.9452,,
FDF2NCm5WCA,FDF2NCm5WCA,6,"The modified marker used to write ""Action"" has an orange body and a black tip.",3.9452,,
FDF2NCm5WCA,FDF2NCm5WCA,7,"The modified marker the hand uses to write ""Action"" has a red body and an orange tip.",3.9452,,
FDF2NCm5WCA,FDF2NCm5WCA,8,The modified marker has orange and black colors.,3.9452,,
FDF2NCm5WCA,FDF2NCm5WCA,9,"The modified marker the hand uses to write ""Action"" has orange and black colors.",3.9452,,
FDF2NCm5WCA,FDF2NCm5WCA,10,"The modified marker the hand uses to write ""Action"" has an orange body and a black tip.",3.9452,,
FIQJYK5nH_E,FIQJYK5nH_E,1,"A young man enters a classroom holding a saxophone and a backpack while wearing a cap, seemingly suspended for his actions.",3.8405,,
FIQJYK5nH_E,FIQJYK5nH_E,2,A young man enters a classroom carrying a saxophone and a large blue backpack.,3.8405,,
FIQJYK5nH_E,FIQJYK5nH_E,3,A young man enters a classroom with a saxophone strapped to his back.,3.8405,,
FIQJYK5nH_E,FIQJYK5nH_E,4,"The young man enters the classroom carrying a saxophone and a backpack, which is an unusual combination for a typical school setting.",3.8405,,
FIQJYK5nH_E,FIQJYK5nH_E,5,"A young man enters the classroom with a saxophone, wearing a blue backpack, and a hat, while holding a phone, suggesting a humorous or unexpected??????.",3.8405,,
FIQJYK5nH_E,FIQJYK5nH_E,6,A young man enters a classroom playing a saxophone while holding a large blue backpack.,3.8405,,
FIQJYK5nH_E,FIQJYK5nH_E,7,"A young man enters a classroom with a saxophone slung over his shoulders, which seems unusual and potentially disruptive, leading to a suspension.",3.8405,,
FIQJYK5nH_E,FIQJYK5nH_E,8,"A young man enters a classroom carrying a saxophone and a large backpack, which is unusual for a typical classroom setting.",3.8405,,
FIQJYK5nH_E,FIQJYK5nH_E,9,"The young man enters the classroom with a saxophone and a large backpack, leading to his suspension.",3.8405,,
FIQJYK5nH_E,FIQJYK5nH_E,10,A young man enters a classroom holding a saxophone and a blue backpack.,3.8405,,
FiXXyP5ZRxA,FiXXyP5ZRxA,1,"Yes, the video shows a character drawing a doll, which could inspire you to try drawing one yourself.",4.1901,,
FiXXyP5ZRxA,FiXXyP5ZRxA,2,"Yes, the video shows a character creating a drawing of a doll, so you can certainly draw a doll after watching it.",4.1901,,
FiXXyP5ZRxA,FiXXyP5ZRxA,3,"No, the video is an animated scene and does not provide instructions on how to draw a doll.",4.1901,,
FiXXyP5ZRxA,FiXXyP5ZRxA,4,"Yes, the video shows a character painting a picture of a doll, so you can draw a doll after watching this.",4.1901,,
FiXXyP5ZRxA,FiXXyP5ZRxA,5,"Yes, the video shows a character drawing a doll, which could inspire you to try drawing one yourself.",4.1901,,
FiXXyP5ZRxA,FiXXyP5ZRxA,6,"Yes, you can draw a doll after watching this, inspired by the creative and playful illustration style.",4.1901,,
FiXXyP5ZRxA,FiXXyP5ZRxA,7,"Yes, you can draw a doll inspired by the character in the image, which is a cute, animated girl holding a paintbrush and standing in front of a picture of a small dog.",4.1901,,
FiXXyP5ZRxA,FiXXyP5ZRxA,8,"Yes, the video shows a cartoon character drawing a picture of a dog, which might inspire you to draw a doll as well.",4.1901,,
FiXXyP5ZRxA,FiXXyP5ZRxA,9,"Yes, you can draw a doll after watching this, inspired by the creative and colorful environment depicted in the image.",4.1901,,
FiXXyP5ZRxA,FiXXyP5ZRxA,10,"No, the video shows a cartoon character painting a picture of a dog, not a doll.",4.1901,,
FjHyHGURyEQ,FjHyHGURyEQ,1,"The person in the yellow jersey appears to be engaging with the audience, possibly encouraging them to cheer or react enthusiastically, as indicated by the text ""SIIUU"" and ""GOING CRAZY.""",3.8174,,
FjHyHGURyEQ,FjHyHGURyEQ,2,"The person in the yellow jersey appears to be dancing and moving energetically, possibly in a celebratory or enthusiastic manner.",3.8174,,
FjHyHGURyEQ,FjHyHGURyEQ,3,"The person in the yellow jersey appears to be engaging with the crowd, possibly trying to capture their attention or interact with them in a lively manner.",3.8174,,
FjHyHGURyEQ,FjHyHGURyEQ,4,"The person in the yellow jersey appears to be celebrating or expressing excitement, possibly in a stadium or arena setting.",3.8174,,
FjHyHGURyEQ,FjHyHGURyEQ,5,"The person in the yellow jersey appears to be enthusiastically interacting with the audience, possibly encouraging them to cheer or participate in the event.",3.8174,,
FjHyHGURyEQ,FjHyHGURyEQ,6,"The person in the yellow jersey appears to be trying to get the crowd's attention, possibly to signal the start of an event or to communicate with them.",3.8174,,
FjHyHGURyEQ,FjHyHGURyEQ,7,"The person in the yellow jersey appears to be dancing or moving energetically, possibly trying to entertain or engage with the crowd.",3.8174,,
FjHyHGURyEQ,FjHyHGURyEQ,8,"The person in the yellow jersey appears to be trying to get the crowd's attention or energize them, possibly before a performance or event.",3.8174,,
FjHyHGURyEQ,FjHyHGURyEQ,9,The person in the yellow jersey appears to be dancing and celebrating enthusiastically in front of a large crowd.,3.8174,,
FjHyHGURyEQ,FjHyHGURyEQ,10,"The person in the yellow jersey appears to be trying to get the attention of the crowd, possibly to take a photo or interact with the audience in some way.",3.8174,,
FKsBrmJ2xSg,FKsBrmJ2xSg,1,The man makes a splash as he enters the water.,4.0026,,
FKsBrmJ2xSg,FKsBrmJ2xSg,2,"The video shows a woman standing on a diving board, preparing to dive.",4.0026,,
FKsBrmJ2xSg,FKsBrmJ2xSg,3,"A young girl stands on the diving board, preparing to jump into the pool.",4.0026,,
FKsBrmJ2xSg,FKsBrmJ2xSg,4,A woman in a green swimsuit jumps off the diving board into the pool.,4.0026,,
FKsBrmJ2xSg,FKsBrmJ2xSg,5,The man creates a splash in the pool.,4.0026,,
FKsBrmJ2xSg,FKsBrmJ2xSg,6,The man performs a backflip in the air before landing in the pool with a splash.,4.0026,,
FKsBrmJ2xSg,FKsBrmJ2xSg,7,"The man dives into the pool, creating a splash.",4.0026,,
FKsBrmJ2xSg,FKsBrmJ2xSg,8,"After a man jumps off a diving board into a pool, he performs a flip in the air before landing in the water.",4.0026,,
FKsBrmJ2xSg,FKsBrmJ2xSg,9,"The man dives into the pool, creating a splash.",4.0026,,
FKsBrmJ2xSg,FKsBrmJ2xSg,10,"After a man jumps off a diving board into a pool, he performs a flip in the air before landing in the water.",4.0026,,
Fk_j6re_Uiw,Fk_j6re_Uiw,1,The two voices are arguing about whether the man should leave the house or not.,3.7813,,
Fk_j6re_Uiw,Fk_j6re_Uiw,2,"The two voices are arguing about the end of a trend, as indicated by the text ""End Of The Trend"" in the video.",3.7813,,
Fk_j6re_Uiw,Fk_j6re_Uiw,3,The two voices are arguing about the end of a trend.,3.7813,,
Fk_j6re_Uiw,Fk_j6re_Uiw,4,The two voices are arguing about the end of a trend.,3.7813,,
Fk_j6re_Uiw,Fk_j6re_Uiw,5,The two voices are arguing about the end of a trend related to Pok?mon Go.,3.7813,,
Fk_j6re_Uiw,Fk_j6re_Uiw,6,The two voices are arguing about the end of a trend involving a person playing a video game and packing a bag.,3.7813,,
Fk_j6re_Uiw,Fk_j6re_Uiw,7,The two voices are arguing about the end of a trend.,3.7813,,
Fk_j6re_Uiw,Fk_j6re_Uiw,8,"The two voices are arguing about the ""End Of The Trend"" phenomenon, possibly discussing its significance or implications.",3.7813,,
Fk_j6re_Uiw,Fk_j6re_Uiw,9,The two voices are arguing about whether it's time to stop a trend.,3.7813,,
Fk_j6re_Uiw,Fk_j6re_Uiw,10,The two voices are arguing about the ending of a trend.,3.7813,,
FLSitZEug_c,FLSitZEug_c,1,"The best way to tie a plastic bag is by gathering the top of the bag, folding it over several times, and then securing it with a knot or twist-tie.",4.0985,,
FLSitZEug_c,FLSitZEug_c,2,"The best way to tie a plastic bag is by making a knot, as shown in the video.",4.0985,,
FLSitZEug_c,FLSitZEug_c,3,The best way to tie a plastic bag is by making a knot or using a twist tie to secure the contents inside.,4.0985,,
FLSitZEug_c,FLSitZEug_c,4,"The best way to tie a plastic bag is to make a knot at the top of the bag, ensuring that it is secure and tight.",4.0985,,
FLSitZEug_c,FLSitZEug_c,5,Tie a knot or use a twist tie to secure the plastic bag.,4.0985,,
FLSitZEug_c,FLSitZEug_c,6,"The best way to tie a plastic bag is to make a knot at the top and then twist the opening to secure it, as shown in the video.",4.0985,,
FLSitZEug_c,FLSitZEug_c,7,"The best way to tie a plastic bag is by using a knot, such as a simple overhand knot, to secure the contents inside.",4.0985,,
FLSitZEug_c,FLSitZEug_c,8,"The best way to tie a plastic bag is by making a knot in the top of the bag, then pulling the knot tight and folding the bag over to secure it.",4.0985,,
FLSitZEug_c,FLSitZEug_c,9,The best way to tie a plastic bag is by making a knot at the top and securing it tightly to prevent any leaks.,4.0985,,
FLSitZEug_c,FLSitZEug_c,10,The best way to tie a plastic bag is to form a knot and then twist the top to ensure it's securely closed.,4.0985,,
FtXVic8pRCw,FtXVic8pRCw,1,"The boy pretends to get stung by a large black spider, which causes him to dramatically react, and then he is shown dressed in a Spider-Man costume.",3.8628,,
FtXVic8pRCw,FtXVic8pRCw,2,"The boy pretends to get stung by a large black spider, and then he is seen wearing a Spider-Man costume, suggesting he has embraced the character after the pretend sting.",3.8628,,
FtXVic8pRCw,FtXVic8pRCw,3,The boy pretends to get stung by a large black spider and then quickly turns into a person in a Spider-Man costume.,3.8628,,
FtXVic8pRCw,FtXVic8pRCw,4,"The boy pretends to get stung by a large black spider, and the scene transitions to him wearing a Spider-Man costume.",3.8628,,
FtXVic8pRCw,FtXVic8pRCw,5,The boy pretends to get stung by a large black spider while wearing a Spider-Man costume.,3.8628,,
FtXVic8pRCw,FtXVic8pRCw,6,"The boy pretends to get stung by a large black spider, then transitions into a Spider-Man costume, and finally stands confidently in a room, embodying the Spider-Man persona.",3.8628,,
FtXVic8pRCw,FtXVic8pRCw,7,"The boy pretends to get stung by a large black spider, and then he is seen wearing a Spider-Man costume.",3.8628,,
FtXVic8pRCw,FtXVic8pRCw,8,"The boy pretends to get stung by a large black spider, which then leads to him donning a Spider-Man costume.",3.8628,,
FtXVic8pRCw,FtXVic8pRCw,9,The boy pretends to get stung by a large black spider and then appears dressed in a Spider-Man costume.,3.8628,,
FtXVic8pRCw,FtXVic8pRCw,10,"The boy pretends to get stung by a large black spider, but he is actually wearing a Spider-Man costume, and the spider is a toy.",3.8628,,
Fu7tEHd2MLA,Fu7tEHd2MLA,1,"The race car driver is navigating a challenging section of the track, possibly attempting to improve their position or maintain control despite the difficulty.",3.8519,,
Fu7tEHd2MLA,Fu7tEHd2MLA,2,"The race car driver is navigating the track, as indicated by the text ""This track"" and the various phrases like ""Ay ay ay"" and ""So bad,"" suggesting a competitive or challenging race situation.",3.8519,,
Fu7tEHd2MLA,Fu7tEHd2MLA,3,The race car driver is trying to navigate the track at high speed.,3.8519,,
Fu7tEHd2MLA,Fu7tEHd2MLA,4,"The race car driver is navigating the track with a mix of concentration and excitement, possibly trying to improve their position or maintain speed.",3.8519,,
Fu7tEHd2MLA,Fu7tEHd2MLA,5,"The race car driver is navigating the track at high speed, as indicated by the text ""DOING"" and ""So bad,"" which suggests they are either trying to improve their position or are struggling with the track conditions.",3.8519,,
Fu7tEHd2MLA,Fu7tEHd2MLA,6,The race car driver is attempting to navigate the track while expressing frustration or disappointment.,3.8519,,
Fu7tEHd2MLA,Fu7tEHd2MLA,7,The race car driver is trying to navigate the track while managing the car's controls and responding to the track conditions.,3.8519,,
Fu7tEHd2MLA,Fu7tEHd2MLA,8,The race car driver is navigating a challenging turn on the track.,3.8519,,
Fu7tEHd2MLA,Fu7tEHd2MLA,9,"The race car driver is trying to navigate the track, but the text suggests there might be issues or frustration, indicating a difficult situation.",3.8519,,
Fu7tEHd2MLA,Fu7tEHd2MLA,10,"The race car driver is trying to navigate the track, but it seems to be going poorly.",3.8519,,
Fvd3ry_9NRM,Fvd3ry_9NRM,1,The actor with the eyebrows always comes up in the search results.,3.5314,,
Fvd3ry_9NRM,Fvd3ry_9NRM,2,It's always the same actor that pops up.,3.5314,,
Fvd3ry_9NRM,Fvd3ry_9NRM,3,The same actor with eyebrows always comes up in the search results.,3.5314,,
Fvd3ry_9NRM,Fvd3ry_9NRM,4,"The same actor's image always appears when they Google ""actor with eyebrows.""",3.5314,,
Fvd3ry_9NRM,Fvd3ry_9NRM,5,The actor with the eyebrows just becomes Will Poulter.,3.5314,,
Fvd3ry_9NRM,Fvd3ry_9NRM,6,The actor with eyebrows just becomes a search icon.,3.5314,,
Fvd3ry_9NRM,Fvd3ry_9NRM,7,The same image of the actor with the eyebrows pops up.,3.5314,,
Fvd3ry_9NRM,Fvd3ry_9NRM,8,The actor with the eyebrows always pops up in the search results.,3.5314,,
Fvd3ry_9NRM,Fvd3ry_9NRM,9,The same actor always pops up in the search results.,3.5314,,
Fvd3ry_9NRM,Fvd3ry_9NRM,10,The same actor always pops up in the search results.,3.5314,,
FVdQHVBAiB4,FVdQHVBAiB4,1,The guitar cost $80.,3.6929,,
FVdQHVBAiB4,FVdQHVBAiB4,2,The guitar cost $80.,3.6929,,
FVdQHVBAiB4,FVdQHVBAiB4,3,The guitar cost $80.,3.6929,,
FVdQHVBAiB4,FVdQHVBAiB4,4,The guitar cost $80.,3.6929,,
FVdQHVBAiB4,FVdQHVBAiB4,5,The guitar cost $80.,3.6929,,
FVdQHVBAiB4,FVdQHVBAiB4,6,The guitar cost $80.,3.6929,,
FVdQHVBAiB4,FVdQHVBAiB4,7,The guitar cost $80.,3.6929,,
FVdQHVBAiB4,FVdQHVBAiB4,8,The guitar cost $80.,3.6929,,
FVdQHVBAiB4,FVdQHVBAiB4,9,The guitar cost $80.,3.6929,,
FVdQHVBAiB4,FVdQHVBAiB4,10,The guitar cost $80.,3.6929,,
G2w7PrdwYhM,G2w7PrdwYhM,1,"The apparatus appears to be a homemade catapult or launching device used to shoot small objects, such as the orange ball seen in the video, across a table.",4.2446,,
G2w7PrdwYhM,G2w7PrdwYhM,2,The apparatus is designed to launch a ball into a cup as a part of a challenge or game.,4.2446,,
G2w7PrdwYhM,G2w7PrdwYhM,3,"The purpose of the apparatus is to demonstrate a physics experiment involving a ball and a ramp, where the ball rolls down the ramp and is launched into the air.",4.2446,,
G2w7PrdwYhM,G2w7PrdwYhM,4,"The apparatus is likely designed for a physics experiment, possibly to demonstrate principles such as projectile motion or the conservation of energy.",4.2446,,
G2w7PrdwYhM,G2w7PrdwYhM,5,"The apparatus appears to be a homemade physics experiment designed to demonstrate a principle, possibly involving air pressure or a similar scientific concept.",4.2446,,
G2w7PrdwYhM,G2w7PrdwYhM,6,"The apparatus is designed to launch an orange ball into the air, aiming for it to land in a red cup.",4.2446,,
G2w7PrdwYhM,G2w7PrdwYhM,7,The apparatus appears to be a homemade ball launcher or catapult designed to launch a small ball or object from a cup towards a target.,4.2446,,
G2w7PrdwYhM,G2w7PrdwYhM,8,"The apparatus is used to launch a ball into a red cup placed on a stand, creating a fun and engaging activity for the participants.",4.2446,,
G2w7PrdwYhM,G2w7PrdwYhM,9,"The apparatus is designed to perform a physics experiment or demonstration, likely involving the motion and interaction of objects, as suggested by the text ""Wait for it..."" and the excitement of the participants.",4.2446,,
G2w7PrdwYhM,G2w7PrdwYhM,10,The apparatus is designed for a game where a ball is rolled down a track and is intended to land in a cup.,4.2446,,
G3GstfkuDIg,G3GstfkuDIg,1,"The boy is shown exploring the hotel, including the bathroom, and appears curious and excited.",4.1795,,
G3GstfkuDIg,G3GstfkuDIg,2,"The boy is excited and curious about everything, including the hotel room, and takes a photo of a woman entering the room.",4.1795,,
G3GstfkuDIg,G3GstfkuDIg,3,"The boy is excited and curious about the hotel room, exploring various amenities like the bed, bathroom, and amenities such as soap and shampoo.",4.1795,,
G3GstfkuDIg,G3GstfkuDIg,4,"The boy is seen exploring the hotel, holding various toiletries, and expressing excitement and curiosity.",4.1795,,
G3GstfkuDIg,G3GstfkuDIg,5,"The boy is surprised and excited, holding a remote control and a cup, looking around the room with curiosity and wonder.",4.1795,,
G3GstfkuDIg,G3GstfkuDIg,6,"The boy is shown a hotel room and seems excited, but then he encounters a black and white moment where he's holding a bottle, possibly indicating a mix-up or a humorous twist.",4.1795,,
G3GstfkuDIg,G3GstfkuDIg,7,"The boy is shown exploring the hotel, including trying out a shower cap, holding a key, and examining toiletries, all while expressing excitement and curiosity.",4.1795,,
G3GstfkuDIg,G3GstfkuDIg,8,"The boy is surprised and curious about the hotel, especially the bathroom amenities.",4.1795,,
G3GstfkuDIg,G3GstfkuDIg,9,"The boy looks at the room with excitement and curiosity, then finds a hairdryer and a tube of cream, which he holds up with a surprised expression.",4.1795,,
G3GstfkuDIg,G3GstfkuDIg,10,"The boy looks around curiously and expresses excitement, holding a hotel key.",4.1795,,
G4jfirTeNCY,G4jfirTeNCY,1,"The player from England received the ball and made a pass to another player, who then scored a goal.",3.5091,,
G4jfirTeNCY,G4jfirTeNCY,2,3,3.5091,,
G4jfirTeNCY,G4jfirTeNCY,3,5,3.5091,,
G4jfirTeNCY,G4jfirTeNCY,4,2,3.5091,,
G4jfirTeNCY,G4jfirTeNCY,5,5,3.5091,,
G4jfirTeNCY,G4jfirTeNCY,6,4,3.5091,,
G4jfirTeNCY,G4jfirTeNCY,7,3,3.5091,,
G4jfirTeNCY,G4jfirTeNCY,8,4,3.5091,,
G4jfirTeNCY,G4jfirTeNCY,9,5,3.5091,,
G4jfirTeNCY,G4jfirTeNCY,10,4,3.5091,,
G5AgzHKJINU,G5AgzHKJINU,1,The man shoots the ball once in the video.,4.1448,,
G5AgzHKJINU,G5AgzHKJINU,2,The man shoots the ball three times.,4.1448,,
G5AgzHKJINU,G5AgzHKJINU,3,"The man shoots the ball three times, as indicated by the text ""3 ????? (3 exercises) in the video.""",4.1448,,
G5AgzHKJINU,G5AgzHKJINU,4,The man shoots the ball three times in the video.,4.1448,,
G5AgzHKJINU,G5AgzHKJINU,5,"The man actually shoots the ball three times, as indicated by the text ""3 ??????"" which means ""3 choose to shoot"".",4.1448,,
G5AgzHKJINU,G5AgzHKJINU,6,The man shoots the ball three times.,4.1448,,
G5AgzHKJINU,G5AgzHKJINU,7,"The man shoots the ball three times, each time as part of a different practice drill.",4.1448,,
G5AgzHKJINU,G5AgzHKJINU,8,"The man actually shoots the ball three times, as indicated by the video's sequence showing ""1"", ""2"", and ""3"" for each shot.",4.1448,,
G5AgzHKJINU,G5AgzHKJINU,9,The man shoots the ball three times in the video.,4.1448,,
G5AgzHKJINU,G5AgzHKJINU,10,The man shoots the ball three times in the video.,4.1448,,
G6k-PoDDL0I,G6k-PoDDL0I,1,The man starts walking on the bridge while still posing and making gestures.,3.9572,,
G6k-PoDDL0I,G6k-PoDDL0I,2,The man continues to walk and pose in front of the camera.,3.9572,,
G6k-PoDDL0I,G6k-PoDDL0I,3,"The man continues to pose in front of the camera, changing his poses and gestures.",3.9572,,
G6k-PoDDL0I,G6k-PoDDL0I,4,The man walks towards the camera after posing.,3.9572,,
G6k-PoDDL0I,G6k-PoDDL0I,5,The man changes his pose and continues to pose in front of the camera.,3.9572,,
G6k-PoDDL0I,G6k-PoDDL0I,6,"After posing in front of the camera, the man adjusts his sunglasses and continues to pose with his hand on his chest.",3.9572,,
G6k-PoDDL0I,G6k-PoDDL0I,7,The man walks towards the camera and then stands still.,3.9572,,
G6k-PoDDL0I,G6k-PoDDL0I,8,The man starts walking across the bridge while still posing for the camera.,3.9572,,
G6k-PoDDL0I,G6k-PoDDL0I,9,The man continues walking on the bridge while posing for the camera.,3.9572,,
G6k-PoDDL0I,G6k-PoDDL0I,10,"The man walks forward, adjusts his sunglasses, and continues posing with a confident stance.",3.9572,,
G6zu9D0j8hk,G6zu9D0j8hk,1,"The presence of colorful, patterned bedding and a playful, vibrant design suggests that the room is being designed for a child.",3.8221,,
G6zu9D0j8hk,G6zu9D0j8hk,2,The presence of a bunk bed and a bed with a yellow pillow featuring cartoon eyes suggests that the room is being designed for a child.,3.8221,,
G6zu9D0j8hk,G6zu9D0j8hk,3,"The presence of a bunk bed, colorful bedding, and a child-friendly TV setup suggest that the room is being designed for a child.",3.8221,,
G6zu9D0j8hk,G6zu9D0j8hk,4,The presence of a child's bed with a blue pillow and a yellow pillow with a cartoon face on it indicates that a child's room is being designed.,3.8221,,
G6zu9D0j8hk,G6zu9D0j8hk,5,"The presence of a bunk bed and a bright, playful design with a yellow pillow featuring eyes suggest that a child's room is being designed.",3.8221,,
G6zu9D0j8hk,G6zu9D0j8hk,6,The presence of a bunk bed and a child's pillow with a cute face design indicate that the room is being designed for a child.,3.8221,,
G6zu9D0j8hk,G6zu9D0j8hk,7,"The room features a bed with colorful bedding, a small TV, and decorative items that are often associated with a child-friendly environment.",3.8221,,
G6zu9D0j8hk,G6zu9D0j8hk,8,"The presence of colorful bedding and a playful design, including a built-in bed and a child-sized television unit, indicates that the room is being designed for a child.",3.8221,,
G6zu9D0j8hk,G6zu9D0j8hk,9,"The presence of bright colors, playful designs, and a small bed with a colorful pillow indicate that a child's room is being designed.",3.8221,,
G6zu9D0j8hk,G6zu9D0j8hk,10,The presence of a child's bed with a bright yellow pillow and a small table with toys suggests that the room is designed for a child.,3.8221,,
GAioLcwAMjE,GAioLcwAMjE,1,"The netting behind the soldier is covered with branches to provide camouflage, helping to conceal the soldier and his equipment from view.",4.1063,,
GAioLcwAMjE,GAioLcwAMjE,2,"The netting is likely covered with branches to provide camouflage, making the soldier's position less visible to the enemy.",4.1063,,
GAioLcwAMjE,GAioLcwAMjE,3,"The netting behind the soldier is likely covered with branches to provide camouflage, making it harder for the enemy to spot the soldier and his activities.",4.1063,,
GAioLcwAMjE,GAioLcwAMjE,4,"The netting behind the soldier is covered with branches to provide camouflage and concealment, making it less visible to enemies.",4.1063,,
GAioLcwAMjE,GAioLcwAMjE,5,"The netting behind the soldier is covered with branches likely to simulate a natural, rugged environment, enhancing the authenticity of the setting for the demonstration or reenactment.",4.1063,,
GAioLcwAMjE,GAioLcwAMjE,6,"The netting behind the soldier is covered with branches to simulate a realistic military environment, making it look like the soldier is in a trench or a defensive position.",4.1063,,
GAioLcwAMjE,GAioLcwAMjE,7,"The netting behind the soldier is covered with branches to provide camouflage and concealment, making it harder for the enemy to spot the soldier.",4.1063,,
GAioLcwAMjE,GAioLcwAMjE,8,"The netting behind the soldier is covered with branches to create a camouflage effect, making it less visible to enemy forces.",4.1063,,
GAioLcwAMjE,GAioLcwAMjE,9,"The netting behind the soldier is likely covered with branches to camouflage it and make it less visible to the enemy, enhancing the soldier's concealment and the effectiveness of the setup.",4.1063,,
GAioLcwAMjE,GAioLcwAMjE,10,"The netting behind the soldier is covered with branches to create camouflage and concealment, making it harder for enemies to spot the soldier or the equipment.",4.1063,,
GaT6xXXdZPI,GaT6xXXdZPI,1,"The video features a woman in a red sweater discussing and showcasing various gift ideas for Valentine's Day, with text overlays in Chinese and Russian providing translations and descriptions of the gifts.",4.2345,,
GaT6xXXdZPI,GaT6xXXdZPI,2,"The video features a person in a red sweater discussing and showcasing various Chinese gift ideas for Valentine's Day, including chocolate, blue roses, a rose bear, and jewelry.",4.2345,,
GaT6xXXdZPI,GaT6xXXdZPI,3,"The video features a person in a red sweater showcasing various gift ideas for Valentine's Day, with text descriptions of each gift in both Chinese and Russian, such as chocolate, a bouquet of blue roses, a rose bear, and jewelry.",4.2345,,
GaT6xXXdZPI,GaT6xXXdZPI,4,"The video features a woman in a red sweater showcasing various Chinese gift ideas for Valentine's Day, including chocolate, blue roses, a rose bear, and jewelry.",4.2345,,
GaT6xXXdZPI,GaT6xXXdZPI,5,"The video features a person in a red sweater discussing and showcasing various gift ideas for Valentine's Day, including chocolates, blue roses, a rose bear, and jewelry.",4.2345,,
GaT6xXXdZPI,GaT6xXXdZPI,6,"The video features a woman in a red sweater showcasing various Chinese Valentine's Day gifts, including chocolate, blue roses, a rose bear, and jewelry, while text in both Chinese and Russian appears on the screen to describe the items.",4.2345,,
GaT6xXXdZPI,GaT6xXXdZPI,7,"The video features a person showcasing various gift ideas for Valentine's Day, including chocolate, blue roses, a rose bear, and jewelry, all in a festive setting with Chinese decorations.",4.2345,,
GaT6xXXdZPI,GaT6xXXdZPI,8,"The video features a person discussing Chinese Valentine's Day gifts, showcasing items like chocolate, blue roses, a rose bear, and jewelry.",4.2345,,
GaT6xXXdZPI,GaT6xXXdZPI,9,"The video shows a person in a red sweater presenting various Chinese gift ideas for Valentine's Day, including chocolate, blue roses, a rose bear, and jewelry.",4.2345,,
GaT6xXXdZPI,GaT6xXXdZPI,10,"The video features a person showcasing various gift ideas for Chinese Valentine's Day, including chocolate, blue roses, a rose bear, and jewelry.",4.2345,,
Gb9otyfOuqA,Gb9otyfOuqA,1,The umpire signals a strike.,3.7854,,
Gb9otyfOuqA,Gb9otyfOuqA,2,The umpire signals a strike.,3.7854,,
Gb9otyfOuqA,Gb9otyfOuqA,3,The umpire signals a strike.,3.7854,,
Gb9otyfOuqA,Gb9otyfOuqA,4,The umpire signals that the batter is out.,3.7854,,
Gb9otyfOuqA,Gb9otyfOuqA,5,The umpire signals a strike.,3.7854,,
Gb9otyfOuqA,Gb9otyfOuqA,6,The umpire signals a strike.,3.7854,,
Gb9otyfOuqA,Gb9otyfOuqA,7,The umpire signals a strike.,3.7854,,
Gb9otyfOuqA,Gb9otyfOuqA,8,The umpire signals a strike.,3.7854,,
Gb9otyfOuqA,Gb9otyfOuqA,9,The umpire signals a strike.,3.7854,,
Gb9otyfOuqA,Gb9otyfOuqA,10,The umpire signals the end of the play or a strike.,3.7854,,
GBm6-NX3ue4,GBm6-NX3ue4,1,4,3.8483,,
GBm6-NX3ue4,GBm6-NX3ue4,2,3,3.8483,,
GBm6-NX3ue4,GBm6-NX3ue4,3,1,3.8483,,
GBm6-NX3ue4,GBm6-NX3ue4,4,1,3.8483,,
GBm6-NX3ue4,GBm6-NX3ue4,5,3,3.8483,,
GBm6-NX3ue4,GBm6-NX3ue4,6,twice,3.8483,,
GBm6-NX3ue4,GBm6-NX3ue4,7,5,3.8483,,
GBm6-NX3ue4,GBm6-NX3ue4,8,3,3.8483,,
GBm6-NX3ue4,GBm6-NX3ue4,9,3,3.8483,,
GBm6-NX3ue4,GBm6-NX3ue4,10,3 times,3.8483,,
GC_ZIryUtoc,GC_ZIryUtoc,1,"After dipping his hand in water, the person in the green and black glove rinses his hand thoroughly.",3.8586,,
GC_ZIryUtoc,GC_ZIryUtoc,2,"After dipping his hand in water, the person in the green and black glove rubs the water off his hand.",3.8586,,
GC_ZIryUtoc,GC_ZIryUtoc,3,The person in the green and black glove rubs his hands together in the water.,3.8586,,
GC_ZIryUtoc,GC_ZIryUtoc,4,The person rinses the glove under water.,3.8586,,
GC_ZIryUtoc,GC_ZIryUtoc,5,"The person's hand gets wet and is shown with soap residue, indicating the need for cleaning.",3.8586,,
GC_ZIryUtoc,GC_ZIryUtoc,6,The person in the green and black glove then applies a cleaning solution to his hand.,3.8586,,
GC_ZIryUtoc,GC_ZIryUtoc,7,"The person in the green and black glove applies a substance from a bottle onto the water, causing a reaction that makes the glove appear covered in foam.",3.8586,,
GC_ZIryUtoc,GC_ZIryUtoc,8,The person in the green and black glove washes the black glove under running water.,3.8586,,
GC_ZIryUtoc,GC_ZIryUtoc,9,"The person in the green and black glove appears to be washing their hand with soap, as shown by the soapy water on their hand.",3.8586,,
GC_ZIryUtoc,GC_ZIryUtoc,10,"The person in the green and black glove rinses his hand in the water, ensuring all dirt and germs are washed away.",3.8586,,
GD9prt9PD8Q,GD9prt9PD8Q,1,The character in the bathtub refuses to give the other character the five dollars because he is not allowed to spend the money.,3.7886,,
GD9prt9PD8Q,GD9prt9PD8Q,2,"The character is told that the money is not for spending and is instead used to burn, which causes the character to scream.",3.7886,,
GD9prt9PD8Q,GD9prt9PD8Q,3,"The character in the bathtub, who is in debt, asks for his five dollars, but the other character, who is supposed to be paying, says he is short on cash and that the money is not for spending.",3.7886,,
GD9prt9PD8Q,GD9prt9PD8Q,4,"The cartoon character who asks for five dollars finds out that the money is not for spending, leading to a humorous misunderstanding.",3.7886,,
GD9prt9PD8Q,GD9prt9PD8Q,5,"The character who asked for his five dollars is found in a bathtub full of money, but he is unable to use it because it is not for spending.",3.7886,,
GD9prt9PD8Q,GD9prt9PD8Q,6,"When one of the characters asks for his five dollars, the other character gets angry and shoves him into a bathtub filled with money, which catches fire.",3.7886,,
GD9prt9PD8Q,GD9prt9PD8Q,7,"The character who asked for his five dollars ended up in a bathtub full of money, explaining that he was strapped for cash and that the money wasn't for spending.",3.7886,,
GD9prt9PD8Q,GD9prt9PD8Q,8,"When one of the characters asks for his five dollars, the other character, who is in the bathtub, responds that he is strapped for cash and that the money is not for spending.",3.7886,,
GD9prt9PD8Q,GD9prt9PD8Q,9,"When one of the characters asks for his five dollars, the other character becomes upset and starts throwing money around, eventually leading to a fire starting from the money.",3.7886,,
GD9prt9PD8Q,GD9prt9PD8Q,10,The character was told that the money wasn't for spending and that they were out of cash.,3.7886,,
GDXiE0xXhSw,GDXiE0xXhSw,1,"This is a collage of images featuring a young man in various settings, including casual scenes and performances on stage, with text overlays in Chinese that appear to be captions or lyrics.",4.2284,,
GDXiE0xXhSw,GDXiE0xXhSw,2,"This is a compilation of video clips featuring a young individual, showcasing different moments, including casual settings, performances on stage, and a live concert.",4.2284,,
GDXiE0xXhSw,GDXiE0xXhSw,3,"This is a compilation of various scenes featuring a person in different settings, including casual moments, performance, and on stage, with text overlays in Chinese.",4.2284,,
GDXiE0xXhSw,GDXiE0xXhSw,4,"This is a montage of various scenes featuring a person in different settings, including casual moments, stage performances, and singing, with Chinese text overlaying some of the images.",4.2284,,
GDXiE0xXhSw,GDXiE0xXhSw,5,"This is a collection of images showcasing a young individual in various settings, including casual interactions, snowy scenes, and performances on stage.",4.2284,,
GDXiE0xXhSw,GDXiE0xXhSw,6,"This is a compilation of scenes featuring a young individual in various settings, including a casual moment, a snowy outdoor scene, and a stage performance, with text overlays that appear to be from a fan-made tribute or a promotional video.",4.2284,,
GDXiE0xXhSw,GDXiE0xXhSw,7,"This is a series of images featuring a young person in various settings, including a casual indoor scene, a snowy outdoor scene, and a stage performance. The images appear to be part of a promotional or celebratory video, possibly related to a music performance or event.",4.2284,,
GDXiE0xXhSw,GDXiE0xXhSw,8,"This is a series of images featuring a person, likely a performer, in various settings including casual, snowy, and on stage with different outfits and microphones, accompanied by Chinese text that seems to be lyrics or captions.",4.2284,,
GDXiE0xXhSw,GDXiE0xXhSw,9,"This is a collection of images featuring a young man, showcasing different moments and settings, including casual and performance-related contexts.",4.2284,,
GDXiE0xXhSw,GDXiE0xXhSw,10,"This is a compilation of various moments featuring a young individual, including casual interactions, a snowy performance, and live concert scenes, with Chinese text overlaying some frames.",4.2284,,
GeToJ_bYWkQ,GeToJ_bYWkQ,1,Two.,3.9764,,
GeToJ_bYWkQ,GeToJ_bYWkQ,2,Two,3.9764,,
GeToJ_bYWkQ,GeToJ_bYWkQ,3,Two back flips are seen in the video.,3.9764,,
GeToJ_bYWkQ,GeToJ_bYWkQ,4,We see three back flips in the video.,3.9764,,
GeToJ_bYWkQ,GeToJ_bYWkQ,5,Two,3.9764,,
GeToJ_bYWkQ,GeToJ_bYWkQ,6,We see two back flips in the video.,3.9764,,
GeToJ_bYWkQ,GeToJ_bYWkQ,7,"In the video, we see two back flips performed by the children.",3.9764,,
GeToJ_bYWkQ,GeToJ_bYWkQ,8,There are two back flips shown in the video.,3.9764,,
GeToJ_bYWkQ,GeToJ_bYWkQ,9,We see two back flips in the video.,3.9764,,
GeToJ_bYWkQ,GeToJ_bYWkQ,10,We see three back flips in the video.,3.9764,,
GF5kmTYwedw,GF5kmTYwedw,1,The drums used to record this track are not specified in the image.,3.7952,,
GF5kmTYwedw,GF5kmTYwedw,2,The drums used to record this track are electronic drums.,3.7952,,
GF5kmTYwedw,GF5kmTYwedw,3,The video does not provide information about the type of drums used to record the track.,3.7952,,
GF5kmTYwedw,GF5kmTYwedw,4,The video does not provide information about the type of drums used to record the track.,3.7952,,
GF5kmTYwedw,GF5kmTYwedw,5,The drums used to record this track are electronic drums.,3.7952,,
GF5kmTYwedw,GF5kmTYwedw,6,The video does not provide information about the type of drums used to record the track.,3.7952,,
GF5kmTYwedw,GF5kmTYwedw,7,The video does not provide information about the type of drums used to record the track.,3.7952,,
GF5kmTYwedw,GF5kmTYwedw,8,The video does not provide information about the type of drums used to record the track.,3.7952,,
GF5kmTYwedw,GF5kmTYwedw,9,The video does not provide information about the type of drums used to record the track.,3.7952,,
GF5kmTYwedw,GF5kmTYwedw,10,"The drums used in the recording of this track are electronic drums, which provide a crisp and precise sound that can be easily mixed with other elements of the music.",3.7952,,
GH7kcBkraNg,GH7kcBkraNg,1,Four scans are shown in the video.,3.5569,,
GH7kcBkraNg,GH7kcBkraNg,2,"Four different types of devices are shown in the image: smartphone, mini smartphone, flip phone, and tablet.",3.5569,,
GH7kcBkraNg,GH7kcBkraNg,3,"Four scans are shown: Smartphone, Mini smartphone, Flip phone, and Tablet.",3.5569,,
GH7kcBkraNg,GH7kcBkraNg,4,"There are four scans shown in the video: smartphone, mini smartphone, flip phone, and notebook.",3.5569,,
GH7kcBkraNg,GH7kcBkraNg,5,"Four different types of devices are shown in the video: smartphone, mini smartphone, flip phone, and tablet.",3.5569,,
GH7kcBkraNg,GH7kcBkraNg,6,There are four scans shown in the video.,3.5569,,
GH7kcBkraNg,GH7kcBkraNg,7,4,3.5569,,
GH7kcBkraNg,GH7kcBkraNg,8,Four scans are shown.,3.5569,,
GH7kcBkraNg,GH7kcBkraNg,9,"There are four scans shown in the image: Smartphone, Mini smartphone, Flip phone, and Tablet.",3.5569,,
GH7kcBkraNg,GH7kcBkraNg,10,"Four scans are shown: Smartphone, Mini smartphone, Flip phone, and Tablet.",3.5569,,
GIdtda2RH_g,GIdtda2RH_g,1,"The highway has multiple levels, as indicated by the winding design and the presence of multiple roadways stacked on top of each other.",3.9052,,
GIdtda2RH_g,GIdtda2RH_g,2,"The highway has multiple levels, creating a spiral structure.",3.9052,,
GIdtda2RH_g,GIdtda2RH_g,3,"The highway has multiple levels, as shown in the aerial view.",3.9052,,
GIdtda2RH_g,GIdtda2RH_g,4,"The highway appears to have multiple levels, but the exact number is not specified in the description.",3.9052,,
GIdtda2RH_g,GIdtda2RH_g,5,"The highway in the picture is multi-leveled, with at least three distinct levels visible in the aerial view.",3.9052,,
GIdtda2RH_g,GIdtda2RH_g,6,"The highway in the picture appears to have multiple levels, but the exact number is not specified. It seems to be a multi-level structure, possibly a spiral road, but the full count of levels is not clear from the image provided.",3.9052,,
GIdtda2RH_g,GIdtda2RH_g,7,"The highway in the image has multiple levels, as it appears to be a multi-level structure built on a hillside, but the exact number of levels is not specified.",3.9052,,
GIdtda2RH_g,GIdtda2RH_g,8,The highway in the image has four levels.,3.9052,,
GIdtda2RH_g,GIdtda2RH_g,9,The highway in the image has four levels.,3.9052,,
GIdtda2RH_g,GIdtda2RH_g,10,"The highway in the image appears to have multiple levels, as it is a multi-tiered structure with multiple roadways stacked on top of each other, but the exact number of levels is not clearly defined in the image.",3.9052,,
GjGFHotsrc0,GjGFHotsrc0,1,Lil Wayne,3.6258,,
GjGFHotsrc0,GjGFHotsrc0,2,The interviewee recommends Lil Wayne for the fifth Mt. Rushmore image.,3.6258,,
GjGFHotsrc0,GjGFHotsrc0,3,The interviewee recommends Lil Wayne for the fifth image.,3.6258,,
GjGFHotsrc0,GjGFHotsrc0,4,The interviewee recommends Lil Wayne for the fifth image.,3.6258,,
GjGFHotsrc0,GjGFHotsrc0,5,The interviewee recommends Lil Wayne for the fifth Mt. Rushmore image.,3.6258,,
GjGFHotsrc0,GjGFHotsrc0,6,The interviewee recommends Lil Wayne for the fifth image on the Mount Rushmore of rap.,3.6258,,
GjGFHotsrc0,GjGFHotsrc0,7,The interviewee recommends Lil Wayne for the fifth Mt. Rushmore image.,3.6258,,
GjGFHotsrc0,GjGFHotsrc0,8,The interviewee recommends Lil Wayne for the fifth Mt. Rushmore image.,3.6258,,
GjGFHotsrc0,GjGFHotsrc0,9,The interviewee recommends Lil Wayne for the fifth image on the Mount Rushmore of rap.,3.6258,,
GjGFHotsrc0,GjGFHotsrc0,10,The interviewee recommends Lil Wayne for the fifth image on the Mount Rushmore of Rap.,3.6258,,
GjidAAzBQ0s,GjidAAzBQ0s,1,There are three spools of twine in the drawer.,3.928,,
GjidAAzBQ0s,GjidAAzBQ0s,2,There are two spools of twine in the drawer.,3.928,,
GjidAAzBQ0s,GjidAAzBQ0s,3,There are two spools of twine in the drawer.,3.928,,
GjidAAzBQ0s,GjidAAzBQ0s,4,There are two spools of twine in the drawer.,3.928,,
GjidAAzBQ0s,GjidAAzBQ0s,5,There are two spools of twine in the drawer.,3.928,,
GjidAAzBQ0s,GjidAAzBQ0s,6,There are three spools of twine in the drawer.,3.928,,
GjidAAzBQ0s,GjidAAzBQ0s,7,There are two spools of twine in the drawer.,3.928,,
GjidAAzBQ0s,GjidAAzBQ0s,8,There are two spools of twine in the drawer.,3.928,,
GjidAAzBQ0s,GjidAAzBQ0s,9,There are two spools of twine in the drawer.,3.928,,
GjidAAzBQ0s,GjidAAzBQ0s,10,There are two spools of twine in the drawer.,3.928,,
GJq44zrdS5A,GJq44zrdS5A,1,"This video appears to be a humorous or satirical take on a game or situation, as indicated by the text ""POOR AMBUSH"" and the glitchy, distorted mask on the floor, which might represent a failed or unsuccessful attempt at an ambush in a video game.",3.9513,,
GJq44zrdS5A,GJq44zrdS5A,2,"This is a humorous video featuring a character with a glitched face, likely from a video game, with the text ""POOR AMBUSH"" suggesting a playful or lighthearted tone.",3.9513,,
GJq44zrdS5A,GJq44zrdS5A,3,"This video is a humorous or lighthearted one, likely a comedic or satirical take on an ambush or surprise situation, indicated by the text ""POOR AMBUSH"" and the playful, distorted imagery.",3.9513,,
GJq44zrdS5A,GJq44zrdS5A,4,"This video appears to be a humorous or satirical clip, possibly referencing the ""Scream"" movie franchise, as indicated by the ghost face mask and the text ""POOR AMBUSH.""",3.9513,,
GJq44zrdS5A,GJq44zrdS5A,5,"This is a humorous video featuring a poorly executed ""ambush"" setup, likely from a video game, where a ghostly figure appears suddenly.",3.9513,,
GJq44zrdS5A,GJq44zrdS5A,6,"This video appears to be a humorous or satirical take on a video game, featuring a glitched face with the text ""POOR AMBUSH"" at the top.",3.9513,,
GJq44zrdS5A,GJq44zrdS5A,7,"This video appears to be a humorous or satirical take on the concept of a ""poor ambush"" in a video game or digital environment, featuring a glitched or distorted character with a screaming face.",3.9513,,
GJq44zrdS5A,GJq44zrdS5A,8,"This video appears to be a humorous or satirical take on an ""ambush"" scenario, likely from a video game or a digital creation, indicated by the text ""POOR AMBUSH"" and the stylized, glitchy appearance of the character.",3.9513,,
GJq44zrdS5A,GJq44zrdS5A,9,"This video appears to be a humorous or satirical clip, likely referencing or parodizing the ""Scream"" movie franchise, as indicated by the ghost face mask and the text ""POOR AMBUSH.""",3.9513,,
GJq44zrdS5A,GJq44zrdS5A,10,"This is a humorous or light-hearted video, likely a parody or joke, as indicated by the text ""POOR AMBUSH"" and the distorted, glitchy face mask.",3.9513,,
Gn1hEZcLt5Q,Gn1hEZcLt5Q,1,He uses a pair of pliers to break the pencils.,3.4618,,
Gn1hEZcLt5Q,Gn1hEZcLt5Q,2,He breaks the pencils by using a yellow tool to apply pressure.,3.4618,,
Gn1hEZcLt5Q,Gn1hEZcLt5Q,3,He breaks the pencils by pulling them apart with his hands.,3.4618,,
Gn1hEZcLt5Q,Gn1hEZcLt5Q,4,He breaks the pencils by squeezing them with his hands.,3.4618,,
Gn1hEZcLt5Q,Gn1hEZcLt5Q,5,He breaks the pencils by bending them with his hands.,3.4618,,
Gn1hEZcLt5Q,Gn1hEZcLt5Q,6,He manages to break the pencils by using a rubber band to snap them in half.,3.4618,,
Gn1hEZcLt5Q,Gn1hEZcLt5Q,7,He breaks the pencils by pulling them apart with his hands.,3.4618,,
Gn1hEZcLt5Q,Gn1hEZcLt5Q,8,He uses a pair of scissors to cut the pencils in half.,3.4618,,
Gn1hEZcLt5Q,Gn1hEZcLt5Q,9,He uses a yellow tool to break the pencils.,3.4618,,
Gn1hEZcLt5Q,Gn1hEZcLt5Q,10,He manages to break the pencils by pulling them apart with a forceful motion.,3.4618,,
GnOVP1b106U,GnOVP1b106U,1,A bird starts chirping when it feels happy or excited.,3.6935,,
GnOVP1b106U,GnOVP1b106U,2,"The bird starts chirping and other birds begin to join in, creating a lively and harmonious sound.",3.6935,,
GnOVP1b106U,GnOVP1b106U,3,The birds in the cage start to chirp in response to the chirping of the bird outside the cage.,3.6935,,
GnOVP1b106U,GnOVP1b106U,4,The parrots start chirping and moving around.,3.6935,,
GnOVP1b106U,GnOVP1b106U,5,The parrot starts to chirp and then flies out of the pot.,3.6935,,
GnOVP1b106U,GnOVP1b106U,6,A bird starts chirping to communicate with other birds or to express happiness or excitement.,3.6935,,
GnOVP1b106U,GnOVP1b106U,7,"The bird starts chirping, which is a natural vocalization used for communication, courtship, or warning.",3.6935,,
GnOVP1b106U,GnOVP1b106U,8,The bird begins to chirp.,3.6935,,
GnOVP1b106U,GnOVP1b106U,9,A bird starts chirping when it is excited or happy.,3.6935,,
GnOVP1b106U,GnOVP1b106U,10,"A bird starts chirping when it is feeling happy or excited, often as a form of communication or to attract a mate.",3.6935,,
GO99jgYXXPo,GO99jgYXXPo,1,There are 3 eggs in the serving.,3.559,,
GO99jgYXXPo,GO99jgYXXPo,2,There are 5 eggs in the serving.,3.559,,
GO99jgYXXPo,GO99jgYXXPo,3,There are 5 eggs in the serving.,3.559,,
GO99jgYXXPo,GO99jgYXXPo,4,There are three eggs in the serving.,3.559,,
GO99jgYXXPo,GO99jgYXXPo,5,"The video shows a serving with a few eggs, but the exact number is not clearly visible.",3.559,,
GO99jgYXXPo,GO99jgYXXPo,6,There are three eggs in the serving.,3.559,,
GO99jgYXXPo,GO99jgYXXPo,7,There are three eggs in the serving.,3.559,,
GO99jgYXXPo,GO99jgYXXPo,8,There are four eggs in the serving.,3.559,,
GO99jgYXXPo,GO99jgYXXPo,9,There are 3 eggs in the serving.,3.559,,
GO99jgYXXPo,GO99jgYXXPo,10,The video shows a serving with 5 eggs.,3.559,,
Gp4LVTn3YbY,Gp4LVTn3YbY,1,"The woman exclaims ""SOO SOUR!!"" while holding her mouth, indicating the extreme sourness of the wafer.",3.8828,,
Gp4LVTn3YbY,Gp4LVTn3YbY,2,"After the woman puts the wafer in her mouth, she experiences an extremely sour reaction.",3.8828,,
Gp4LVTn3YbY,Gp4LVTn3YbY,3,"The woman reacts to the sour taste, exclaiming ""SOO SOUR!!""",3.8828,,
Gp4LVTn3YbY,Gp4LVTn3YbY,4,"After the woman puts the wafer in her mouth, she reacts with a facepalm emoji, indicating that the wafer is extremely sour.",3.8828,,
Gp4LVTn3YbY,Gp4LVTn3YbY,5,"After the woman puts the wafer in her mouth, she reacts with ""OMG so crunchy!"" and ""SOO SOUR!!"" while showing expressions of surprise and discomfort.",3.8828,,
Gp4LVTn3YbY,Gp4LVTn3YbY,6,"The woman reacts to the sour taste, exclaiming ""SOO SOUR!!"" with various emojis.",3.8828,,
Gp4LVTn3YbY,Gp4LVTn3YbY,7,"After the woman puts the wafer in her mouth, she experiences an extremely sour taste.",3.8828,,
Gp4LVTn3YbY,Gp4LVTn3YbY,8,"After the woman puts the wafer in her mouth, she experiences a strong sour taste and reacts with expressions of discomfort and surprise.",3.8828,,
Gp4LVTn3YbY,Gp4LVTn3YbY,9,"After the woman puts the wafer in her mouth, she reacts with a ""SOO SOUR!!"" expression and multiple emojis indicating extreme sourness.",3.8828,,
Gp4LVTn3YbY,Gp4LVTn3YbY,10,"After the woman puts the wafer in her mouth, she reacts with a surprised expression and the text ""SOO SOUR!!"" appears on the screen.",3.8828,,
Gq-fFH6p7cQ,Gq-fFH6p7cQ,1,3,3.3797,,
Gq-fFH6p7cQ,Gq-fFH6p7cQ,2,1,3.3797,,
Gq-fFH6p7cQ,Gq-fFH6p7cQ,3,2,3.3797,,
Gq-fFH6p7cQ,Gq-fFH6p7cQ,4,2,3.3797,,
Gq-fFH6p7cQ,Gq-fFH6p7cQ,5,3,3.3797,,
Gq-fFH6p7cQ,Gq-fFH6p7cQ,6,3,3.3797,,
Gq-fFH6p7cQ,Gq-fFH6p7cQ,7,3,3.3797,,
Gq-fFH6p7cQ,Gq-fFH6p7cQ,8,1,3.3797,,
Gq-fFH6p7cQ,Gq-fFH6p7cQ,9,2,3.3797,,
Gq-fFH6p7cQ,Gq-fFH6p7cQ,10,2,3.3797,,
GqcZ_L3yWes,GqcZ_L3yWes,1,"The boy is petting the dog wearing a wig, which is humorously being compared to middle schoolers roasting each other.",3.8267,,
GqcZ_L3yWes,GqcZ_L3yWes,2,The boy is petting the dog wearing a wig while sitting in front of him.,3.8267,,
GqcZ_L3yWes,GqcZ_L3yWes,3,The boy is petting the dog with a wig on sitting in front of him.,3.8267,,
GqcZ_L3yWes,GqcZ_L3yWes,4,The boy is petting the dog wearing a wig.,3.8267,,
GqcZ_L3yWes,GqcZ_L3yWes,5,"The boy is playfully interacting with the dog wearing a wig, possibly tickling or petting it.",3.8267,,
GqcZ_L3yWes,GqcZ_L3yWes,6,The boy is petting the dog with a wig on sitting in front of him.,3.8267,,
GqcZ_L3yWes,GqcZ_L3yWes,7,"The boy is petting the dog with a wig on, which is wearing a black outfit, in a humorous and playful interaction.",3.8267,,
GqcZ_L3yWes,GqcZ_L3yWes,8,The boy is petting the dog with a wig on sitting in front of him.,3.8267,,
GqcZ_L3yWes,GqcZ_L3yWes,9,"The boy is petting the dog with a wig on, sitting in front of him.",3.8267,,
GqcZ_L3yWes,GqcZ_L3yWes,10,"The boy is petting the dog with a wig on, which appears to be part of a playful interaction, possibly as part of a humorous or roasting scenario.",3.8267,,
GRfibNOTJnw,GRfibNOTJnw,1,Two.,3.4925,,
GRfibNOTJnw,GRfibNOTJnw,2,There are two red lollipops in the image.,3.4925,,
GRfibNOTJnw,GRfibNOTJnw,3,There are no red lollipops visible in the image.,3.4925,,
GRfibNOTJnw,GRfibNOTJnw,4,There are two red lollipops in the image.,3.4925,,
GRfibNOTJnw,GRfibNOTJnw,5,There are no red lollipops in the image.,3.4925,,
GRfibNOTJnw,GRfibNOTJnw,6,There is one red lollypop in the video.,3.4925,,
GRfibNOTJnw,GRfibNOTJnw,7,"In the video, there is one red lollipop visible.",3.4925,,
GRfibNOTJnw,GRfibNOTJnw,8,We see one red lollypop in the image.,3.4925,,
GRfibNOTJnw,GRfibNOTJnw,9,There are two red lollipops in the video.,3.4925,,
GRfibNOTJnw,GRfibNOTJnw,10,There is one red lollypop visible in the image.,3.4925,,
Gs4ZVLz6-CE,Gs4ZVLz6-CE,1,The animals in the picture are cats.,3.6422,,
Gs4ZVLz6-CE,Gs4ZVLz6-CE,2,The animals in the picture are cats.,3.6422,,
Gs4ZVLz6-CE,Gs4ZVLz6-CE,3,The animals in the picture are cats.,3.6422,,
Gs4ZVLz6-CE,Gs4ZVLz6-CE,4,The animals in the picture are cats.,3.6422,,
Gs4ZVLz6-CE,Gs4ZVLz6-CE,5,The animals in the picture are cats.,3.6422,,
Gs4ZVLz6-CE,Gs4ZVLz6-CE,6,The animals in the picture are cats.,3.6422,,
Gs4ZVLz6-CE,Gs4ZVLz6-CE,7,The animals in the picture are cats.,3.6422,,
Gs4ZVLz6-CE,Gs4ZVLz6-CE,8,The animals in the pictures are cats.,3.6422,,
Gs4ZVLz6-CE,Gs4ZVLz6-CE,9,The animals in the picture are cats.,3.6422,,
Gs4ZVLz6-CE,Gs4ZVLz6-CE,10,The animals in the picture are cats.,3.6422,,
GSo0ep3dlh4,GSo0ep3dlh4,1,"The woman takes the button-down shirt off her shoulders, ties it around her waist, and then buttons it up to create a new look.",4.2629,,
GSo0ep3dlh4,GSo0ep3dlh4,2,The woman wears the button-down shirt as a halter top by tying it around her neck and shoulders.,4.2629,,
GSo0ep3dlh4,GSo0ep3dlh4,3,The woman ties the button-down shirt around her waist to create a halter-style top.,4.2629,,
GSo0ep3dlh4,GSo0ep3dlh4,4,"The woman removes the sleeves, wraps the shirt around her neck and waist, and tucks it into her pants to create a halter top effect.",4.2629,,
GSo0ep3dlh4,GSo0ep3dlh4,5,The woman transforms the button-down shirt into a stylish halter-style top by tying it around her neck and adjusting it.,4.2629,,
GSo0ep3dlh4,GSo0ep3dlh4,6,The woman transforms the button-down shirt into a halter top by tying the sleeves into a knot at the back of her neck and tucking the shirt into her pants.,4.2629,,
GSo0ep3dlh4,GSo0ep3dlh4,7,The woman wears the button-down shirt as a halter top.,4.2629,,
GSo0ep3dlh4,GSo0ep3dlh4,8,"The woman takes off the button-down shirt, wraps it around her neck, and ties it in a knot to create a stylish halter top.",4.2629,,
GSo0ep3dlh4,GSo0ep3dlh4,9,The woman transforms the button-down shirt into a stylish sleeveless top by tying it around her waist.,4.2629,,
GSo0ep3dlh4,GSo0ep3dlh4,10,The woman transforms the button-down shirt into a halter-style top by tying it around her neck and adjusting it.,4.2629,,
GtTPXrtzEFc,GtTPXrtzEFc,1,"The cat is pawing the doors to control its movements, which it uses to decide whether to go into a room or not.",4.2341,,
GtTPXrtzEFc,GtTPXrtzEFc,2,"The cat is pawing the doors because it is trying to communicate its desire to enter the room, but it cannot see or hear what is happening inside and is therefore confused.",4.2341,,
GtTPXrtzEFc,GtTPXrtzEFc,3,"The cat is pawing the doors because it wants to go inside, but it is unable to see what is happening in the room and is not sure if it can get in.",4.2341,,
GtTPXrtzEFc,GtTPXrtzEFc,4,"The cat is pawing the doors because it is trying to control the situation and ensure that the door is indeed locked, so it can safely enter the room.",4.2341,,
GtTPXrtzEFc,GtTPXrtzEFc,5,The cat is pawing the doors because it wants to get inside and is trying to signal that it wants to go into the room.,4.2341,,
GtTPXrtzEFc,GtTPXrtzEFc,6,The cat is pawing the doors to check if they are closed and to ensure that the way is clear for entry.,4.2341,,
GtTPXrtzEFc,GtTPXrtzEFc,7,The cat is pawing the doors because it wants to enter the room but is not sure if it can.,4.2341,,
GtTPXrtzEFc,GtTPXrtzEFc,8,"The cat is pawing the doors to express its intention to enter the room, as it cannot see what is happening inside and cannot hear if the door is locked.",4.2341,,
GtTPXrtzEFc,GtTPXrtzEFc,9,"The cat is pawing the doors to express its desire to enter the room, as it is unsure whether the door is locked or not.",4.2341,,
GtTPXrtzEFc,GtTPXrtzEFc,10,The cat is pawing the doors because it wants to enter the room and is unsure if the door is locked.,4.2341,,
GuSGaDJsgsE,GuSGaDJsgsE,1,The video starts with a sound that resembles the roar of a fire.,4.1999,,
GuSGaDJsgsE,GuSGaDJsgsE,2,"The sound heard at the beginning of the video is a warning beep, indicating ""Belt on, please.""",4.1999,,
GuSGaDJsgsE,GuSGaDJsgsE,3,"The video starts with a sound of a car engine, suggesting a crash or accident.",4.1999,,
GuSGaDJsgsE,GuSGaDJsgsE,4,"The sound heard at the beginning of the video is a warning message in Korean, ""??? ??? ?????"", which translates to ""Drive carefully on wet roads~"".",4.1999,,
GuSGaDJsgsE,GuSGaDJsgsE,5,"The sound heard at the beginning of the video is a warning message saying ""Be careful driving on the road~"" in Korean.",4.1999,,
GuSGaDJsgsE,GuSGaDJsgsE,6,The sound heard at the beginning of the video is a loud explosion.,4.1999,,
GuSGaDJsgsE,GuSGaDJsgsE,7,"The sound heard at the beginning of the video is a warning message in Korean saying ""Be careful when driving on a steep slope.""",4.1999,,
GuSGaDJsgsE,GuSGaDJsgsE,8,The sound heard at the beginning of the video is a loud explosion or fire.,4.1999,,
GuSGaDJsgsE,GuSGaDJsgsE,9,"The sound heard at the beginning of the video is the text ""??? ??? ?????"" which translates to ""Drive carefully on the rainy road~"" in English.",4.1999,,
GuSGaDJsgsE,GuSGaDJsgsE,10,"The sound heard at the beginning of the video is a warning message in Korean that says ""Be careful driving on the road.""",4.1999,,
GuxpJ5XyL5Q,GuxpJ5XyL5Q,1,"The teacher is standing in a classroom with desks and chairs, observing a student who is organizing the classroom.",3.8426,,
GuxpJ5XyL5Q,GuxpJ5XyL5Q,2,The teacher is cleaning the desks in the classroom.,3.8426,,
GuxpJ5XyL5Q,GuxpJ5XyL5Q,3,The teacher is observing a student who is organizing the desks in the classroom.,3.8426,,
GuxpJ5XyL5Q,GuxpJ5XyL5Q,4,The teacher is arranging all the desks in the classroom.,3.8426,,
GuxpJ5XyL5Q,GuxpJ5XyL5Q,5,The teacher is cleaning the desks in the classroom.,3.8426,,
GuxpJ5XyL5Q,GuxpJ5XyL5Q,6,The teacher is observing the classroom and expressing her appreciation for a student who cleaned the desks before leaving.,3.8426,,
GuxpJ5XyL5Q,GuxpJ5XyL5Q,7,The teacher is walking around the classroom and observing the students.,3.8426,,
GuxpJ5XyL5Q,GuxpJ5XyL5Q,8,"The teacher is observing a student, who is cleaning up the desks, to ensure they are left in a tidy condition before leaving the classroom.",3.8426,,
GuxpJ5XyL5Q,GuxpJ5XyL5Q,9,The teacher is watching a student organize the classroom desks.,3.8426,,
GuxpJ5XyL5Q,GuxpJ5XyL5Q,10,"The teacher is observing the students, who are cleaning the classroom after school hours.",3.8426,,
GWCGF1WpMPc,GWCGF1WpMPc,1,The old woman hands the child a toy.,3.681,,
GWCGF1WpMPc,GWCGF1WpMPc,2,The old woman takes the ball from the kid and puts it in a box.,3.681,,
GWCGF1WpMPc,GWCGF1WpMPc,3,The old woman laughs as the child plays with the contents of the broken ball.,3.681,,
GWCGF1WpMPc,GWCGF1WpMPc,4,The old woman hands the kid a new ball.,3.681,,
GWCGF1WpMPc,GWCGF1WpMPc,5,The old woman claps and cheers for the kid.,3.681,,
GWCGF1WpMPc,GWCGF1WpMPc,6,The old woman hands the kid a new ball.,3.681,,
GWCGF1WpMPc,GWCGF1WpMPc,7,The old woman stands up after the kid breaks the ball.,3.681,,
GWCGF1WpMPc,GWCGF1WpMPc,8,The old woman hands the kid a cup.,3.681,,
GWCGF1WpMPc,GWCGF1WpMPc,9,The old woman helps the child with a toy.,3.681,,
GWCGF1WpMPc,GWCGF1WpMPc,10,The old woman holds the ball and talks to the kid while he continues to play with it.,3.681,,
Gw_73ZoYFr8,Gw_73ZoYFr8,1,There is one book in the video.,3.651,,
Gw_73ZoYFr8,Gw_73ZoYFr8,2,There are no books in the video.,3.651,,
Gw_73ZoYFr8,Gw_73ZoYFr8,3,There are no books in the video.,3.651,,
Gw_73ZoYFr8,Gw_73ZoYFr8,4,There are no books in the video.,3.651,,
Gw_73ZoYFr8,Gw_73ZoYFr8,5,There is one book in the video.,3.651,,
Gw_73ZoYFr8,Gw_73ZoYFr8,6,There is one book in the video.,3.651,,
Gw_73ZoYFr8,Gw_73ZoYFr8,7,There are no books in the video.,3.651,,
Gw_73ZoYFr8,Gw_73ZoYFr8,8,There are no books in the video.,3.651,,
Gw_73ZoYFr8,Gw_73ZoYFr8,9,There are no books in the video.,3.651,,
Gw_73ZoYFr8,Gw_73ZoYFr8,10,There are no books in the video.,3.651,,
GxcEldb2Prw,GxcEldb2Prw,1,"The man is seen gesturing with his hands, which might indicate frustration, as he is talking to the woman who is trying to drive.",3.8304,,
GxcEldb2Prw,GxcEldb2Prw,2,"The man is gesturing with his hands and looking at the woman, indicating he is frustrated or concerned.",3.8304,,
GxcEldb2Prw,GxcEldb2Prw,3,"The man is gesturing with his hands and appears to be talking to the woman, possibly expressing frustration or concern about her driving ability.",3.8304,,
GxcEldb2Prw,GxcEldb2Prw,4,The man's body language and the text overlay suggest he is frustrated with the woman's driving attempt.,3.8304,,
GxcEldb2Prw,GxcEldb2Prw,5,"The man is making a hand gesture that indicates frustration, and the text overlay suggests he is annoyed with the woman's driving.",3.8304,,
GxcEldb2Prw,GxcEldb2Prw,6,"The man is seen making a frustrated gesture with his hand, indicating his frustration with the woman's attempt to drive.",3.8304,,
GxcEldb2Prw,GxcEldb2Prw,7,"The man's frustrated expression and body language, such as the way he is holding his head and gesturing, indicate his frustration.",3.8304,,
GxcEldb2Prw,GxcEldb2Prw,8,"The man is frustrated as indicated by his gestures and the text overlay ""When she tries to drive ????"" which suggests he finds her driving attempts amusing and potentially embarrassing.",3.8304,,
GxcEldb2Prw,GxcEldb2Prw,9,"The man is seen pointing at the woman while she struggles with the car, indicating his frustration.",3.8304,,
GxcEldb2Prw,GxcEldb2Prw,10,"The man is gesturing and looking exasperated, indicating his frustration.",3.8304,,
Gxwk3wdwV08,Gxwk3wdwV08,1,"The man realizes he has been brushing his teeth with toothpaste that has a strong flavor and color, causing the blood in his mouth.",3.7524,,
Gxwk3wdwV08,Gxwk3wdwV08,2,"The man realizes that he has bitten his tongue while brushing his teeth, which resulted in blood running out of his mouth.",3.7524,,
Gxwk3wdwV08,Gxwk3wdwV08,3,The man realizes he has bitten his tongue while brushing his teeth.,3.7524,,
Gxwk3wdwV08,Gxwk3wdwV08,4,The man realizes that he has bitten his lip while brushing his teeth and is bleeding.,3.7524,,
Gxwk3wdwV08,Gxwk3wdwV08,5,The man realizes that he is bleeding from his mouth while brushing his teeth.,3.7524,,
Gxwk3wdwV08,Gxwk3wdwV08,6,"The man realizes he might have bitten his lip or cheek while brushing his teeth, leading to the blood.",3.7524,,
Gxwk3wdwV08,Gxwk3wdwV08,7,The man realizes that he has accidentally swallowed toothpaste and that he needs to spit it out.,3.7524,,
Gxwk3wdwV08,Gxwk3wdwV08,8,"The man realizes that he has bitten his tongue and is bleeding, which leads to him considering whether he should subscribe for more content or not.",3.7524,,
Gxwk3wdwV08,Gxwk3wdwV08,9,The man realizes he has bitten his toothbrush instead of brushing his teeth.,3.7524,,
Gxwk3wdwV08,Gxwk3wdwV08,10,The man realizes that he has bitten the toothbrush while brushing his teeth.,3.7524,,
GYqVa5CA8jM,GYqVa5CA8jM,1,no,3.9711,,
GYqVa5CA8jM,GYqVa5CA8jM,2,No,3.9711,,
GYqVa5CA8jM,GYqVa5CA8jM,3,yes,3.9711,,
GYqVa5CA8jM,GYqVa5CA8jM,4,"No, the little boy does not like his medicine as he looks up at the woman who is giving him the spoon of medicine.",3.9711,,
GYqVa5CA8jM,GYqVa5CA8jM,5,"No, the little boy does not like his medicine.",3.9711,,
GYqVa5CA8jM,GYqVa5CA8jM,6,no,3.9711,,
GYqVa5CA8jM,GYqVa5CA8jM,7,"No, the little boy does not seem to like his medicine.",3.9711,,
GYqVa5CA8jM,GYqVa5CA8jM,8,yes,3.9711,,
GYqVa5CA8jM,GYqVa5CA8jM,9,no,3.9711,,
GYqVa5CA8jM,GYqVa5CA8jM,10,No,3.9711,,
H18wdPYmAOA,H18wdPYmAOA,1,"The skin showed improvement in acne scars, wrinkles, and the appearance of large pores.",3.6445,,
H18wdPYmAOA,H18wdPYmAOA,2,"The skin improved with acne scars, wrinkles, and the appearance of large pores being reduced.",3.6445,,
H18wdPYmAOA,H18wdPYmAOA,3,"The skin improved, with a reduction in acne scars, wrinkles, and the appearance of large pores.",3.6445,,
H18wdPYmAOA,H18wdPYmAOA,4,"The skin improved in acne scars, wrinkles, and the appearance of large pores.",3.6445,,
H18wdPYmAOA,H18wdPYmAOA,5,"The skin improved, reducing acne scars, wrinkles, and the appearance of large pores.",3.6445,,
H18wdPYmAOA,H18wdPYmAOA,6,"The skin showed improvement in acne scars, wrinkles, and the appearance of large pores.",3.6445,,
H18wdPYmAOA,H18wdPYmAOA,7,"The skin improved with a reduction in acne scars, wrinkles, and the appearance of large pores.",3.6445,,
H18wdPYmAOA,H18wdPYmAOA,8,"The skin showed improvement in acne scars, wrinkles, and the appearance of large pores.",3.6445,,
H18wdPYmAOA,H18wdPYmAOA,9,"The skin improved, with reduction in acne scars, wrinkles, and the appearance of large pores.",3.6445,,
H18wdPYmAOA,H18wdPYmAOA,10,"The skin showed improvement in acne scars, wrinkles, and the appearance of large pores after using the new laser resurfacing machine.",3.6445,,
H6npY5v3HVs,H6npY5v3HVs,1,boxing,3.695,,
H6npY5v3HVs,H6npY5v3HVs,2,boxing,3.695,,
H6npY5v3HVs,H6npY5v3HVs,3,The two individuals are engaged in kickboxing.,3.695,,
H6npY5v3HVs,H6npY5v3HVs,4,Boxing,3.695,,
H6npY5v3HVs,H6npY5v3HVs,5,The two individuals are engaged in boxing.,3.695,,
H6npY5v3HVs,H6npY5v3HVs,6,boxing,3.695,,
H6npY5v3HVs,H6npY5v3HVs,7,These two individuals are engaged in boxing.,3.695,,
H6npY5v3HVs,H6npY5v3HVs,8,The two individuals are engaged in boxing.,3.695,,
H6npY5v3HVs,H6npY5v3HVs,9,Boxing.,3.695,,
H6npY5v3HVs,H6npY5v3HVs,10,boxing,3.695,,
H8GzucU2bb0,H8GzucU2bb0,1,"Yes, the child is grateful for getting the i-pad as they hug the person who gave it to them.",3.7505,,
H8GzucU2bb0,H8GzucU2bb0,2,"Yes, the child appears grateful as he reaches out to take the tablet and the man gives him a warm hug.",3.7505,,
H8GzucU2bb0,H8GzucU2bb0,3,"Yes, the child seems happy and grateful for getting the i-pad.",3.7505,,
H8GzucU2bb0,H8GzucU2bb0,4,"The child appears to be happy and excited about receiving the iPad, as indicated by the hug from the adult.",3.7505,,
H8GzucU2bb0,H8GzucU2bb0,5,"Yes, the child appears grateful for receiving the i-pad.",3.7505,,
H8GzucU2bb0,H8GzucU2bb0,6,"Yes, the child appears grateful and excited to receive the i-pad.",3.7505,,
H8GzucU2bb0,H8GzucU2bb0,7,"Yes, the child appears to be grateful for getting the iPad, as indicated by their excited reaction and the embrace from the adult.",3.7505,,
H8GzucU2bb0,H8GzucU2bb0,8,"Yes, the child appears grateful and happy as he reaches out to take the tablet and hugs the person who gave it to him.",3.7505,,
H8GzucU2bb0,H8GzucU2bb0,9,"Yes, the child seems to be grateful for getting the iPad, as he reaches out to take it and is comforted by the adult after receiving it.",3.7505,,
H8GzucU2bb0,H8GzucU2bb0,10,"Yes, the child seems grateful for getting the iPad, as he is shown holding it close and interacting with it happily.",3.7505,,
H9h3o-BKTbM,H9h3o-BKTbM,1,"The young man likely has a funny look on his face because the monkey is dancing in a crowd of people, which is unexpected and amusing.",3.798,,
H9h3o-BKTbM,H9h3o-BKTbM,2,The young man has a funny look on his face because he is surprised and amused by seeing a monkey in a crowd of people at a concert in Ohio.,3.798,,
H9h3o-BKTbM,H9h3o-BKTbM,3,The young man is likely amused or surprised by the unexpected sight of a monkey in a crowd of people at a concert in Ohio.,3.798,,
H9h3o-BKTbM,H9h3o-BKTbM,4,The young man is likely amused or surprised by the unexpected sight of a monkey in a crowd of people at a concert in Ohio.,3.798,,
H9h3o-BKTbM,H9h3o-BKTbM,5,"The young man likely has a funny look on his face because the monkey in a crowd of people is an unusual and unexpected sight at a concert, which is a humorous and surprising moment.",3.798,,
H9h3o-BKTbM,H9h3o-BKTbM,6,"The young man appears to be amused or surprised by the monkey's presence in the crowd, which is an unexpected and humorous sight at a concert.",3.798,,
H9h3o-BKTbM,H9h3o-BKTbM,7,The young man likely has a funny look on his face because he finds the unexpected sight of a monkey in a crowd of people at a concert humorous and amusing.,3.798,,
H9h3o-BKTbM,H9h3o-BKTbM,8,"The young man likely has a funny look on his face because he is amused or surprised by the unexpected sight of a monkey dancing in the crowd at a concert, which is unusual and unexpected in such a setting.",3.798,,
H9h3o-BKTbM,H9h3o-BKTbM,9,"The young man has a funny look on his face because the monkey is dressed up and dancing, which is unexpected and humorous at a concert setting.",3.798,,
H9h3o-BKTbM,H9h3o-BKTbM,10,The young man is likely surprised or amused by the unusual sight of a monkey in a crowd of people at a concert in Ohio.,3.798,,
HALDk0pCfXU,HALDk0pCfXU,1,The dog looks up at the camera with a surprised expression.,3.7199,,
HALDk0pCfXU,HALDk0pCfXU,2,The dog looks up confused and starts to laugh.,3.7199,,
HALDk0pCfXU,HALDk0pCfXU,3,The dog looks at the phone with a confused expression.,3.7199,,
HALDk0pCfXU,HALDk0pCfXU,4,"The dog looks confused and then starts to say ""SCHEDULEEE"".",3.7199,,
HALDk0pCfXU,HALDk0pCfXU,5,"The dog looks at the phone and then starts to react with a surprised expression, showing confusion and frustration.",3.7199,,
HALDk0pCfXU,HALDk0pCfXU,6,The dog makes a surprised expression.,3.7199,,
HALDk0pCfXU,HALDk0pCfXU,7,"The dog looks confused and says, ""I canceled Monday last week,"" then yawns and says, ""ScheduL.""",3.7199,,
HALDk0pCfXU,HALDk0pCfXU,8,"The dog steps on the phone, causing it to vibrate, and then looks surprised.",3.7199,,
HALDk0pCfXU,HALDk0pCfXU,9,The dog steps on the smart phone and makes a surprised expression.,3.7199,,
HALDk0pCfXU,HALDk0pCfXU,10,"The dog looks at the phone screen and says ""I CANCELED MUNDAY LAST WEEK.""",3.7199,,
HAsemyRhNj8,HAsemyRhNj8,1,The 22-year-old in the video gives clues about not being a natty bro by having a beard and being bald.,10.1485,,
HAsemyRhNj8,HAsemyRhNj8,2,"The 22-year-old shows he's not a natural bodybuilder by having a beard and being bald, as highlighted in the video.",10.1485,,
HAsemyRhNj8,HAsemyRhNj8,3,"The 22-year-old hints at not being a natty bro by mentioning he has a beard and is going bald, suggesting he has not been naturally growing his hair.",10.1485,,
HAsemyRhNj8,HAsemyRhNj8,4,"The 22-year-old in the video shows signs of not being a ""natty bro"" by having a beard and being bald, which are not typical characteristics of a natural bodybuilder.",10.1485,,
HAsemyRhNj8,HAsemyRhNj8,5,"The 22-year-old in the video gives clues about not being a natural bodybuilder by having a beard and being bald, which are typically associated with older individuals rather than young bodybuilders.",10.1485,,
HAsemyRhNj8,HAsemyRhNj8,6,"The 22-year-old is wearing a beard and is bald, which are considered clues that he may not be a natural bodybuilder.",10.1485,,
HAsemyRhNj8,HAsemyRhNj8,7,"The 22-year-old displays a beard and is in the gym, which might suggest he is not a natural bodybuilder.",10.1485,,
HAsemyRhNj8,HAsemyRhNj8,8,"The 22-year-old gives clues about not being a natty bro by mentioning that he has a beard and is not bald, indicating that he is not a natural bodybuilder.",10.1485,,
HAsemyRhNj8,HAsemyRhNj8,9,"The 22-year-old displays a full beard and a bald head, which are not typical features for a natural bodybuilder.",10.1485,,
HAsemyRhNj8,HAsemyRhNj8,10,"The 22-year-old shows his beard and bald head, indicating he's not a natural bodybuilder.",10.1485,,
HC74qkV2-YA,HC74qkV2-YA,1,The men are seen picking up the paper from the floor and discussing its significance.,4.0366,,
HC74qkV2-YA,HC74qkV2-YA,2,The men pick up the paper from the floor.,4.0366,,
HC74qkV2-YA,HC74qkV2-YA,3,The men pick up the paper from the floor and continue to clean the room.,4.0366,,
HC74qkV2-YA,HC74qkV2-YA,4,"The men are seen picking up the paper from the floor, possibly as part of a cleaning or organizing activity.",4.0366,,
HC74qkV2-YA,HC74qkV2-YA,5,The men pick up the paper from the floor.,4.0366,,
HC74qkV2-YA,HC74qkV2-YA,6,The men pick up the paper on the floor and throw it away as part of the cleaning process.,4.0366,,
HC74qkV2-YA,HC74qkV2-YA,7,The men pick up the paper from the floor and continue to clean up the cluttered room.,4.0366,,
HC74qkV2-YA,HC74qkV2-YA,8,The men pick up the paper from the floor and organize it.,4.0366,,
HC74qkV2-YA,HC74qkV2-YA,9,The men pick up the paper on the floor and sort through the cluttered room.,4.0366,,
HC74qkV2-YA,HC74qkV2-YA,10,The men pick up the paper from the floor.,4.0366,,
HCE45LGztlo,HCE45LGztlo,1,"When you commit a sin, a large red heart symbol appears above your head, indicating the negative impact on your spiritual well-being.",4.2949,,
HCE45LGztlo,HCE45LGztlo,2,"When you commit a sin, a heart appears above your head, symbolizing the impact of your actions on your inner self.",4.2949,,
HCE45LGztlo,HCE45LGztlo,3,"When you commit a sin, a large heart symbol appears above your head, indicating the negative impact of the action.",4.2949,,
HCE45LGztlo,HCE45LGztlo,4,"When you commit a sin, the heart becomes black, indicating a state of displeasure and sorrow.",4.2949,,
HCE45LGztlo,HCE45LGztlo,5,"When you commit a sin, it causes a red heart to appear, symbolizing the negative effect on your heart and soul.",4.2949,,
HCE45LGztlo,HCE45LGztlo,6,"When you commit a sin, you may experience consequences such as feelings of remorse or guilt, and it can negatively impact your relationships with others.",4.2949,,
HCE45LGztlo,HCE45LGztlo,7,"The heart in the image appears to be depicted as being scorched by flames, which could symbolize the negative impact of committing a sin, as suggested by the Hadith from Tirmidhi mentioned in the image.",4.2949,,
HCE45LGztlo,HCE45LGztlo,8,"When you commit a sin, you might experience negative consequences or negative emotions, as depicted in the image where the character with the heart feels unwell after a heart attack.",4.2949,,
HCE45LGztlo,HCE45LGztlo,9,"When you commit a sin, a large red heart with black stripes appears above your head, symbolizing the negative impact of sin on your character and morality.",4.2949,,
HCE45LGztlo,HCE45LGztlo,10,"When you commit a sin, you may experience feelings of remorse and negative consequences, as depicted by the characters in the video who are shown with a heart symbol, indicating the emotional impact of their actions.",4.2949,,
HcvOhX3n784,HcvOhX3n784,1,"By the end of the video, the woman is holding a fluffy dog and smiling.",4.0363,,
HcvOhX3n784,HcvOhX3n784,2,The woman is holding a small white dog.,4.0363,,
HcvOhX3n784,HcvOhX3n784,3,The person is holding a fluffy white dog and smiling.,4.0363,,
HcvOhX3n784,HcvOhX3n784,4,"By the end of the video, the woman is holding a fluffy white dog while smiling.",4.0363,,
HcvOhX3n784,HcvOhX3n784,5,"By the end of the video, the woman is seen holding a fluffy white dog.",4.0363,,
HcvOhX3n784,HcvOhX3n784,6,"By the end of the video, the woman is holding a small white dog with a yellow collar.",4.0363,,
HcvOhX3n784,HcvOhX3n784,7,The person is holding a small fluffy dog and smiling.,4.0363,,
HcvOhX3n784,HcvOhX3n784,8,"By the end of the video, the woman is holding a fluffy white dog and smiling at the camera.",4.0363,,
HcvOhX3n784,HcvOhX3n784,9,"By the end of the video, the woman is holding a small fluffy dog and smiling.",4.0363,,
HcvOhX3n784,HcvOhX3n784,10,The person is holding a small dog and smiling.,4.0363,,
HD2_qedLUTE,HD2_qedLUTE,1,"""Your not a cop cop vests black"" and ""J. GURARTE.""",3.5697,,
HD2_qedLUTE,HD2_qedLUTE,2,"The first two sentences spoken in the video are ""nugget"" and ""your not a cop cop vests black"".",3.5697,,
HD2_qedLUTE,HD2_qedLUTE,3,"The first two sentences spoken in the video are ""your not a cop cop vests black.""",3.5697,,
HD2_qedLUTE,HD2_qedLUTE,4,"The first two sentences spoken in the video are ""nugget"" and ""your not a cop cop vests black.""",3.5697,,
HD2_qedLUTE,HD2_qedLUTE,5,"Nugget: ""Your not a cop cop vests black.""",3.5697,,
HD2_qedLUTE,HD2_qedLUTE,6,"The first two sentences spoken in the video are ""nugget"" and ""your not a cop cop vests black.""",3.5697,,
HD2_qedLUTE,HD2_qedLUTE,7,"The first two sentences spoken in the video are ""your not a cop cop vests black.""",3.5697,,
HD2_qedLUTE,HD2_qedLUTE,8,"The first two sentences spoken in the video are ""nugget"" and ""your not a cop cop vests black.""",3.5697,,
HD2_qedLUTE,HD2_qedLUTE,9,"The first two sentences spoken in the video are ""your not a cop cop vests black.""",3.5697,,
HD2_qedLUTE,HD2_qedLUTE,10,"""Your not a cop cop vests black""",3.5697,,
HD9FEp5RDRs,HD9FEp5RDRs,1,The water bowl is on the floor of the vehicle.,3.9303,,
HD9FEp5RDRs,HD9FEp5RDRs,2,"The water bowl is on the floor of the vehicle, near the German Shepherd.",3.9303,,
HD9FEp5RDRs,HD9FEp5RDRs,3,The water bowl is inside the vehicle where the dog is sitting.,3.9303,,
HD9FEp5RDRs,HD9FEp5RDRs,4,"The water bowl is inside the vehicle, near the dog.",3.9303,,
HD9FEp5RDRs,HD9FEp5RDRs,5,The water bowl is on the floor of the vehicle where the dog is standing.,3.9303,,
HD9FEp5RDRs,HD9FEp5RDRs,6,The water bowl is on the floor of the vehicle in which the dog is standing.,3.9303,,
HD9FEp5RDRs,HD9FEp5RDRs,7,"The water bowl is on the floor of the vehicle, to the left of the dog.",3.9303,,
HD9FEp5RDRs,HD9FEp5RDRs,8,"The water bowl is on the floor of the vehicle, to the left of the dog.",3.9303,,
HD9FEp5RDRs,HD9FEp5RDRs,9,"The water bowl is inside the police vehicle, next to the dog.",3.9303,,
HD9FEp5RDRs,HD9FEp5RDRs,10,"The water bowl is in the vehicle, not visible in the image.",3.9303,,
HhJRo_1C5iY,HhJRo_1C5iY,1,The dog is likely barking and hitting the woman with his paw because he wants treats.,4.1823,,
HhJRo_1C5iY,HhJRo_1C5iY,2,The dog is barking and hitting the woman with his paw because it wants treats.,4.1823,,
HhJRo_1C5iY,HhJRo_1C5iY,3,The dog is barking and hitting the woman with his paw because it wants treats.,4.1823,,
HhJRo_1C5iY,HhJRo_1C5iY,4,"The dog is barking and hitting the woman with his paw because he wants treats, as indicated by the text overlay ""Gimme treats"" and ""Then go buy some!""",4.1823,,
HhJRo_1C5iY,HhJRo_1C5iY,5,The dog is barking and hitting the woman with his paw because he wants treats.,4.1823,,
HhJRo_1C5iY,HhJRo_1C5iY,6,"The dog is barking and hitting the woman with his paw because it wants treats, as indicated by the text overlay ""Gimme treats"" and ""Then go buy some!""",4.1823,,
HhJRo_1C5iY,HhJRo_1C5iY,7,The dog is barking and hitting the woman with his paw because he wants treats.,4.1823,,
HhJRo_1C5iY,HhJRo_1C5iY,8,The dog is likely trying to get the woman's attention to request treats or attention.,4.1823,,
HhJRo_1C5iY,HhJRo_1C5iY,9,The dog is barking and hitting the woman with his paw because he wants treats and is asking her to get them.,4.1823,,
HhJRo_1C5iY,HhJRo_1C5iY,10,The dog is barking and hitting the woman with his paw because he wants treats and she is not giving them to him.,4.1823,,
HhlU4N9Lo3Q,HhlU4N9Lo3Q,1,The model in the blue outfit is doing two exercises.,4.2808,,
HhlU4N9Lo3Q,HhlU4N9Lo3Q,2,2,4.2808,,
HhlU4N9Lo3Q,HhlU4N9Lo3Q,3,3,4.2808,,
HhlU4N9Lo3Q,HhlU4N9Lo3Q,4,The model with the blue outfit is doing two exercises.,4.2808,,
HhlU4N9Lo3Q,HhlU4N9Lo3Q,5,The model with the blue outfit is doing 3 exercises.,4.2808,,
HhlU4N9Lo3Q,HhlU4N9Lo3Q,6,The model with the blue outfit is doing two exercises.,4.2808,,
HhlU4N9Lo3Q,HhlU4N9Lo3Q,7,2,4.2808,,
HhlU4N9Lo3Q,HhlU4N9Lo3Q,8,"The model in the blue outfit is performing two exercises: ""?????????30?? (Lie on your back"," single leg bend 30 times) and """"?????????30??"" (Lie on your side"," single leg side kick 30 times).""",4.2808
HhlU4N9Lo3Q,HhlU4N9Lo3Q,9,Two exercises.,4.2808,,
HhlU4N9Lo3Q,HhlU4N9Lo3Q,10,"The model in the blue outfit is doing two exercises: ""?????????30?? (Lie on your back"," single leg bend 30 times) and """"?????????30??"" (Lie on your side"," single leg side kick 30 times).""",4.2808
HhyW9mStn7Y,HhyW9mStn7Y,1,Two scores are shown in the video.,3.3679,,
HhyW9mStn7Y,HhyW9mStn7Y,2,1,3.3679,,
HhyW9mStn7Y,HhyW9mStn7Y,3,There are two scores shown in the video.,3.3679,,
HhyW9mStn7Y,HhyW9mStn7Y,4,One score.,3.3679,,
HhyW9mStn7Y,HhyW9mStn7Y,5,One,3.3679,,
HhyW9mStn7Y,HhyW9mStn7Y,6,There is one score shown in the video.,3.3679,,
HhyW9mStn7Y,HhyW9mStn7Y,7,"We see one score in the video, which is the touchdown scored by the player in the black jersey.",3.3679,,
HhyW9mStn7Y,HhyW9mStn7Y,8,One.,3.3679,,
HhyW9mStn7Y,HhyW9mStn7Y,9,Two,3.3679,,
HhyW9mStn7Y,HhyW9mStn7Y,10,One,3.3679,,
HI2ZUfgeX0w,HI2ZUfgeX0w,1,"The people appear to be waiting in a large indoor space, possibly a warehouse or a similar structure, as they are listening to a ""seek shelter"" warning.",3.8559,,
HI2ZUfgeX0w,HI2ZUfgeX0w,2,"The people appear to be waiting in a large indoor space, likely a warehouse or industrial building, as they listen to a ""seek shelter"" warning.",3.8559,,
HI2ZUfgeX0w,HI2ZUfgeX0w,3,"They appear to be waiting in a large, open indoor space, possibly a warehouse or a large store, as they listen to a ""seek shelter"" warning.",3.8559,,
HI2ZUfgeX0w,HI2ZUfgeX0w,4,"These people appear to be waiting in a large, indoor commercial space, likely a mall, as they listen to a ""seek shelter"" warning.",3.8559,,
HI2ZUfgeX0w,HI2ZUfgeX0w,5,"These people appear to be waiting in a large indoor space, likely a building or a community center, as they listen to a ""seek shelter"" warning, possibly during an emergency situation.",3.8559,,
HI2ZUfgeX0w,HI2ZUfgeX0w,6,"These people appear to be waiting in a large, open indoor space, possibly a community center or school, as they are listening to a ""seek shelter"" warning, likely in response to a severe weather event.",3.8559,,
HI2ZUfgeX0w,HI2ZUfgeX0w,7,"The people appear to be waiting in a large indoor space, possibly a store or a building, as they listen to a ""seek shelter"" warning, which could indicate a potential emergency or evacuation situation.",3.8559,,
HI2ZUfgeX0w,HI2ZUfgeX0w,8,"The people appear to be waiting in a large indoor space, possibly a warehouse or a temporary shelter, as they are listening to a ""seek shelter"" warning.",3.8559,,
HI2ZUfgeX0w,HI2ZUfgeX0w,9,"The people appear to be waiting in a large indoor space, possibly a community center or another type of shelter, as they listen to a ""seek shelter"" warning, likely in response to a severe weather event or emergency.",3.8559,,
HI2ZUfgeX0w,HI2ZUfgeX0w,10,"The people appear to be waiting in a large indoor area, possibly a warehouse or a construction site, as they are listening to a ""seek shelter"" warning.",3.8559,,
HIA3EZSjD3k,HIA3EZSjD3k,1,There are two phones in the video.,3.7814,,
HIA3EZSjD3k,HIA3EZSjD3k,2,There are two phones in the video.,3.7814,,
HIA3EZSjD3k,HIA3EZSjD3k,3,There is one phone in the video.,3.7814,,
HIA3EZSjD3k,HIA3EZSjD3k,4,There is one phone in the video.,3.7814,,
HIA3EZSjD3k,HIA3EZSjD3k,5,Two phones are visible in the video.,3.7814,,
HIA3EZSjD3k,HIA3EZSjD3k,6,There are two phones in the video.,3.7814,,
HIA3EZSjD3k,HIA3EZSjD3k,7,Two phones are visible in the video.,3.7814,,
HIA3EZSjD3k,HIA3EZSjD3k,8,There are two phones in the video.,3.7814,,
HIA3EZSjD3k,HIA3EZSjD3k,9,There are two phones in the video.,3.7814,,
HIA3EZSjD3k,HIA3EZSjD3k,10,There are two phones in the video.,3.7814,,
HIE5JGhq9XU,HIE5JGhq9XU,1,"The girls appear to be young, likely around 5-8 years old.",3.4806,,
HIE5JGhq9XU,HIE5JGhq9XU,2,The girls appear to be around 5-7 years old.,3.4806,,
HIE5JGhq9XU,HIE5JGhq9XU,3,The girls appear to be around 10-12 years old.,3.4806,,
HIE5JGhq9XU,HIE5JGhq9XU,4,The girls appear to be around 10-12 years old.,3.4806,,
HIE5JGhq9XU,HIE5JGhq9XU,5,The girls appear to be around 10-12 years old.,3.4806,,
HIE5JGhq9XU,HIE5JGhq9XU,6,"The girls appear to be young, likely around 5-7 years old.",3.4806,,
HIE5JGhq9XU,HIE5JGhq9XU,7,The girls appear to be around 10-12 years old.,3.4806,,
HIE5JGhq9XU,HIE5JGhq9XU,8,The girls appear to be around 10-12 years old.,3.4806,,
HIE5JGhq9XU,HIE5JGhq9XU,9,The girls appear to be around 8-10 years old.,3.4806,,
HIE5JGhq9XU,HIE5JGhq9XU,10,The girls appear to be around 10 years old.,3.4806,,
HifNO8jnX-w,HifNO8jnX-w,1,The woman is using her hand to crush the egg.,3.4178,,
HifNO8jnX-w,HifNO8jnX-w,2,Her hand.,3.4178,,
HifNO8jnX-w,HifNO8jnX-w,3,The woman is using a rolling pin to crush the egg.,3.4178,,
HifNO8jnX-w,HifNO8jnX-w,4,The woman is using her hand to crush the egg.,3.4178,,
HifNO8jnX-w,HifNO8jnX-w,5,Her hands.,3.4178,,
HifNO8jnX-w,HifNO8jnX-w,6,The woman is using her hands to crush the egg.,3.4178,,
HifNO8jnX-w,HifNO8jnX-w,7,The woman is using her hand to crush the egg.,3.4178,,
HifNO8jnX-w,HifNO8jnX-w,8,The woman is using a rolling pin to crush the egg.,3.4178,,
HifNO8jnX-w,HifNO8jnX-w,9,The woman is using a rolling pin to crush the egg.,3.4178,,
HifNO8jnX-w,HifNO8jnX-w,10,The woman is using her hands to crush the egg.,3.4178,,
HJpXxOUYDxE,HJpXxOUYDxE,1,"After the woman motorcyclist looks and the man, she rides the motorcycle around a curve on the road.",3.8357,,
HJpXxOUYDxE,HJpXxOUYDxE,2,The woman starts the motorcycle and begins riding around a track.,3.8357,,
HJpXxOUYDxE,HJpXxOUYDxE,3,The woman motorcyclist rides off on the track.,3.8357,,
HJpXxOUYDxE,HJpXxOUYDxE,4,The woman motorcyclist rides the motorcycle around a curve on the road.,3.8357,,
HJpXxOUYDxE,HJpXxOUYDxE,5,The woman starts riding the motorcycle and drives around a curve on the track.,3.8357,,
HJpXxOUYDxE,HJpXxOUYDxE,6,The woman motorcyclist rides the blue motorcycle around a curve.,3.8357,,
HJpXxOUYDxE,HJpXxOUYDxE,7,The woman motorcyclist gets on the bike and rides away.,3.8357,,
HJpXxOUYDxE,HJpXxOUYDxE,8,The woman motorcyclist rides her motorcycle on the road.,3.8357,,
HJpXxOUYDxE,HJpXxOUYDxE,9,The woman motorcyclist starts riding her motorcycle.,3.8357,,
HJpXxOUYDxE,HJpXxOUYDxE,10,The woman motorcyclist starts riding the motorcycle.,3.8357,,
HkaGKlpb05k,HkaGKlpb05k,1,The painter started work after the drywall was completely finished.,3.6214,,
HkaGKlpb05k,HkaGKlpb05k,2,The painter started work after the drywall was completely finished.,3.6214,,
HkaGKlpb05k,HkaGKlpb05k,3,The painter started work after the drywall was completely finished.,3.6214,,
HkaGKlpb05k,HkaGKlpb05k,4,The painters started work after the drywall was completely finished.,3.6214,,
HkaGKlpb05k,HkaGKlpb05k,5,The painter started work after the drywall was completely finished.,3.6214,,
HkaGKlpb05k,HkaGKlpb05k,6,The painter started work after the drywall was completely finished.,3.6214,,
HkaGKlpb05k,HkaGKlpb05k,7,The painter started work after the drywall was completely finished.,3.6214,,
HkaGKlpb05k,HkaGKlpb05k,8,The painter started work after the drywall was completely finished.,3.6214,,
HkaGKlpb05k,HkaGKlpb05k,9,The painters started working after the drywall was completely finished.,3.6214,,
HkaGKlpb05k,HkaGKlpb05k,10,The painter started work after the drywall was completely finished.,3.6214,,
HkUqgG3OPkA,HkUqgG3OPkA,1,A muscular man flexing his muscles in front of a mirror is seen after the boxer avoids a kick to the head by bending backward.,4,,
HkUqgG3OPkA,HkUqgG3OPkA,2,"The video transitions to a muscular man flexing his biceps, showcasing his physique.",4,,
HkUqgG3OPkA,HkUqgG3OPkA,3,The video transitions to a muscular man flexing his biceps in a gym.,4,,
HkUqgG3OPkA,HkUqgG3OPkA,4,"The video transitions to a scene with a muscular man flexing his arm, showcasing his bicep.",4,,
HkUqgG3OPkA,HkUqgG3OPkA,5,The scene shifts to a muscular man in a white tank top flexing his muscles.,4,,
HkUqgG3OPkA,HkUqgG3OPkA,6,The scene shifts to a muscular man flexing his muscles in a gym.,4,,
HkUqgG3OPkA,HkUqgG3OPkA,7,The video transitions to a muscular man flexing his biceps in a gym.,4,,
HkUqgG3OPkA,HkUqgG3OPkA,8,The video transitions to a muscular man flexing his biceps.,4,,
HkUqgG3OPkA,HkUqgG3OPkA,9,A muscular man in a white tank top flexing his muscles is seen after the boxer avoids a kick to the head by bending backward.,4,,
HkUqgG3OPkA,HkUqgG3OPkA,10,The scene transitions to a muscular man flexing his muscles in front of a mirror.,4,,
Hn39NgRMxtY,Hn39NgRMxtY,1,"They are practicing gymnastics, as indicated by the trampoline and the setting of the gym.",4.2656,,
Hn39NgRMxtY,Hn39NgRMxtY,2,"They are performing acrobatic exercises on gymnastics equipment, as part of their training and practice in the gym.",4.2656,,
Hn39NgRMxtY,Hn39NgRMxtY,3,"They are performing gymnastics exercises, likely practicing or competing in a gymnastics event.",4.2656,,
Hn39NgRMxtY,Hn39NgRMxtY,4,"They are performing gymnastic exercises on the parallel bars, which involve swinging and flipping through the air.",4.2656,,
Hn39NgRMxtY,Hn39NgRMxtY,5,"The men are performing gymnastics exercises, specifically on the rings, which involves swinging through the air as part of their routine.",4.2656,,
Hn39NgRMxtY,Hn39NgRMxtY,6,"They are practicing gymnastics, which involves swinging and leaping through the air using apparatus like the parallel bars.",4.2656,,
Hn39NgRMxtY,Hn39NgRMxtY,7,"They are performing gymnastics routines, including flips and swings, in a gym.",4.2656,,
Hn39NgRMxtY,Hn39NgRMxtY,8,"They are performing gymnastics routines, including swings on the rings, which can sometimes lead to falls.",4.2656,,
Hn39NgRMxtY,Hn39NgRMxtY,9,"They are performing gymnastic exercises on the parallel bars, as shown in the video.",4.2656,,
Hn39NgRMxtY,Hn39NgRMxtY,10,They are practicing gymnastics moves on the parallel bars.,4.2656,,
Ho6rVzAF_9s,Ho6rVzAF_9s,1,The off and on engine switch is on the left side of the handlebars.,3.8047,,
Ho6rVzAF_9s,Ho6rVzAF_9s,2,The off and on engine switch is on the left side of the handlebars.,3.8047,,
Ho6rVzAF_9s,Ho6rVzAF_9s,3,The off and on engine switch is on the left side of the handlebars.,3.8047,,
Ho6rVzAF_9s,Ho6rVzAF_9s,4,The off and on engine switch is on the left side of the handlebars.,3.8047,,
Ho6rVzAF_9s,Ho6rVzAF_9s,5,The off and on engine switch is on the right side of the handlebars.,3.8047,,
Ho6rVzAF_9s,Ho6rVzAF_9s,6,The off and on engine switch is on the left side of the handlebars.,3.8047,,
Ho6rVzAF_9s,Ho6rVzAF_9s,7,The off and on engine switch is on the left side of the handlebars.,3.8047,,
Ho6rVzAF_9s,Ho6rVzAF_9s,8,The off and on engine switch is on the left side of the handlebars.,3.8047,,
Ho6rVzAF_9s,Ho6rVzAF_9s,9,The off and on engine switch is on the right side of the handlebars.,3.8047,,
Ho6rVzAF_9s,Ho6rVzAF_9s,10,The off and on engine switch is on the right side of the handlebars.,3.8047,,
HpAFuQ51Fmg,HpAFuQ51Fmg,1,The girl is hiding in a trash can.,3.88,,
HpAFuQ51Fmg,HpAFuQ51Fmg,2,The girl is hiding in a trash bin.,3.88,,
HpAFuQ51Fmg,HpAFuQ51Fmg,3,The girl is hiding inside a large green trash can.,3.88,,
HpAFuQ51Fmg,HpAFuQ51Fmg,4,The girl is hiding in a trash can.,3.88,,
HpAFuQ51Fmg,HpAFuQ51Fmg,5,The girl is hiding in a trash can.,3.88,,
HpAFuQ51Fmg,HpAFuQ51Fmg,6,The girl is hiding in a large green trash can.,3.88,,
HpAFuQ51Fmg,HpAFuQ51Fmg,7,The girl is hiding in a large green trash bin.,3.88,,
HpAFuQ51Fmg,HpAFuQ51Fmg,8,The girl is hiding in a trash can.,3.88,,
HpAFuQ51Fmg,HpAFuQ51Fmg,9,The girl is hiding inside a large green trash can.,3.88,,
HpAFuQ51Fmg,HpAFuQ51Fmg,10,The girl is hiding in a trash bin.,3.88,,
Ht0eoZvmPo4,Ht0eoZvmPo4,1,The deer falls to the ground after being shot.,3.7959,,
Ht0eoZvmPo4,Ht0eoZvmPo4,2,"The video ends with a shot being fired, indicating the deer is likely hit.",3.7959,,
Ht0eoZvmPo4,Ht0eoZvmPo4,3,The deer falls to the ground after being shot by the archer.,3.7959,,
Ht0eoZvmPo4,Ht0eoZvmPo4,4,"The video ends with a shot being fired from a bow, indicating the deer is hit.",3.7959,,
Ht0eoZvmPo4,Ht0eoZvmPo4,5,"The video ends with a distant shot of a field, suggesting the deer has been hunted and is no longer visible.",3.7959,,
Ht0eoZvmPo4,Ht0eoZvmPo4,6,"The video ends with a serene shot of the deer lying down in the field, creating a peaceful and natural scene.",3.7959,,
Ht0eoZvmPo4,Ht0eoZvmPo4,7,A deer is hit by an arrow and falls to the ground.,3.7959,,
Ht0eoZvmPo4,Ht0eoZvmPo4,8,"A deer is seen running across a field, indicating it was startled or chased.",3.7959,,
Ht0eoZvmPo4,Ht0eoZvmPo4,9,The deer falls to the ground after being shot with an arrow.,3.7959,,
Ht0eoZvmPo4,Ht0eoZvmPo4,10,"The deer disappears into the field, blending into the landscape.",3.7959,,
HT9Eo6Si5Mo,HT9Eo6Si5Mo,1,"A tall, eerie skeleton figure with a mischievous grin and glowing eyes emerges from the campsite, casting an unsettling presence over the area.",3.7862,,
HT9Eo6Si5Mo,HT9Eo6Si5Mo,2,"A tall, skeletal creature with a bear-like head and glowing eyes approaches the campsite, its eyes glowing ominously.",3.7862,,
HT9Eo6Si5Mo,HT9Eo6Si5Mo,3,"A tall figure with a bear head and a wide grin descends from the sky, standing over a campsite with a glowing lantern.",3.7862,,
HT9Eo6Si5Mo,HT9Eo6Si5Mo,4,"A tall, skeletal figure with glowing lanterns for hands and a wide, toothy grin suddenly appears in the campsite, creating an eerie atmosphere.",3.7862,,
HT9Eo6Si5Mo,HT9Eo6Si5Mo,5,"The tall figure is revealed to be a menacing skeleton with glowing eyes and a wide grin, standing in the middle of the campsite.",3.7862,,
HT9Eo6Si5Mo,HT9Eo6Si5Mo,6,"A tall, eerie figure with a skeletal appearance and glowing lanterns for hands is revealed, standing ominously over the campsite.",3.7862,,
HT9Eo6Si5Mo,HT9Eo6Si5Mo,7,"A tall, skeletal figure with a mischievous grin and glowing eyes appears, illuminating the campsite with its eerie light.",3.7862,,
HT9Eo6Si5Mo,HT9Eo6Si5Mo,8,"The tall figure transforms into a skeletal creature with a menacing grin, standing in a dark, eerie forest.",3.7862,,
HT9Eo6Si5Mo,HT9Eo6Si5Mo,9,"A tall, skeletal creature with a bear-like head and glowing lanterns for hands and feet emerges from the darkness, standing over the campfire, creating an eerie and ominous atmosphere.",3.7862,,
HT9Eo6Si5Mo,HT9Eo6Si5Mo,10,"The tall figure, revealed to be a skeletal bear with glowing lanterns, lowers itself to reveal a glowing book, which it then places on the ground.",3.7862,,
HtZ2KVuDfIo,HtZ2KVuDfIo,1,"The woman gives a thumbs up and makes a ""okay"" sign with her hand, indicating she enjoyed the cookie.",4.031,,
HtZ2KVuDfIo,HtZ2KVuDfIo,2,"The woman gives a thumbs up and makes an ""okay"" hand gesture after taking a bite of the cookie.",4.031,,
HtZ2KVuDfIo,HtZ2KVuDfIo,3,"The woman gives a thumbs up and an ""OK"" gesture, indicating she enjoyed the cookie.",4.031,,
HtZ2KVuDfIo,HtZ2KVuDfIo,4,"After the woman takes a bite of the cookie, she gives a thumbs up and an okay gesture, indicating her approval.",4.031,,
HtZ2KVuDfIo,HtZ2KVuDfIo,5,"After taking a bite of the cookie, the woman gives a thumbs up and a peace sign.",4.031,,
HtZ2KVuDfIo,HtZ2KVuDfIo,6,The woman makes a thumbs-up gesture and appears to enjoy the cookie.,4.031,,
HtZ2KVuDfIo,HtZ2KVuDfIo,7,The woman gives a thumbs up and an okay sign after taking a bite of the cookie.,4.031,,
HtZ2KVuDfIo,HtZ2KVuDfIo,8,"After taking a bite of the cookie, the woman gives a thumbs up and makes an ""okay"" sign with her hand.",4.031,,
HtZ2KVuDfIo,HtZ2KVuDfIo,9,"The woman gives a thumbs up and makes an ""OK"" gesture with her hand, indicating she enjoyed the cookie.",4.031,,
HtZ2KVuDfIo,HtZ2KVuDfIo,10,The woman gives a thumbs up and an okay sign to the camera.,4.031,,
HUs-7p9QAMk,HUs-7p9QAMk,1,The man is wearing a harness for safety while working at height on a construction site to prevent falls and ensure his safety.,3.7228,,
HUs-7p9QAMk,HUs-7p9QAMk,2,The man is wearing a harness to ensure his safety while working at heights on a construction site.,3.7228,,
HUs-7p9QAMk,HUs-7p9QAMk,3,The man is wearing a harness to ensure his safety while working at a high elevation on the construction site.,3.7228,,
HUs-7p9QAMk,HUs-7p9QAMk,4,"The man is wearing a harness to ensure safety while working at heights, providing secure attachment points for fall protection equipment and allowing him to move around safely on the scaffolding.",3.7228,,
HUs-7p9QAMk,HUs-7p9QAMk,5,"The man is wearing a harness for safety while working at such a high altitude, to prevent falling and ensure his safety.",3.7228,,
HUs-7p9QAMk,HUs-7p9QAMk,6,"The man is wearing a harness for safety while working at heights on a construction site, to prevent falls and ensure his safety.",3.7228,,
HUs-7p9QAMk,HUs-7p9QAMk,7,The man is wearing a harness for safety while working at a high elevation on a construction site.,3.7228,,
HUs-7p9QAMk,HUs-7p9QAMk,8,The man is wearing a harness to ensure his safety while working at heights on the construction site.,3.7228,,
HUs-7p9QAMk,HUs-7p9QAMk,9,The man is wearing a harness for safety while working at heights on the scaffolding to prevent falls and ensure his safety.,3.7228,,
HUs-7p9QAMk,HUs-7p9QAMk,10,The man is wearing a harness to ensure his safety while working at a high altitude on the scaffolding.,3.7228,,
HVh_en2b0-U,HVh_en2b0-U,1,There are two French doors behind the man in the video.,3.6819,,
HVh_en2b0-U,HVh_en2b0-U,2,0,3.6819,,
HVh_en2b0-U,HVh_en2b0-U,3,0,3.6819,,
HVh_en2b0-U,HVh_en2b0-U,4,0,3.6819,,
HVh_en2b0-U,HVh_en2b0-U,5,One.,3.6819,,
HVh_en2b0-U,HVh_en2b0-U,6,0,3.6819,,
HVh_en2b0-U,HVh_en2b0-U,7,0,3.6819,,
HVh_en2b0-U,HVh_en2b0-U,8,1,3.6819,,
HVh_en2b0-U,HVh_en2b0-U,9,0,3.6819,,
HVh_en2b0-U,HVh_en2b0-U,10,0,3.6819,,
HvYkXvDkuPc,HvYkXvDkuPc,1,The video ends with a person being hit by a water balloon.,4.1593,,
HvYkXvDkuPc,HvYkXvDkuPc,2,"The video ends with a dark scene where a person is seen holding a phone, possibly indicating a transition or a moment of reflection.",4.1593,,
HvYkXvDkuPc,HvYkXvDkuPc,3,The video ends with a person holding a phone and a dark room.,4.1593,,
HvYkXvDkuPc,HvYkXvDkuPc,4,The video ends with a shot of a classroom with students sitting at desks.,4.1593,,
HvYkXvDkuPc,HvYkXvDkuPc,5,"The video ends with a group of people in a dimly lit room, possibly engaged in a discussion or meeting.",4.1593,,
HvYkXvDkuPc,HvYkXvDkuPc,6,"The video ends with a group of people standing in a dark room, some wearing masks.",4.1593,,
HvYkXvDkuPc,HvYkXvDkuPc,7,"The video ends with a dark, blurry scene that is difficult to interpret.",4.1593,,
HvYkXvDkuPc,HvYkXvDkuPc,8,"The video ends with a person standing in a dark room with a flashlight, looking around.",4.1593,,
HvYkXvDkuPc,HvYkXvDkuPc,9,"The video ends with a chaotic scene of people running around in the dark, suggesting a sudden and unexpected event.",4.1593,,
HvYkXvDkuPc,HvYkXvDkuPc,10,"The video ends with a scene of people in a dark room, possibly dancing or moving to music, creating a lively and dynamic atmosphere.",4.1593,,
Hw0bRvn1ZIo,Hw0bRvn1ZIo,1,"The text displayed is ""Closed guard ArmBar"".",3.8163,,
Hw0bRvn1ZIo,Hw0bRvn1ZIo,2,"After ""Jiu Jitsu,"" the text ""Closed guard ArmBar"" is displayed to describe the instructive video.",3.8163,,
Hw0bRvn1ZIo,Hw0bRvn1ZIo,3,"After ""Jiu Jitsu,"" the text displayed is ""Closed guard ArmBar.""",3.8163,,
Hw0bRvn1ZIo,Hw0bRvn1ZIo,4,"After ""Jiu Jitsu,"" the text ""Closed guard ArmBar"" is displayed to describe the instructional video.",3.8163,,
Hw0bRvn1ZIo,Hw0bRvn1ZIo,5,"After ""Jiu Jitsu,"" the text ""Closed guard ArmBar"" is displayed to describe this instructive video.",3.8163,,
Hw0bRvn1ZIo,Hw0bRvn1ZIo,6,Closed guard ArmBar.,3.8163,,
Hw0bRvn1ZIo,Hw0bRvn1ZIo,7,"After ""Jiu Jitsu,"" the text ""Closed guard ArmBar"" is displayed to describe this instructive video.",3.8163,,
Hw0bRvn1ZIo,Hw0bRvn1ZIo,8,"The text ""Closed guard ArmBar"" is displayed to describe this instructive video.",3.8163,,
Hw0bRvn1ZIo,Hw0bRvn1ZIo,9,"After ""Jiu Jitsu,"" the text ""Closed guard ArmBar"" is displayed to describe this instructive video.",3.8163,,
Hw0bRvn1ZIo,Hw0bRvn1ZIo,10,Closed guard ArmBar.,3.8163,,
HwD5afpQNZM,HwD5afpQNZM,1,"The video showcases a traditional Indian wedding ceremony with vibrant decorations, colorful attire, and ritualistic practices.",4.1036,,
HwD5afpQNZM,HwD5afpQNZM,2,"The video showcases a vibrant and colorful traditional Indian wedding ceremony, featuring ceremonial rituals and decorations.",4.1036,,
HwD5afpQNZM,HwD5afpQNZM,3,"The video shows a traditional Indian wedding ceremony, featuring a decorated archway, a bride in colorful attire, and various rituals being performed by family members.",4.1036,,
HwD5afpQNZM,HwD5afpQNZM,4,"The video depicts a traditional Indian wedding ceremony with a beautifully decorated entrance, women in vibrant sarees, and rituals involving the bride.",4.1036,,
HwD5afpQNZM,HwD5afpQNZM,5,"The video shows a traditional Indian wedding ceremony, featuring a beautifully decorated entrance with flowers and fabric, followed by scenes of the bride and her attendants adorned in vibrant attire, performing rituals.",4.1036,,
HwD5afpQNZM,HwD5afpQNZM,6,"The video showcases a traditional Indian wedding ceremony, highlighting the intricate details of the bride's attire, the ceremonial rituals, and the vibrant decorations.",4.1036,,
HwD5afpQNZM,HwD5afpQNZM,7,"The video shows a vibrant Indian wedding scene, featuring a beautifully decorated entrance, a group of women dressed in traditional attire, and a ceremonial ritual where a bride is adorned with haldi (turmeric paste) as part of the pre-wedding rituals.",4.1036,,
HwD5afpQNZM,HwD5afpQNZM,8,"The video showcases a vibrant Indian wedding ceremony, featuring colorful decorations, traditional attire, and ritualistic ceremonies.",4.1036,,
HwD5afpQNZM,HwD5afpQNZM,9,"The video showcases a vibrant and traditional Indian wedding ceremony, featuring elaborate decorations, ceremonial rituals, and the involvement of family members in the proceedings.",4.1036,,
HwD5afpQNZM,HwD5afpQNZM,10,"The video showcases a traditional Indian wedding ceremony with elaborate decorations, rituals, and the involvement of family and friends.",4.1036,,
HxYov3ZvQN8,HxYov3ZvQN8,1,"The player who displays good sportsmanship is the one who, after being called for a foul, approaches the opposing player, apologizes, and discusses the incident with the referee, showing a commitment to fair play and accountability.",4.2931,,
HxYov3ZvQN8,HxYov3ZvQN8,2,Player number 17 displays good sportsmanship by apologizing to the opponent and explaining the situation to the referee.,4.2931,,
HxYov3ZvQN8,HxYov3ZvQN8,3,"The player in the blue jersey, number 17, shows good sportsmanship by apologizing to the opponent and explaining the situation to the referee.",4.2931,,
HxYov3ZvQN8,HxYov3ZvQN8,4,The player wearing jersey number 17 displays good sportsmanship by apologizing to the opponent and explaining the situation to the referee.,4.2931,,
HxYov3ZvQN8,HxYov3ZvQN8,5,The player in the blue jersey displays good sportsmanship by apologizing to the opponent after a foul and explaining the situation to the referee.,4.2931,,
HxYov3ZvQN8,HxYov3ZvQN8,6,The player wearing the blue jersey with the number 17 shows good sportsmanship by apologizing to the opposing player and explaining the situation to the referee.,4.2931,,
HxYov3ZvQN8,HxYov3ZvQN8,7,"Player number 17 from the team in blue, who apologizes to the opposing player after a foul and demonstrates good sportsmanship by explaining the situation to the referee and seeking forgiveness again later.",4.2931,,
HxYov3ZvQN8,HxYov3ZvQN8,8,The player wearing jersey number 17 demonstrates good sportsmanship by apologizing to the opponent and acknowledging the referee's decision.,4.2931,,
HxYov3ZvQN8,HxYov3ZvQN8,9,"The player wearing a yellow jersey with the name ""METCALFE"" on the back shows good sportsmanship by apologizing to the opponent after the foul.",4.2931,,
HxYov3ZvQN8,HxYov3ZvQN8,10,"The player wearing the jersey with the number 17 and the name ""METCALFE"" on the back demonstrates good sportsmanship by apologizing to the opposing player and communicating the situation to the referee.",4.2931,,
HyOKrz1C4zU,HyOKrz1C4zU,1,"The fruits being harvested include red cherries, green and yellow peaches, and small red berries.",3.9323,,
HyOKrz1C4zU,HyOKrz1C4zU,2,The fruits being harvested include red berries and greenish-yellow peaches.,3.9323,,
HyOKrz1C4zU,HyOKrz1C4zU,3,The fruits being harvested are red and green.,3.9323,,
HyOKrz1C4zU,HyOKrz1C4zU,4,"The fruits being harvested include red and yellow peaches, as well as small red berries.",3.9323,,
HyOKrz1C4zU,HyOKrz1C4zU,5,"The fruits being harvested include red, green, and orange colors.",3.9323,,
HyOKrz1C4zU,HyOKrz1C4zU,6,"The fruits being harvested are red, orange, and green.",3.9323,,
HyOKrz1C4zU,HyOKrz1C4zU,7,The fruits being harvested are red and yellow.,3.9323,,
HyOKrz1C4zU,HyOKrz1C4zU,8,The fruits being harvested include red and green colors.,3.9323,,
HyOKrz1C4zU,HyOKrz1C4zU,9,"The fruits being harvested are red, green, and orange.",3.9323,,
HyOKrz1C4zU,HyOKrz1C4zU,10,The fruits being harvested are red and green.,3.9323,,
HZHBrAMppd8,HZHBrAMppd8,1,"By the end of the video, the caption ""Happy Cooking"" appears, suggesting the meal preparation is complete and ready for cooking.",4.3726,,
HZHBrAMppd8,HZHBrAMppd8,2,"The video ends with a ""Happy Cooking"" message, encouraging viewers to prepare meals.",4.3726,,
HZHBrAMppd8,HZHBrAMppd8,3,"By the end of the video, the text ""Happy Cooking"" appears, signaling the start of a meal preparation session.",4.3726,,
HZHBrAMppd8,HZHBrAMppd8,4,"The video concludes with the text ""Happy Cooking"" and a smiley face emoji, signaling the end of the meal preparation showcase.",4.3726,,
HZHBrAMppd8,HZHBrAMppd8,5,"The video ends with a ""Happy Cooking"" message and an emoji, encouraging viewers to enjoy their meal preparation.",4.3726,,
HZHBrAMppd8,HZHBrAMppd8,6,"By the end of the video, a variety of prepped ingredients is shown, including chopped cabbage, beans, curry leaves, sprouted moong, clean broccoli, boiled chickpeas, washed tomatoes, and washed coriander, with the caption ""Happy Cooking"" and a smiling emoji.",4.3726,,
HZHBrAMppd8,HZHBrAMppd8,7,"By the end of the video, the ingredients are neatly organized and ready for meal prep, accompanied by a cheerful ""Happy Cooking"" message.",4.3726,,
HZHBrAMppd8,HZHBrAMppd8,8,"The video ends with a ""Happy Cooking"" message accompanied by a smiling emoji.",4.3726,,
HZHBrAMppd8,HZHBrAMppd8,9,"By the end of the video, the viewer is encouraged to ""Happy Cooking"" with the prepared ingredients.",4.3726,,
HZHBrAMppd8,HZHBrAMppd8,10,"The video concludes with the text ""Happy Cooking"" and a smiley face emoji, suggesting a positive and cheerful message about preparing a meal.",4.3726,,
HZva-aCzZts,HZva-aCzZts,1,"The carpenter finishes by tightening the screws with the electric screwdriver, securing the bracket to the wooden post.",3.8518,,
HZva-aCzZts,HZva-aCzZts,2,The carpenter places a metal plate on the wooden structure and uses an electric screwdriver to secure it with screws.,3.8518,,
HZva-aCzZts,HZva-aCzZts,3,The carpenter sets the electric screwdriver aside after using it to place three long screws in an anchor bracket.,3.8518,,
HZva-aCzZts,HZva-aCzZts,4,The carpenter uses a hand drill to further secure the screws in the anchor bracket.,3.8518,,
HZva-aCzZts,HZva-aCzZts,5,"The carpenter steps back, indicating the task is complete.",3.8518,,
HZva-aCzZts,HZva-aCzZts,6,The carpenter stops to check the placement of the screws in the anchor bracket.,3.8518,,
HZva-aCzZts,HZva-aCzZts,7,The carpenter removes the electric screwdriver and leaves the anchor bracket in place with the screws.,3.8518,,
HZva-aCzZts,HZva-aCzZts,8,The carpenter stops using the electric screwdriver after placing three long screws in the anchor bracket.,3.8518,,
HZva-aCzZts,HZva-aCzZts,9,"The carpenter then uses a hammer to gently tap the anchor bracket into place, ensuring it is securely fastened to the wooden structure.",3.8518,,
HZva-aCzZts,HZva-aCzZts,10,The carpenter stops using the electric screwdriver after placing three long screws into the anchor bracket.,3.8518,,
HZVvjdZt5PM,HZVvjdZt5PM,1,"The woman was demonstrating how to use a hair straightening wand to straighten her hair, possibly showcasing the technique or the product's capabilities.",3.7351,,
HZVvjdZt5PM,HZVvjdZt5PM,2,"The woman was demonstrating the proper way to hold a hair straightening wand, specifically positioning it near the nose for a different hair styling technique.",3.7351,,
HZVvjdZt5PM,HZVvjdZt5PM,3,"The woman was demonstrating a playful and creative way to use a hair straightening wand, suggesting a quirky or humorous approach to styling.",3.7351,,
HZVvjdZt5PM,HZVvjdZt5PM,4,"The woman was demonstrating a creative and playful way to use the hair straightening wand, possibly for a humorous or artistic effect.",3.7351,,
HZVvjdZt5PM,HZVvjdZt5PM,5,"The woman was demonstrating a playful or humorous action by putting the hair straightening wand around her nose, which is not a typical use of the tool and may be intended to entertain or showcase creativity.",3.7351,,
HZVvjdZt5PM,HZVvjdZt5PM,6,"The woman was demonstrating a playful or creative way to use the hair straightening wand, possibly as a humorous or artistic gesture.",3.7351,,
HZVvjdZt5PM,HZVvjdZt5PM,7,The woman was demonstrating a playful or humorous action by placing the hair straightening wand around her nose.,3.7351,,
HZVvjdZt5PM,HZVvjdZt5PM,8,"The woman was demonstrating a playful or creative way to use the hair straightening wand, possibly for comedic effect or as a lighthearted gesture.",3.7351,,
HZVvjdZt5PM,HZVvjdZt5PM,9,"The woman was demonstrating a humorous or playful way to hold the hair straightening wand by placing it around her nose, rather than using it for its intended purpose of straightening hair.",3.7351,,
HZVvjdZt5PM,HZVvjdZt5PM,10,"The woman was demonstrating the use of a hair straightening wand to style her hair, possibly to show the ease of styling or to highlight the wand's features.",3.7351,,
I0f5KN--RYw,I0f5KN--RYw,1,The thin player is caught off guard and falls to the ground.,3.9579,,
I0f5KN--RYw,I0f5KN--RYw,2,The thin player covering the heavy player stumbles and falls backward.,3.9579,,
I0f5KN--RYw,I0f5KN--RYw,3,The thin player loses his balance and falls to the ground when the heavy player abruptly stops walking and turns around.,3.9579,,
I0f5KN--RYw,I0f5KN--RYw,4,"The thin player is left standing still and then falls to the ground, unable to keep up with the heavy player's sudden stop and turn.",3.9579,,
I0f5KN--RYw,I0f5KN--RYw,5,The thin player covering the heavy player stumbles and falls backward when the heavy player abruptly stops walking and turns around.,3.9579,,
I0f5KN--RYw,I0f5KN--RYw,6,The thin player covering the heavy player stumbles and falls to the ground when the heavy player abruptly stops walking and turns around.,3.9579,,
I0f5KN--RYw,I0f5KN--RYw,7,"The thin player covering the heavy player abruptly stops walking and turns around, causing the heavy player to fall.",3.9579,,
I0f5KN--RYw,I0f5KN--RYw,8,The thin player is lifted off the ground and thrown to the side when the heavy player abruptly stops walking and turns around.,3.9579,,
I0f5KN--RYw,I0f5KN--RYw,9,The thin player loses balance and falls to the ground.,3.9579,,
I0f5KN--RYw,I0f5KN--RYw,10,"The thin player covering the heavy player abruptly stops walking and turns around, losing his balance and falling to the ground.",3.9579,,
I0hKaP5Y8LU,I0hKaP5Y8LU,1,The woman takes off from a trampoline to start her acrobatic performance.,3.6027,,
I0hKaP5Y8LU,I0hKaP5Y8LU,2,The woman takes off from a trampoline to start her acrobatic performance.,3.6027,,
I0hKaP5Y8LU,I0hKaP5Y8LU,3,The woman takes off from a trapeze bar to start her acrobatic performance.,3.6027,,
I0hKaP5Y8LU,I0hKaP5Y8LU,4,The woman takes off from a trapeze bar to start her acrobatic performance.,3.6027,,
I0hKaP5Y8LU,I0hKaP5Y8LU,5,The woman takes off from a trapeze bar to start her acrobatic performance.,3.6027,,
I0hKaP5Y8LU,I0hKaP5Y8LU,6,The woman takes off from a platform or a trapeze to start her acrobatic performance.,3.6027,,
I0hKaP5Y8LU,I0hKaP5Y8LU,7,The woman takes off from a trampoline to start her acrobatic performance.,3.6027,,
I0hKaP5Y8LU,I0hKaP5Y8LU,8,The woman takes off from a high trapeze platform to start her acrobatic performance.,3.6027,,
I0hKaP5Y8LU,I0hKaP5Y8LU,9,The woman takes off from a trampoline to start her acrobatic performance.,3.6027,,
I0hKaP5Y8LU,I0hKaP5Y8LU,10,The woman takes off from a trapeze to start her acrobatic performance.,3.6027,,
I1lgJSu89aU,I1lgJSu89aU,1,"The view from the glass window is a cityscape at night, illuminated with lights.",3.9535,,
I1lgJSu89aU,I1lgJSu89aU,2,The view from the glass window shows a cityscape at night.,3.9535,,
I1lgJSu89aU,I1lgJSu89aU,3,The view from the glass window appears to be a nighttime cityscape with illuminated buildings.,3.9535,,
I1lgJSu89aU,I1lgJSu89aU,4,"The view from the glass window is a cityscape at night, with illuminated buildings visible outside.",3.9535,,
I1lgJSu89aU,I1lgJSu89aU,5,The view from the glass window is a cityscape at night.,3.9535,,
I1lgJSu89aU,I1lgJSu89aU,6,The view from the glass window shows a cityscape at night.,3.9535,,
I1lgJSu89aU,I1lgJSu89aU,7,"The view from the glass window is a cityscape at night, illuminated by lights from buildings.",3.9535,,
I1lgJSu89aU,I1lgJSu89aU,8,The view from the glass window is of a cityscape at night.,3.9535,,
I1lgJSu89aU,I1lgJSu89aU,9,"The view from the glass window appears to be of a cityscape at night, with illuminated buildings visible through the large window.",3.9535,,
I1lgJSu89aU,I1lgJSu89aU,10,"The view from the glass window is a cityscape at night, illuminated by lights.",3.9535,,
I4JX5m-gJxM,I4JX5m-gJxM,1,"The first two displayed texts in the video are ""Slide your butt to"" and ""This is Colleen and stand up.""",4.0337,,
I4JX5m-gJxM,I4JX5m-gJxM,2,"The first two displayed texts in the video are ""Slide your butt to"" and ""This is Colleen and stand up"".",4.0337,,
I4JX5m-gJxM,I4JX5m-gJxM,3,"The first two displayed texts are ""Slide your butt to"" and ""This is Colleen and stand up.""",4.0337,,
I4JX5m-gJxM,I4JX5m-gJxM,4,"The first two displayed texts in the video are ""Slide your butt to"" and ""This is Colleen and stand up.""",4.0337,,
I4JX5m-gJxM,I4JX5m-gJxM,5,"The first two displayed texts in the video are ""Slide your butt to"" and ""This is Colleen and stand up.""",4.0337,,
I4JX5m-gJxM,I4JX5m-gJxM,6,"The first two displayed texts in the video are ""Slide your butt to"" and ""This is Colleen and stand up.""",4.0337,,
I4JX5m-gJxM,I4JX5m-gJxM,7,"The first two displayed texts in the video are ""Slide your butt to"" and ""This is Colleen"".",4.0337,,
I4JX5m-gJxM,I4JX5m-gJxM,8,"The first two displayed texts in the video are ""Slide your butt to"" and ""This is Colleen"".",4.0337,,
I4JX5m-gJxM,I4JX5m-gJxM,9,"""Slide your butt to"" and ""This is Colleen and stand up.""",4.0337,,
I4JX5m-gJxM,I4JX5m-gJxM,10,"The first two displayed texts are ""Slide your butt to"" and ""This is Colleen and stand up.""",4.0337,,
I5ZKEsOXkGU,I5ZKEsOXkGU,1,The image does not provide enough context to determine if it is an example of love at first sight.,3.9676,,
I5ZKEsOXkGU,I5ZKEsOXkGU,2,The image does not provide enough context to determine if it represents love at first sight.,3.9676,,
I5ZKEsOXkGU,I5ZKEsOXkGU,3,"The image depicts a traditional Korean scene with a man and a woman, but it does not provide enough context to determine if it is an example of love at first sight.",3.9676,,
I5ZKEsOXkGU,I5ZKEsOXkGU,4,The image does not provide enough context to determine if it is an example of love at first sight.,3.9676,,
I5ZKEsOXkGU,I5ZKEsOXkGU,5,"No, the image does not depict love at first sight; it appears to be a promotional image for a Korean drama, showcasing characters in traditional Korean attire.",3.9676,,
I5ZKEsOXkGU,I5ZKEsOXkGU,6,"No, the image does not depict a scene that can be interpreted as love at first sight. It appears to be a promotional image for a historical drama, featuring characters in traditional Korean attire, which may suggest a complex relationship but not necessarily love at first sight.",3.9676,,
I5ZKEsOXkGU,I5ZKEsOXkGU,7,The image does not provide enough context to determine if it's an example of love at first sight.,3.9676,,
I5ZKEsOXkGU,I5ZKEsOXkGU,8,"The image suggests a romantic or historical theme, which might indicate a connection between the characters, but it does not explicitly state love at first sight.",3.9676,,
I5ZKEsOXkGU,I5ZKEsOXkGU,9,"The image suggests a dramatic and intense moment, but it does not explicitly depict love at first sight. The text and visual elements imply a deeper narrative and connection between the characters.",3.9676,,
I5ZKEsOXkGU,I5ZKEsOXkGU,10,"No, the image does not depict love at first sight; it seems to be from a Korean drama or movie poster, showcasing characters in traditional attire and a dramatic background, which might suggest a story involving deeper connections.",3.9676,,
I9QFj6lz15w,I9QFj6lz15w,1,"The avocado seed is being punctured with toothpicks to allow it to sit upright in water, which helps in creating an environment that encourages the seed to sprout roots, eventually leading to the growth of an avocado plant.",4.3727,,
I9QFj6lz15w,I9QFj6lz15w,2,"The Avocado seed is being punctured with toothpicks to allow it to stand upright in a glass of water, facilitating the germination process and providing a stable environment for the seedling to grow.",4.3727,,
I9QFj6lz15w,I9QFj6lz15w,3,"The Avocado seed is being punctured with toothpicks to create a stable stand for the seed to grow in a glass of water, allowing it to sprout and eventually grow into a plant.",4.3727,,
I9QFj6lz15w,I9QFj6lz15w,4,"The Avocado seed is being punctured with toothpicks to create holes for the toothpicks to stick through, allowing it to be suspended in water, which is likely part of a growing or sprouting process.",4.3727,,
I9QFj6lz15w,I9QFj6lz15w,5,"The Avocado seed is being punctured with toothpicks to allow it to sit upright in a glass of water, which helps in providing necessary air circulation for the seed to sprout roots.",4.3727,,
I9QFj6lz15w,I9QFj6lz15w,6,"The avocado seed is being punctured with toothpicks to allow it to float in water, which helps it to germinate and grow.",4.3727,,
I9QFj6lz15w,I9QFj6lz15w,7,"The Avocado seed is being punctured with toothpicks to create a small hole, allowing it to sit on top of the water in the glass, which is a method to germinate the seed.",4.3727,,
I9QFj6lz15w,I9QFj6lz15w,8,"The Avocado seed is being punctured with toothpicks to create a small hole, which allows air to circulate around the seed and????????(promote germination).",4.3727,,
I9QFj6lz15w,I9QFj6lz15w,9,"The Avocado seed is being punctured with toothpicks to allow it to stand upright in a glass of water, creating a stable base for growing the seedling.",4.3727,,
I9QFj6lz15w,I9QFj6lz15w,10,"The avocado seed is being punctured with toothpicks to help it stand upright in a glass of water, allowing it to sprout and grow.",4.3727,,
IazJA4RD4AE,IazJA4RD4AE,1,"The background includes various text-based visual elements such as speech bubbles with phrases like ""Fin masque"" and ""Fin PCR maintenant nucl?aire,"" alongside emojis and the CapCut logo.",3.6236,,
IazJA4RD4AE,IazJA4RD4AE,2,"There is no background sound, as the speaker is the only source of audio in the image.",3.6236,,
IazJA4RD4AE,IazJA4RD4AE,3,"The background noise includes a mix of ambient sounds such as distant traffic, indoor chatter, and occasional door slams, which are typical in a public space like a caf? or office.",3.6236,,
IazJA4RD4AE,IazJA4RD4AE,4,"The video does not provide any audio or background sounds, only text-based dialogue.",3.6236,,
IazJA4RD4AE,IazJA4RD4AE,5,"There is no background sound or music, just the speaker's voice.",3.6236,,
IazJA4RD4AE,IazJA4RD4AE,6,"There is no audio in the image, so no background sound can be heard.",3.6236,,
IazJA4RD4AE,IazJA4RD4AE,7,"The video does not provide any audio background, only text-based messages.",3.6236,,
IazJA4RD4AE,IazJA4RD4AE,8,"The video does not provide audio content, so there is no sound to describe in the background.",3.6236,,
IazJA4RD4AE,IazJA4RD4AE,9,"The speaker is speaking with text bubbles appearing on the screen, indicating a conversation about the end of COVID-19 and suggestions for new measures, including wearing helmets and using nuclear masks.",3.6236,,
IazJA4RD4AE,IazJA4RD4AE,10,"The background is silent, focusing on the speaker's words.",3.6236,,
ICkVMgn44jc,ICkVMgn44jc,1,"The video suggests that swimming in icy water can be enjoyable and beautiful, as it is associated with appreciating the underwater environment and the presence of a shipwreck. However, the specific benefits for the woman are not detailed in the provided text.",4.1946,,
ICkVMgn44jc,ICkVMgn44jc,2,"Swimming in icy water can help improve cardiovascular health, increase endurance, and promote mental resilience.",4.1946,,
ICkVMgn44jc,ICkVMgn44jc,3,"The woman in the video appears to be engaging in cold water therapy, which can improve cardiovascular health, increase stamina, and boost overall physical and mental well-being.",4.1946,,
ICkVMgn44jc,ICkVMgn44jc,4,"Swimming in icy water can provide physical and mental benefits such as improved circulation, reduced stress, and increased endurance.",4.1946,,
ICkVMgn44jc,ICkVMgn44jc,5,"Swimming in icy water can provide health benefits such as improved circulation, increased endurance, and enhanced mental resilience.",4.1946,,
ICkVMgn44jc,ICkVMgn44jc,6,"The woman in the video is shown swimming in icy water, which can have various benefits such as improving circulation, reducing stress, and strengthening the immune system.",4.1946,,
ICkVMgn44jc,ICkVMgn44jc,7,"The woman benefits from improved cardiovascular health, increased endurance, and reduced risk of cold-related illnesses by swimming in icy water.",4.1946,,
ICkVMgn44jc,ICkVMgn44jc,8,"Swimming in icy water can improve cardiovascular health, enhance cold tolerance, and boost mental resilience.",4.1946,,
ICkVMgn44jc,ICkVMgn44jc,9,"Swimming in icy water can improve cardiovascular health, increase endurance, and provide a refreshing experience.",4.1946,,
ICkVMgn44jc,ICkVMgn44jc,10,"Swimming in icy water can improve cardiovascular health, enhance endurance, and provide a refreshing mental and physical workout.",4.1946,,
Ie-KCtcZ7uc,Ie-KCtcZ7uc,1,What do you do for a living?,3.6545,,
Ie-KCtcZ7uc,Ie-KCtcZ7uc,2,"The first question asked is ""What do you do for a living?""",3.6545,,
Ie-KCtcZ7uc,Ie-KCtcZ7uc,3,What do you do for a living?,3.6545,,
Ie-KCtcZ7uc,Ie-KCtcZ7uc,4,"The first question asked of the young men driving away in a Bentley Bentayga is ""what do you do for a living?"".",3.6545,,
Ie-KCtcZ7uc,Ie-KCtcZ7uc,5,What do you do for a living?,3.6545,,
Ie-KCtcZ7uc,Ie-KCtcZ7uc,6,What do you do for a living?,3.6545,,
Ie-KCtcZ7uc,Ie-KCtcZ7uc,7,"The first question asked is ""what do you do for a living?""",3.6545,,
Ie-KCtcZ7uc,Ie-KCtcZ7uc,8,"The first question asked of the young men driving away in a Bentley Bentayga is, ""What do you do for a living?""",3.6545,,
Ie-KCtcZ7uc,Ie-KCtcZ7uc,9,"The first question asked is ""what do you do for a living?""",3.6545,,
Ie-KCtcZ7uc,Ie-KCtcZ7uc,10,"The first question asked is, ""What do you do for a living?""",3.6545,,
IEE2dPefD58,IEE2dPefD58,1,The baby smirks after staring at the woman.,3.3273,,
IEE2dPefD58,IEE2dPefD58,2,The baby smirks.,3.3273,,
IEE2dPefD58,IEE2dPefD58,3,The baby smirks after staring at the woman.,3.3273,,
IEE2dPefD58,IEE2dPefD58,4,The baby smirks after staring at the woman.,3.3273,,
IEE2dPefD58,IEE2dPefD58,5,The baby smirks after staring at the woman.,3.3273,,
IEE2dPefD58,IEE2dPefD58,6,The baby smirks after staring at the woman.,3.3273,,
IEE2dPefD58,IEE2dPefD58,7,The baby smirks after staring at the woman.,3.3273,,
IEE2dPefD58,IEE2dPefD58,8,The baby smirks after staring at the woman.,3.3273,,
IEE2dPefD58,IEE2dPefD58,9,The baby smirks after staring at the woman.,3.3273,,
IEE2dPefD58,IEE2dPefD58,10,The baby smirks.,3.3273,,
IF1G49x7rUk,IF1G49x7rUk,1,"The cat is seen wearing a chef's hat and holding a bowl of hot oil, suggesting it is about to pour the oil over the fish again.",3.7321,,
IF1G49x7rUk,IF1G49x7rUk,2,"The cat proudly presents the cooked fish, showing off its accomplishment.",3.7321,,
IF1G49x7rUk,IF1G49x7rUk,3,"The cat then proceeds to pour the same hot oil into a bowl, which is likely a part of a cooking demonstration.",3.7321,,
IF1G49x7rUk,IF1G49x7rUk,4,"The cat then cuts into the fish, revealing its colorful, rainbow-like scales.",3.7321,,
IF1G49x7rUk,IF1G49x7rUk,5,The cat places the fish on a hot pan and then pours more hot oil over it.,3.7321,,
IF1G49x7rUk,IF1G49x7rUk,6,"The cat, dressed as a chef, places the fish in a pan and then pours more hot oil over it.",3.7321,,
IF1G49x7rUk,IF1G49x7rUk,7,The cat then cuts into the fish with a knife.,3.7321,,
IF1G49x7rUk,IF1G49x7rUk,8,The cat sets the pan with the hot oil on a gas stove and then places the fish onto a baking tray.,3.7321,,
IF1G49x7rUk,IF1G49x7rUk,9,"The cat is seen cutting into the fish, revealing its cooked interior.",3.7321,,
IF1G49x7rUk,IF1G49x7rUk,10,"The cat, dressed as a chef, serves the fish on a plate and encourages viewers to try it.",3.7321,,
IgHdataMrsI,IgHdataMrsI,1,"The doctor is demonstrating how to use a stethoscope on a stuffed animal to make it appear as though the animal is ""breathing"" or ""hearing,"" which is likely a playful way to teach about medical equipment or breathing techniques.",4.2248,,
IgHdataMrsI,IgHdataMrsI,2,"The doctor is likely demonstrating a medical procedure or technique to a child patient, using the stuffed animal as a playful and comforting way to explain the process.",4.2248,,
IgHdataMrsI,IgHdataMrsI,3,"The doctor is likely engaging with the stuffed animal to demonstrate or explain something, possibly related to the child's development or health, in a way that is relatable and comforting.",4.2248,,
IgHdataMrsI,IgHdataMrsI,4,"The doctor is likely performing a check-up on the stuffed animal to demonstrate how to examine and care for a child, as part of her role as a pediatrician.",4.2248,,
IgHdataMrsI,IgHdataMrsI,5,"The doctor is likely demonstrating a technique or explaining a concept related to the stuffed animal, possibly as part of a tutorial or educational video.",4.2248,,
IgHdataMrsI,IgHdataMrsI,6,The doctor is demonstrating a medical examination technique on the stuffed animal as part of a playful and educational video.,4.2248,,
IgHdataMrsI,IgHdataMrsI,7,"The doctor is likely demonstrating a playful and engaging way to educate or entertain a child during a medical appointment, using the stuffed animal to make the experience less intimidating.",4.2248,,
IgHdataMrsI,IgHdataMrsI,8,"The doctor is likely engaging with the stuffed animal to demonstrate how to examine a child's abdomen, teaching the proper technique for a gentle and reassuring examination.",4.2248,,
IgHdataMrsI,IgHdataMrsI,9,"The doctor is likely demonstrating a technique for examining the abdomen by using the stuffed animal to simulate a patient, possibly to teach or explain how to perform a physical exam.",4.2248,,
IgHdataMrsI,IgHdataMrsI,10,"The doctor is likely demonstrating a procedure or explaining something related to the stuffed animal to the child, possibly to make the process more comforting and less intimidating.",4.2248,,
IGL7j9-JRG4,IGL7j9-JRG4,1,The heart in the video appears to be made of cartoonish sausages.,3.9289,,
IGL7j9-JRG4,IGL7j9-JRG4,2,The heart in the picture is made of sausages.,3.9289,,
IGL7j9-JRG4,IGL7j9-JRG4,3,"The heart in the picture is made of cartoonish sausages with faces, and it is placed in a frying pan.",3.9289,,
IGL7j9-JRG4,IGL7j9-JRG4,4,The heart is made of two sausages.,3.9289,,
IGL7j9-JRG4,IGL7j9-JRG4,5,The heart is made of sausage.,3.9289,,
IGL7j9-JRG4,IGL7j9-JRG4,6,"The heart in the image appears to be made of a cartoonish, animated sausage that has been shaped into a heart form.",3.9289,,
IGL7j9-JRG4,IGL7j9-JRG4,7,The heart in the image is made of cartoonish sausage characters.,3.9289,,
IGL7j9-JRG4,IGL7j9-JRG4,8,"The heart appears to be made of sausage, as it is a playful and animated depiction with eyes and a mouth, suggesting it is a cartoonish representation rather than a real heart.",3.9289,,
IGL7j9-JRG4,IGL7j9-JRG4,9,The heart is made of cartoon sausages.,3.9289,,
IGL7j9-JRG4,IGL7j9-JRG4,10,The heart in the video is made of sausages.,3.9289,,
IgvTAaTs1h0,IgvTAaTs1h0,1,The model is appearing in two shots in the video.,3.4803,,
IgvTAaTs1h0,IgvTAaTs1h0,2,The model appears in two shots in the video.,3.4803,,
IgvTAaTs1h0,IgvTAaTs1h0,3,The model appears in three shots in the video.,3.4803,,
IgvTAaTs1h0,IgvTAaTs1h0,4,The model appears in two shots in the video.,3.4803,,
IgvTAaTs1h0,IgvTAaTs1h0,5,The model appears in two shots in this video.,3.4803,,
IgvTAaTs1h0,IgvTAaTs1h0,6,The model appears in two shots in this video.,3.4803,,
IgvTAaTs1h0,IgvTAaTs1h0,7,The model appears in three shots in the video.,3.4803,,
IgvTAaTs1h0,IgvTAaTs1h0,8,The model appears in two shots in the video.,3.4803,,
IgvTAaTs1h0,IgvTAaTs1h0,9,The model appears in two shots in the video.,3.4803,,
IgvTAaTs1h0,IgvTAaTs1h0,10,The model appears in two shots in this video.,3.4803,,
Ih-J19BMr2k,Ih-J19BMr2k,1,The man is practicing his batting technique in an indoor sports facility.,3.4323,,
Ih-J19BMr2k,Ih-J19BMr2k,2,The man is practicing his baseball swing in a batting cage.,3.4323,,
Ih-J19BMr2k,Ih-J19BMr2k,3,The man is practicing his batting swing in a baseball training facility.,3.4323,,
Ih-J19BMr2k,Ih-J19BMr2k,4,The man is practicing his batting swing in a batting cage.,3.4323,,
Ih-J19BMr2k,Ih-J19BMr2k,5,The man is practicing his baseball swing inside a batting cage.,3.4323,,
Ih-J19BMr2k,Ih-J19BMr2k,6,The man is practicing his baseball swing at a batting cage.,3.4323,,
Ih-J19BMr2k,Ih-J19BMr2k,7,The man is practicing his batting swing in an indoor facility.,3.4323,,
Ih-J19BMr2k,Ih-J19BMr2k,8,The man is practicing his batting technique at a batting cage.,3.4323,,
Ih-J19BMr2k,Ih-J19BMr2k,9,The man is practicing his batting swing at a batting cage.,3.4323,,
Ih-J19BMr2k,Ih-J19BMr2k,10,The man is practicing his batting swing in an indoor sports facility.,3.4323,,
IhSgnUly68U,IhSgnUly68U,1,"After putting RockTape on the bottom of his foot, the man trims the tape and smooths it down.",3.8053,,
IhSgnUly68U,IhSgnUly68U,2,"He trims the edges, smooths out the tape, and presses it down firmly.",3.8053,,
IhSgnUly68U,IhSgnUly68U,3,"After putting RockTape on the bottom of his foot, the man smooths it out and trims the edges to ensure it is securely and properly applied.",3.8053,,
IhSgnUly68U,IhSgnUly68U,4,"The man adjusts and smooths the RockTape on his foot, ensuring it is securely in place.",3.8053,,
IhSgnUly68U,IhSgnUly68U,5,"After putting RockTape on the bottom of his foot, the man trims the edges and smooths out the tape.",3.8053,,
IhSgnUly68U,IhSgnUly68U,6,The man trims the RockTape to fit the shape of his foot and then smooths it out with his fingers.,3.8053,,
IhSgnUly68U,IhSgnUly68U,7,The man smooths out the RockTape and trims the edges to ensure it fits properly.,3.8053,,
IhSgnUly68U,IhSgnUly68U,8,"After putting RockTape on the bottom of his foot, the man smooths it out to ensure it is properly applied.",3.8053,,
IhSgnUly68U,IhSgnUly68U,9,The man trims the tape and smooths it down with his fingers.,3.8053,,
IhSgnUly68U,IhSgnUly68U,10,"After putting RockTape on the bottom of his foot, the man trims the edges and presses the tape flat.",3.8053,,
IipsUXtbfi0,IipsUXtbfi0,1,"The key event in the video was the soccer player scoring a goal, followed by the celebration and crowd reaction.",3.8556,,
IipsUXtbfi0,IipsUXtbfi0,2,"A soccer player successfully scores a goal, leading to cheering from the crowd.",3.8556,,
IipsUXtbfi0,IipsUXtbfi0,3,A soccer player scores a goal.,3.8556,,
IipsUXtbfi0,IipsUXtbfi0,4,"A soccer player scores a goal, and the crowd erupts in celebration.",3.8556,,
IipsUXtbfi0,IipsUXtbfi0,5,"A soccer player scored a goal, and the crowd celebrated enthusiastically.",3.8556,,
IipsUXtbfi0,IipsUXtbfi0,6,"The key event in the video was the soccer player scoring a goal, which was celebrated by the crowd.",3.8556,,
IipsUXtbfi0,IipsUXtbfi0,7,"A soccer player scored a goal, and the crowd cheered.",3.8556,,
IipsUXtbfi0,IipsUXtbfi0,8,A soccer player scores a goal during a match.,3.8556,,
IipsUXtbfi0,IipsUXtbfi0,9,A soccer player made a powerful kick that resulted in a goal.,3.8556,,
IipsUXtbfi0,IipsUXtbfi0,10,A soccer player scores a goal.,3.8556,,
IluSoQAf7iQ,IluSoQAf7iQ,1,To help create an irresistible offer that counters potential objections.,3.9411,,
IluSoQAf7iQ,IluSoQAf7iQ,2,To create an irresistible offer by addressing common customer concerns and providing strong benefits.,3.9411,,
IluSoQAf7iQ,IluSoQAf7iQ,3,To create an irresistible offer by addressing potential concerns and providing counterarguments.,3.9411,,
IluSoQAf7iQ,IluSoQAf7iQ,4,To help create an irresistible offer by addressing common objections and providing counterarguments.,3.9411,,
IluSoQAf7iQ,IluSoQAf7iQ,5,To teach viewers how to create an irresistible offer by anticipating and addressing potential customer objections with corresponding features.,3.9411,,
IluSoQAf7iQ,IluSoQAf7iQ,6,To help people create an irresistible offer by anticipating common concerns and providing strong counterarguments.,3.9411,,
IluSoQAf7iQ,IluSoQAf7iQ,7,To help viewers create an irresistible offer by addressing common concerns and providing compelling reasons to overcome them.,3.9411,,
IluSoQAf7iQ,IluSoQAf7iQ,8,To help others prepare and counter potential customer objections when creating an irresistible offer.,3.9411,,
IluSoQAf7iQ,IluSoQAf7iQ,9,To create an irresistible offer by addressing potential concerns and providing counterarguments.,3.9411,,
IluSoQAf7iQ,IluSoQAf7iQ,10,To help others create an irresistible offer by addressing common concerns and providing strong counterpoints.,3.9411,,
IPNczM8NRps,IPNczM8NRps,1,"The wife is gesturing and moving around in front of her husband, who is focused on his game, trying to irritate him.",3.7139,,
IPNczM8NRps,IPNczM8NRps,2,"The wife is standing beside her husband, gesturing with her hands and seemingly trying to get his attention while he is engrossed in a game on his cell phone.",3.7139,,
IPNczM8NRps,IPNczM8NRps,3,"The wife is gesturing and talking to her husband, who is engrossed in a game on his cell phone, seemingly trying to get his attention.",3.7139,,
IPNczM8NRps,IPNczM8NRps,4,"The wife is standing in front of her husband, gesturing with her hands and seemingly trying to get his attention, which could be seen as a way to irritate him.",3.7139,,
IPNczM8NRps,IPNczM8NRps,5,"The wife is gesturing and talking, trying to get her husband's attention while he is engrossed in watching a game on his cell phone.",3.7139,,
IPNczM8NRps,IPNczM8NRps,6,"The wife is walking around the room while talking and gesturing, trying to draw her husband's attention away from his cell phone game.",3.7139,,
IPNczM8NRps,IPNczM8NRps,7,"The wife is gesturing and talking, seemingly trying to get her husband's attention and possibly attempting to irritate him by distracting him from the game on his cell phone.",3.7139,,
IPNczM8NRps,IPNczM8NRps,8,"The wife is standing in front of her husband, who is engrossed in a game on his cell phone, and gesturing with her hands, possibly to get his attention.",3.7139,,
IPNczM8NRps,IPNczM8NRps,9,"The wife is standing in front of her husband, gesturing with her hands, possibly talking to him or attempting to get his attention while he is engrossed in his game.",3.7139,,
IPNczM8NRps,IPNczM8NRps,10,"The wife is gesturing and talking to her husband while he is focused on his cell phone game, which seems to be irritating him.",3.7139,,
IRTTtnSRTyY,IRTTtnSRTyY,1,The video features a popping sound as the person presses the colorful pop it toy.,3.9011,,
IRTTtnSRTyY,IRTTtnSRTyY,2,The video features a satisfying popping sound as the hand presses the bubbles on the heart-shaped fidget toy.,3.9011,,
IRTTtnSRTyY,IRTTtnSRTyY,3,The sound being made in the video is the popping sound of the silicone bubbles on the heart-shaped fidget toy.,3.9011,,
IRTTtnSRTyY,IRTTtnSRTyY,4,The sound being made in this video is a repetitive popping sound as the hand presses the bubbles on the pop-it toy.,3.9011,,
IRTTtnSRTyY,IRTTtnSRTyY,5,The video features a popping sound as the person presses the colorful bubbles on the pop-it toy.,3.9011,,
IRTTtnSRTyY,IRTTtnSRTyY,6,The sound being made in this video is the satisfying popping sound of the colorful bubbles on the heart-shaped pop it toy.,3.9011,,
IRTTtnSRTyY,IRTTtnSRTyY,7,The sound being made in this video is the popping sound of the silicone bubbles on the heart-shaped pop it toy.,3.9011,,
IRTTtnSRTyY,IRTTtnSRTyY,8,The sound being made in the video is a repetitive popping sound as the hand presses the colorful bubbles on the pop-it toy.,3.9011,,
IRTTtnSRTyY,IRTTtnSRTyY,9,"The sound being made in the video is a popping sound, which is characteristic of a fidget toy being played with.",3.9011,,
IRTTtnSRTyY,IRTTtnSRTyY,10,"The video does not provide audio, so no sound can be described.",3.9011,,
IScHYoAPr5s,IScHYoAPr5s,1,The person who scored throws the ball back to the opposing team.,3.6746,,
IScHYoAPr5s,IScHYoAPr5s,2,"During the throw-in after someone scores in this basketball game, the player who scored throws the ball back into the game, and the game continues with the opposing team having possession.",3.6746,,
IScHYoAPr5s,IScHYoAPr5s,3,The person who scored the basket throws the ball back in and plays defense.,3.6746,,
IScHYoAPr5s,IScHYoAPr5s,4,"The throw-in happens after someone scores, and the ball is passed to the person who scored.",3.6746,,
IScHYoAPr5s,IScHYoAPr5s,5,The team that scored the basket throws the ball back to the other team to start the next play.,3.6746,,
IScHYoAPr5s,IScHYoAPr5s,6,The team that scored the basket takes the ball out of bounds and throws it back into play.,3.6746,,
IScHYoAPr5s,IScHYoAPr5s,7,The other player watches carefully and then takes the ball.,3.6746,,
IScHYoAPr5s,IScHYoAPr5s,8,"The player with the ball dribbles and passes to a teammate, who then makes a shot, scoring an ""And1.""",3.6746,,
IScHYoAPr5s,IScHYoAPr5s,9,The player who scored the basket jumps to continue playing.,3.6746,,
IScHYoAPr5s,IScHYoAPr5s,10,"The throw-in happens after someone scores, and the player with the ball has to look at the defender before passing.",3.6746,,
ISPojHxT_bc,ISPojHxT_bc,1,The number of arrows changes based on the player's performance and the level of the game.,4.2178,,
ISPojHxT_bc,ISPojHxT_bc,2,The number of arrows changes based on the player's performance and the level of the game.,4.2178,,
ISPojHxT_bc,ISPojHxT_bc,3,"The number of arrows changes based on the player's performance, as indicated by the increasing numbers displayed on the screen.",4.2178,,
ISPojHxT_bc,ISPojHxT_bc,4,"The number of arrows changes in the video game based on the player's performance, as indicated by the various multipliers and penalties shown on the screen.",4.2178,,
ISPojHxT_bc,ISPojHxT_bc,5,"The number of arrows changes based on the player's performance and actions, such as hitting targets and avoiding obstacles, which are indicated by the +2 and -10 signs and multipliers like x2 and x50.",4.2178,,
ISPojHxT_bc,ISPojHxT_bc,6,"The number of arrows changes based on the player's performance and the level of the game, indicated by the dynamic score and multiplier icons.",4.2178,,
ISPojHxT_bc,ISPojHxT_bc,7,The number of arrows changes based on the player's performance and the obstacles encountered in the game.,4.2178,,
ISPojHxT_bc,ISPojHxT_bc,8,The number of arrows changes based on the player's performance and the level of the game.,4.2178,,
ISPojHxT_bc,ISPojHxT_bc,9,"The number of arrows changes in the video game based on the player's performance, as indicated by the score and the multiplier effects shown on the screen.",4.2178,,
ISPojHxT_bc,ISPojHxT_bc,10,"The number of arrows changes in this video game depending on the player's score, as indicated by the score counter at the top of the screen.",4.2178,,
IsuDOLuMBR0,IsuDOLuMBR0,1,"The women are making a ""ha"" sound at the end of the video.",3.6968,,
IsuDOLuMBR0,IsuDOLuMBR0,2,"The women are making a sound that could be interpreted as laughter or a playful exclamation, which is common in celebratory or festive settings.",3.6968,,
IsuDOLuMBR0,IsuDOLuMBR0,3,"The women are making playful or joyful sounds, possibly laughing or exclaiming with excitement.",3.6968,,
IsuDOLuMBR0,IsuDOLuMBR0,4,"The women are making a playful and joyful sound, possibly laughing or cheering.",3.6968,,
IsuDOLuMBR0,IsuDOLuMBR0,5,"The women are laughing and making playful sounds, adding to the festive atmosphere of the celebration.",3.6968,,
IsuDOLuMBR0,IsuDOLuMBR0,6,The women are making a loud exclamation or cheer.,3.6968,,
IsuDOLuMBR0,IsuDOLuMBR0,7,The women are making a playful gesture with their tongues sticking out.,3.6968,,
IsuDOLuMBR0,IsuDOLuMBR0,8,"The women are making a playful ""pfft"" sound, which is a common expression of surprise or amusement in Indian culture.",3.6968,,
IsuDOLuMBR0,IsuDOLuMBR0,9,The women are laughing and making playful gestures at the end of the video.,3.6968,,
IsuDOLuMBR0,IsuDOLuMBR0,10,The women are laughing and making joyful sounds at the end of the video.,3.6968,,
ITL429RMscI,ITL429RMscI,1,A Brigadier,3.7242,,
ITL429RMscI,ITL429RMscI,2,Major General,3.7242,,
ITL429RMscI,ITL429RMscI,3,Brigadier,3.7242,,
ITL429RMscI,ITL429RMscI,4,The rank of general with three stars is Lieutenant General.,3.7242,,
ITL429RMscI,ITL429RMscI,5,A lieutenant general has three stars.,3.7242,,
ITL429RMscI,ITL429RMscI,6,The rank of general that has three stars is Brigadier.,3.7242,,
ITL429RMscI,ITL429RMscI,7,Major General,3.7242,,
ITL429RMscI,ITL429RMscI,8,Major General,3.7242,,
ITL429RMscI,ITL429RMscI,9,A general with three stars typically holds the rank of Brigadier General.,3.7242,,
ITL429RMscI,ITL429RMscI,10,Brigadier,3.7242,,
Iuf0gTj4S0M,Iuf0gTj4S0M,1,Each child jumped into the pool after answering the question.,4.2014,,
Iuf0gTj4S0M,Iuf0gTj4S0M,2,"The first child jumped into the pool, the second child walked to the edge of the pool, and the third child dived into the pool.",4.2014,,
Iuf0gTj4S0M,Iuf0gTj4S0M,3,"After answering the question, the first child ran towards the pool and jumped in, the second child walked towards the pool and then jumped in, and the third child walked towards the pool and then jumped in.",4.2014,,
Iuf0gTj4S0M,Iuf0gTj4S0M,4,"One child swam, another dove, and a third jumped into the pool.",4.2014,,
Iuf0gTj4S0M,Iuf0gTj4S0M,5,"One by one, each child took turns jumping into the pool after answering the question.",4.2014,,
Iuf0gTj4S0M,Iuf0gTj4S0M,6,"One child jumped into the pool, another walked on the edge of the pool, and the third took off their shirt.",4.2014,,
Iuf0gTj4S0M,Iuf0gTj4S0M,7,Each child took turns diving into the pool one by one after answering the question.,4.2014,,
Iuf0gTj4S0M,Iuf0gTj4S0M,8,"One by one, each child jumped into the pool after answering the question.",4.2014,,
Iuf0gTj4S0M,Iuf0gTj4S0M,9,Each child took turns jumping into the pool one by one.,4.2014,,
Iuf0gTj4S0M,Iuf0gTj4S0M,10,"One child jumped into the pool, then another, and the last child climbed into the pool.",4.2014,,
IVAcuxSsdSw,IVAcuxSsdSw,1,The men are playing American football.,3.6227,,
IVAcuxSsdSw,IVAcuxSsdSw,2,The men in the video are playing American football.,3.6227,,
IVAcuxSsdSw,IVAcuxSsdSw,3,The men in the video are playing American football.,3.6227,,
IVAcuxSsdSw,IVAcuxSsdSw,4,The men are playing American football.,3.6227,,
IVAcuxSsdSw,IVAcuxSsdSw,5,The men in the video are playing American football.,3.6227,,
IVAcuxSsdSw,IVAcuxSsdSw,6,The men are playing American football.,3.6227,,
IVAcuxSsdSw,IVAcuxSsdSw,7,The men in the video are playing American football.,3.6227,,
IVAcuxSsdSw,IVAcuxSsdSw,8,The men are playing American football.,3.6227,,
IVAcuxSsdSw,IVAcuxSsdSw,9,The men in the video are playing American football.,3.6227,,
IVAcuxSsdSw,IVAcuxSsdSw,10,The men are playing American football.,3.6227,,
IVqpg_1aWXU,IVqpg_1aWXU,1,"The toy airplane has the word ""JADES"" written on it.",3.8014,,
IVqpg_1aWXU,IVqpg_1aWXU,2,"The toy airplane has ""AIR INDIA"" written on it.",3.8014,,
IVqpg_1aWXU,IVqpg_1aWXU,3,"The toy airplane has the text ""AEROES"" on its body.",3.8014,,
IVqpg_1aWXU,IVqpg_1aWXU,4,"The toy airplane has ""SOUVENIRS"" written on it.",3.8014,,
IVqpg_1aWXU,IVqpg_1aWXU,5,"The toy airplane is labeled with ""Air Force"" and ""Air Force"" again.",3.8014,,
IVqpg_1aWXU,IVqpg_1aWXU,6,"The toy airplane has the words ""TOYS & AIRPLANES"" written on it.",3.8014,,
IVqpg_1aWXU,IVqpg_1aWXU,7,"The toy airplane has ""GOLDEN"" written on it.",3.8014,,
IVqpg_1aWXU,IVqpg_1aWXU,8,"The toy airplane has the word ""ES"" written on it.",3.8014,,
IVqpg_1aWXU,IVqpg_1aWXU,9,"The toy airplane has ""DICK & DEE BROS"" written on it.",3.8014,,
IVqpg_1aWXU,IVqpg_1aWXU,10,Airliner.,3.8014,,
IvWk2kXJoH0,IvWk2kXJoH0,1,The video showcases a soccer player kicking the ball and another player kicking the ball towards the goal.,3.7614,,
IvWk2kXJoH0,IvWk2kXJoH0,2,The video shows a soccer player heading the ball and then attempting to score a goal by kicking the ball past the goalkeeper.,3.7614,,
IvWk2kXJoH0,IvWk2kXJoH0,3,The video showcases two soccer moves: a header and a shot on goal.,3.7614,,
IvWk2kXJoH0,IvWk2kXJoH0,4,The video demonstrated a soccer player heading the ball and another player taking a shot on goal.,3.7614,,
IvWk2kXJoH0,IvWk2kXJoH0,5,The video showcases a soccer player executing a header and then taking a shot at the goal.,3.7614,,
IvWk2kXJoH0,IvWk2kXJoH0,6,"The video showcased two soccer moves: a player in blue executing a header to score a goal, and a player in a yellow uniform making a strong kick.",3.7614,,
IvWk2kXJoH0,IvWk2kXJoH0,7,The video showed a soccer player executing a header and then a shot on goal during a women's soccer game.,3.7614,,
IvWk2kXJoH0,IvWk2kXJoH0,8,The video demonstrated a header and a shot on goal in a women's soccer match.,3.7614,,
IvWk2kXJoH0,IvWk2kXJoH0,9,"The video showcases two soccer moves: a powerful header and a quick, agile kick.",3.7614,,
IvWk2kXJoH0,IvWk2kXJoH0,10,The video showcases a soccer player performing a high kick and a powerful shot at the goal.,3.7614,,
IWSPAfCKtV8,IWSPAfCKtV8,1,"The video ends with a soft, gentle sound, possibly a lullaby or a calm melody.",4.0234,,
IWSPAfCKtV8,IWSPAfCKtV8,2,"The sound at the end of the video is a soft, gentle laugh.",4.0234,,
IWSPAfCKtV8,IWSPAfCKtV8,3,"The sound at the end of the video is a ""click"" sound, which could be interpreted as the sound of the person closing their eyes or the end of a scene.",4.0234,,
IWSPAfCKtV8,IWSPAfCKtV8,4,The sound at the end of the video is a laughter.,4.0234,,
IWSPAfCKtV8,IWSPAfCKtV8,5,"The sound at the end of the video is a gentle whisper or a soft rustling, which could be interpreted as a calm or intimate moment.",4.0234,,
IWSPAfCKtV8,IWSPAfCKtV8,6,"The sound at the end of the video is a soft, distant echo.",4.0234,,
IWSPAfCKtV8,IWSPAfCKtV8,7,The sound at the end of the video is a wedding bell.,4.0234,,
IWSPAfCKtV8,IWSPAfCKtV8,8,"The sound at the end of the video is a soft, indistinct noise, possibly indicating a whisper or a murmur.",4.0234,,
IWSPAfCKtV8,IWSPAfCKtV8,9,"The video ends with a quiet, peaceful sound, suggesting the end of a day or a moment of calm.",4.0234,,
IWSPAfCKtV8,IWSPAfCKtV8,10,"The sound at the end of the video is a gentle whisper, ""????€.."" (Park Min-ji).",4.0234,,
IyLkl1USwhU,IyLkl1USwhU,1,0,3.7942,,
IyLkl1USwhU,IyLkl1USwhU,2,0,3.7942,,
IyLkl1USwhU,IyLkl1USwhU,3,1,3.7942,,
IyLkl1USwhU,IyLkl1USwhU,4,1,3.7942,,
IyLkl1USwhU,IyLkl1USwhU,5,1,3.7942,,
IyLkl1USwhU,IyLkl1USwhU,6,1,3.7942,,
IyLkl1USwhU,IyLkl1USwhU,7,One,3.7942,,
IyLkl1USwhU,IyLkl1USwhU,8,We see one smartphone in the video.,3.7942,,
IyLkl1USwhU,IyLkl1USwhU,9,There are no smartphones visible in the video.,3.7942,,
IyLkl1USwhU,IyLkl1USwhU,10,There are no smartphones visible in the video.,3.7942,,
I_eWjERhgPU,I_eWjERhgPU,1,The cartoon character becomes excited and thinks about losing fat after seeing himself in the mirror.,3.511,,
I_eWjERhgPU,I_eWjERhgPU,2,"The cartoon character sees himself in the mirror and then looks at a stack of burgers, expressing a desire to lose weight.",3.511,,
I_eWjERhgPU,I_eWjERhgPU,3,"The cartoon character, Sonic the Hedgehog, sees a reflection of himself in the mirror and then starts to eat a very large stack of hamburgers.",3.511,,
I_eWjERhgPU,I_eWjERhgPU,4,"After the cartoon character sees himself in the mirror, he notices his muscles and becomes excited.",3.511,,
I_eWjERhgPU,I_eWjERhgPU,5,"The cartoon character, Sonic, sees himself in the mirror and then sits at a table with a large stack of hamburgers, looking at them with a mix of curiosity and apprehension.",3.511,,
I_eWjERhgPU,I_eWjERhgPU,6,"The cartoon character sees himself in the mirror and then looks at a stack of hamburgers, thinking ""I lose fat.""",3.511,,
I_eWjERhgPU,I_eWjERhgPU,7,"The cartoon character sees himself in the mirror and then looks at a large hamburger, thinking about it.",3.511,,
I_eWjERhgPU,I_eWjERhgPU,8,The cartoon character becomes confused and starts to doubt his own strength after seeing himself in the mirror.,3.511,,
I_eWjERhgPU,I_eWjERhgPU,9,The cartoon character sees himself in the mirror and then looks at a large stack of hamburgers with a worried expression.,3.511,,
I_eWjERhgPU,I_eWjERhgPU,10,The cartoon character becomes confused and then decides to eat a burger.,3.511,,
I_TaWo2AMDA,I_TaWo2AMDA,1,The man completes two pushups.,3.3558,,
I_TaWo2AMDA,I_TaWo2AMDA,2,The man completes two pushups.,3.3558,,
I_TaWo2AMDA,I_TaWo2AMDA,3,The man completes two pushups.,3.3558,,
I_TaWo2AMDA,I_TaWo2AMDA,4,The man completes two pushups.,3.3558,,
I_TaWo2AMDA,I_TaWo2AMDA,5,The man completes two pushups.,3.3558,,
I_TaWo2AMDA,I_TaWo2AMDA,6,The man completes 3 pushups.,3.3558,,
I_TaWo2AMDA,I_TaWo2AMDA,7,The man completes two pushups in the video.,3.3558,,
I_TaWo2AMDA,I_TaWo2AMDA,8,The man completes two pushups.,3.3558,,
I_TaWo2AMDA,I_TaWo2AMDA,9,The man completes one pushup.,3.3558,,
I_TaWo2AMDA,I_TaWo2AMDA,10,The man completes three pushups.,3.3558,,
J-sG9vePDmI,J-sG9vePDmI,1,"The displayed text at the beginning says ""Shadow boxing the opposing team ????"".",3.5149,,
J-sG9vePDmI,J-sG9vePDmI,2,Shadow boxing the opposing team ????,3.5149,,
J-sG9vePDmI,J-sG9vePDmI,3,"The displayed text says ""Shadow boxing the opposing team ????"".",3.5149,,
J-sG9vePDmI,J-sG9vePDmI,4,"The displayed text at the beginning says ""Shadow boxing the opposing team ????"".",3.5149,,
J-sG9vePDmI,J-sG9vePDmI,5,"The displayed text says ""Shadow boxing the opposing team ????"".",3.5149,,
J-sG9vePDmI,J-sG9vePDmI,6,"The displayed text at the beginning says ""Shadow boxing the opposing team ????"".",3.5149,,
J-sG9vePDmI,J-sG9vePDmI,7,"The displayed text at the beginning says ""Shadow boxing the opposing team ????"".",3.5149,,
J-sG9vePDmI,J-sG9vePDmI,8,"The displayed text says ""Shadow boxing the opposing team ????"".",3.5149,,
J-sG9vePDmI,J-sG9vePDmI,9,Shadow boxing the opposing team,3.5149,,
J-sG9vePDmI,J-sG9vePDmI,10,"The displayed text at the beginning says ""Shadow boxing the opposing team ????"".",3.5149,,
J1CS47pBX_M,J1CS47pBX_M,1,Break out of your shell.,3.468,,
J1CS47pBX_M,J1CS47pBX_M,2,Break out of your shell.,3.468,,
J1CS47pBX_M,J1CS47pBX_M,3,"The first thing said in the video is ""Break out of your shell.""",3.468,,
J1CS47pBX_M,J1CS47pBX_M,4,"The first thing said in the video is ""Break out of your shell.""",3.468,,
J1CS47pBX_M,J1CS47pBX_M,5,"The first thing said in the video is ""Break out of your shell.""",3.468,,
J1CS47pBX_M,J1CS47pBX_M,6,"The first thing said in the video is ""Break out of your shell.""",3.468,,
J1CS47pBX_M,J1CS47pBX_M,7,"The first thing said in the video is ""Break out of your shell"".",3.468,,
J1CS47pBX_M,J1CS47pBX_M,8,Break out of your shell.,3.468,,
J1CS47pBX_M,J1CS47pBX_M,9,Break out of your shell.,3.468,,
J1CS47pBX_M,J1CS47pBX_M,10,"The first thing said in the video is ""Break out of your shell"".",3.468,,
J3nyDqVYj40,J3nyDqVYj40,1,The bull charges the man in a daring bullfighting scene.,3.9822,,
J3nyDqVYj40,J3nyDqVYj40,2,"The bull runs towards the man, who attempts to escape, while people watch from the sidelines.",3.9822,,
J3nyDqVYj40,J3nyDqVYj40,3,The bull charges the man after it is released from the pen.,3.9822,,
J3nyDqVYj40,J3nyDqVYj40,4,"The bull charges the man, causing him to run away in fear.",3.9822,,
J3nyDqVYj40,J3nyDqVYj40,5,"The bull charges towards the man, who tries to escape by running away.",3.9822,,
J3nyDqVYj40,J3nyDqVYj40,6,"The bull charges the man, who quickly darts out of the way, and continues running down the street.",3.9822,,
J3nyDqVYj40,J3nyDqVYj40,7,The bull runs towards the man and charges at him.,3.9822,,
J3nyDqVYj40,J3nyDqVYj40,8,"The bull runs towards the man, and the man tries to avoid it by running in the opposite direction.",3.9822,,
J3nyDqVYj40,J3nyDqVYj40,9,"The bull runs down the street and charges the man, who tries to avoid being gored by the bull.",3.9822,,
J3nyDqVYj40,J3nyDqVYj40,10,"The bull charges the man, who falls to the ground, and continues to charge through the crowd.",3.9822,,
J5cGZ_EA8R8,J5cGZ_EA8R8,1,The guy does three flips while jumping off the tree branch.,3.7368,,
J5cGZ_EA8R8,J5cGZ_EA8R8,2,The guy does two flips while jumping off the tree branch.,3.7368,,
J5cGZ_EA8R8,J5cGZ_EA8R8,3,The guy does three flips while jumping off the tree branch.,3.7368,,
J5cGZ_EA8R8,J5cGZ_EA8R8,4,The guy does two flips while jumping off the tree branch.,3.7368,,
J5cGZ_EA8R8,J5cGZ_EA8R8,5,3,3.7368,,
J5cGZ_EA8R8,J5cGZ_EA8R8,6,The guy does 3 flips while jumping off the tree branch.,3.7368,,
J5cGZ_EA8R8,J5cGZ_EA8R8,7,The guy does 2 flips while jumping off the tree branch.,3.7368,,
J5cGZ_EA8R8,J5cGZ_EA8R8,8,2 flips.,3.7368,,
J5cGZ_EA8R8,J5cGZ_EA8R8,9,The guy does two flips while jumping off the tree branch.,3.7368,,
J5cGZ_EA8R8,J5cGZ_EA8R8,10,The guy does two flips while jumping off the tree branch.,3.7368,,
J7C_J_BOq7I,J7C_J_BOq7I,1,The basketball player misses the basket and the ball goes out of bounds.,3.3863,,
J7C_J_BOq7I,J7C_J_BOq7I,2,The basketball player fails to successfully put the ball in the basket.,3.3863,,
J7C_J_BOq7I,J7C_J_BOq7I,3,The basketball player misses the basket.,3.3863,,
J7C_J_BOq7I,J7C_J_BOq7I,4,The basketball player misses the basket.,3.3863,,
J7C_J_BOq7I,J7C_J_BOq7I,5,"The basketball player misses the basket, and the ball bounces off the rim.",3.3863,,
J7C_J_BOq7I,J7C_J_BOq7I,6,The basketball player misses the basket.,3.3863,,
J7C_J_BOq7I,J7C_J_BOq7I,7,The basketball player misses the basket and the ball bounces off the rim.,3.3863,,
J7C_J_BOq7I,J7C_J_BOq7I,8,The basketball player fails to put the ball in the basket.,3.3863,,
J7C_J_BOq7I,J7C_J_BOq7I,9,The basketball player fails to put the ball in the basket and it bounces back.,3.3863,,
J7C_J_BOq7I,J7C_J_BOq7I,10,The basketball player misses the basket and the ball bounces back to the ground.,3.3863,,
J8L_ZRBH6VM,J8L_ZRBH6VM,1,"The three women are standing with their hands behind their heads, possibly in a playful or staged manner.",3.5822,,
J8L_ZRBH6VM,J8L_ZRBH6VM,2,The three women are dancing with their hands behind their heads.,3.5822,,
J8L_ZRBH6VM,J8L_ZRBH6VM,3,The three women are covering their faces and then moving their hands to the back of their heads as part of a dance move.,3.5822,,
J8L_ZRBH6VM,J8L_ZRBH6VM,4,The three women are covering their faces with their hands.,3.5822,,
J8L_ZRBH6VM,J8L_ZRBH6VM,5,"The three women are standing in a line with their backs to the camera, covering their eyes and moving their bodies in a dance-like manner.",3.5822,,
J8L_ZRBH6VM,J8L_ZRBH6VM,6,"The three women are standing with their backs to the camera, appearing to be surprised or startled.",3.5822,,
J8L_ZRBH6VM,J8L_ZRBH6VM,7,"The three women are covering their faces with their hands and then suddenly turn to face the camera, which is a surprise or prank.",3.5822,,
J8L_ZRBH6VM,J8L_ZRBH6VM,8,"The three women are dancing in a playful manner, covering their eyes and then removing their hands to continue dancing.",3.5822,,
J8L_ZRBH6VM,J8L_ZRBH6VM,9,The three women are standing with their hands behind their heads.,3.5822,,
J8L_ZRBH6VM,J8L_ZRBH6VM,10,The three women are covering their faces with their hands as the person in the video walks towards them.,3.5822,,
J8pjQz5hVDw,J8pjQz5hVDw,1,"The buildings next to the demolished one did not get damaged likely because the demolition was controlled and contained, with measures such as using a controlled implosion or specific demolition equipment to minimize the impact on surrounding structures.",4.2065,,
J8pjQz5hVDw,J8pjQz5hVDw,2,"The buildings next to the demolished one did not get damaged likely because they were not structurally connected to the building that was being demolished, and the demolition was contained to a specific area, minimizing the risk of damage to nearby structures.",4.2065,,
J8pjQz5hVDw,J8pjQz5hVDw,3,The buildings next to the demolished one did not get damaged likely because they were not directly in the path of the collapse and were at a sufficient distance to avoid the debris and the resulting shockwave.,4.2065,,
J8pjQz5hVDw,J8pjQz5hVDw,4,"The buildings next to the demolished one did not get damaged because the demolition was controlled and precise, likely using explosives or hydraulic shears, which targeted the specific area to be demolished without affecting the adjacent structures.",4.2065,,
J8pjQz5hVDw,J8pjQz5hVDw,5,"The buildings next to the demolished one likely had protective barriers or were designed to withstand the impact, minimizing damage.",4.2065,,
J8pjQz5hVDw,J8pjQz5hVDw,6,"The buildings next to the demolished one did not get damaged because the demolition was a controlled process, and the structures were likely built with different materials or were not directly impacted by the collapse of the adjacent building.",4.2065,,
J8pjQz5hVDw,J8pjQz5hVDw,7,The buildings next to the demolished one did not get damaged because they were not structurally connected to the building that was being demolished. The demolition process likely involved controlled explosives or other methods that did not extend to the neighboring structures.,4.2065,,
J8pjQz5hVDw,J8pjQz5hVDw,8,The buildings next to the demolished one did not get damaged because they were structurally sound and not affected by the collapse of the adjacent building.,4.2065,,
J8pjQz5hVDw,J8pjQz5hVDw,9,"The buildings next to the demolished one did not get damaged because the demolition was a controlled process, and the buildings were likely not in the direct path of the explosion.",4.2065,,
J8pjQz5hVDw,J8pjQz5hVDw,10,"The buildings next to the demolished one likely had sufficient structural integrity and were not in the direct path of the demolition force, which is why they did not get damaged.",4.2065,,
J9nJaxVRB-4,J9nJaxVRB-4,1,"The video demonstrates the durability of Turboflex eyeglasses by showing them being crushed with a hammer, while ordinary eyeglasses are destroyed by the same action.",3.7818,,
J9nJaxVRB-4,J9nJaxVRB-4,2,The video demonstrates the durability of Turboflex eyeglasses by showing them being hit with a hammer while regular eyeglasses are destroyed.,3.7818,,
J9nJaxVRB-4,J9nJaxVRB-4,3,The video showcases the durability of Turboflex eyeglasses compared to regular eyeglasses by demonstrating that they can withstand a hammer strike while the regular ones break.,3.7818,,
J9nJaxVRB-4,J9nJaxVRB-4,4,The video demonstrates the durability of Turboflex eyeglasses by showing a hammer hitting regular glasses and then leaving the Turboflex glasses intact.,3.7818,,
J9nJaxVRB-4,J9nJaxVRB-4,5,"The video showcases a comparison between regular eyeglasses and Turboflex eyeglasses, highlighting the durability of the latter by demonstrating that they can withstand a hammer strike without breaking.",3.7818,,
J9nJaxVRB-4,J9nJaxVRB-4,6,"The video demonstrates the durability of Turboflex eyeglasses by showing them withstand being hammered, while regular eyeglasses are broken.",3.7818,,
J9nJaxVRB-4,J9nJaxVRB-4,7,"The video demonstrates the durability of Turboflex eyeglasses by showing them being hit with a hammer, while regular eyeglasses are not.",3.7818,,
J9nJaxVRB-4,J9nJaxVRB-4,8,"The video showcases the durability of Turboflex eyeglasses by demonstrating how they withstand hammer impacts, unlike regular eyeglasses.",3.7818,,
J9nJaxVRB-4,J9nJaxVRB-4,9,"The video demonstrates the durability of Turboflex eyeglasses by showing a hammer striking a regular pair, causing it to break, while a Turboflex pair remains intact.",3.7818,,
J9nJaxVRB-4,J9nJaxVRB-4,10,"The video showcases the durability of Turboflex eyeglasses by demonstrating their ability to withstand a hammer strike, while also highlighting a person's excitement about playing a game in a modern, well-equipped living room.",3.7818,,
J9PiXMoNwlw,J9PiXMoNwlw,1,The new abortion law will take effect starting September 15th.,3.8286,,
J9PiXMoNwlw,J9PiXMoNwlw,2,The new abortion law will take effect starting on September 15th.,3.8286,,
J9PiXMoNwlw,J9PiXMoNwlw,3,The new abortion law will take effect on September 15th.,3.8286,,
J9PiXMoNwlw,J9PiXMoNwlw,4,The new abortion law will take effect starting on September 15th.,3.8286,,
J9PiXMoNwlw,J9PiXMoNwlw,5,The new abortion law will take effect starting September 15th.,3.8286,,
J9PiXMoNwlw,J9PiXMoNwlw,6,The new abortion law will take effect starting September 15th.,3.8286,,
J9PiXMoNwlw,J9PiXMoNwlw,7,The new abortion law will take effect starting September 15th.,3.8286,,
J9PiXMoNwlw,J9PiXMoNwlw,8,The new abortion law will take effect starting September 15th.,3.8286,,
J9PiXMoNwlw,J9PiXMoNwlw,9,The new abortion law will take effect on September 15th.,3.8286,,
J9PiXMoNwlw,J9PiXMoNwlw,10,The new abortion law will take effect starting on September 15th.,3.8286,,
JA8_NOh7Hak,JA8_NOh7Hak,1,The issue with the jeans is that they are very long and appear to be too big for the women to wear comfortably.,4.1534,,
JA8_NOh7Hak,JA8_NOh7Hak,2,"The issue with the jeans is that they are extremely long, making the women appear unusually tall when holding them up.",4.1534,,
JA8_NOh7Hak,JA8_NOh7Hak,3,"The issue is that the jeans are extremely long and oversized, which is not a typical fit for most people.",4.1534,,
JA8_NOh7Hak,JA8_NOh7Hak,4,"The jeans are excessively long and don't fit properly, making them seem?????",4.1534,,
JA8_NOh7Hak,JA8_NOh7Hak,5,"The issue with the jeans is that they are extremely long, much longer than the women's legs, making it difficult for them to wear them.",4.1534,,
JA8_NOh7Hak,JA8_NOh7Hak,6,"The jeans are excessively long, extending well beyond the ankles, which is an issue for their intended fit and appearance.",4.1534,,
JA8_NOh7Hak,JA8_NOh7Hak,7,"The issue with the jeans is that they are extremely long, reaching the floor, which is unusual for regular-sized pants.",4.1534,,
JA8_NOh7Hak,JA8_NOh7Hak,8,"The issue is that the jeans are extremely long, making it seem like the women are very tall.",4.1534,,
JA8_NOh7Hak,JA8_NOh7Hak,9,"The jeans are exceptionally long, which the women appear to be struggling with, suggesting they might be too big or not designed for their height.",4.1534,,
JA8_NOh7Hak,JA8_NOh7Hak,10,"The issue with the jeans is that they are too long for the women, as they are holding them up to their chests, indicating that the jeans extend well above the knees.",4.1534,,
JAs8qTc5EEc,JAs8qTc5EEc,1,The man is trying to convey a humorous scenario about being sent to a children's home and the absurdities that might follow.,4.0533,,
JAs8qTc5EEc,JAs8qTc5EEc,2,The man is pretending to be sent to a children's home and is trying to act out the scenario in a humorous way.,4.0533,,
JAs8qTc5EEc,JAs8qTc5EEc,3,"The man is attempting to express his frustration and creativity in a humorous and exaggerated way, suggesting he is being unfairly treated like a child.",4.0533,,
JAs8qTc5EEc,JAs8qTc5EEc,4,"The man is trying to make a humorous or exaggerated expression and gesture to express the idea of being in a children's home, possibly to make a point about not playing with food or to add a comedic effect.",4.0533,,
JAs8qTc5EEc,JAs8qTc5EEc,5,The man is trying to depict the scenario of being sent to a children's home by misbehaving and defying his mother's instructions.,4.0533,,
JAs8qTc5EEc,JAs8qTc5EEc,6,"The man appears to be humorously suggesting he is in a children's home, playing with food, and acting out various scenarios as if he is a child.",4.0533,,
JAs8qTc5EEc,JAs8qTc5EEc,7,The man is trying to humorously depict the scenario of being in a children's home by pretending to be a child and engaging in playful and mischievous activities.,4.0533,,
JAs8qTc5EEc,JAs8qTc5EEc,8,The man is trying to illustrate the concept of being in a children's home by mimicking the behavior and actions of a child.,4.0533,,
JAs8qTc5EEc,JAs8qTc5EEc,9,"The man appears to be acting out a humorous scenario about being sent to a children's home, using exaggerated and playful gestures and expressions.",4.0533,,
JAs8qTc5EEc,JAs8qTc5EEc,10,"The man is trying to humorously depict the scenario of being sent to a children's home, possibly as a playful or exaggerated reaction to a situation.",4.0533,,
JA_afYAObgs,JA_afYAObgs,1,The pink creature is transformed into a vampire-like creature with red eyes and sharp teeth.,3.3887,,
JA_afYAObgs,JA_afYAObgs,2,"The pink creature's eyes turn red, indicating a transformation into a vampire.",3.3887,,
JA_afYAObgs,JA_afYAObgs,3,"The pink creature's eyes turn red, indicating a transformation.",3.3887,,
JA_afYAObgs,JA_afYAObgs,4,"The pink creature's eyes turn red, and her appearance changes to that of a vampire, indicating she has transformed into one.",3.3887,,
JA_afYAObgs,JA_afYAObgs,5,"The pink creature transforms into a vampire, with her eyes glowing red and her appearance changing accordingly.",3.3887,,
JA_afYAObgs,JA_afYAObgs,6,"The pink creature's eyes glow red, indicating a transformation, as she says she wants to be a vampire.",3.3887,,
JA_afYAObgs,JA_afYAObgs,7,"The pink creature is shown with a vampire-like appearance, indicating a transformation or change in her state.",3.3887,,
JA_afYAObgs,JA_afYAObgs,8,"The pink creature's eyes turn red, and she is embraced by another creature, suggesting a transformation or acceptance into vampire-like qualities.",3.3887,,
JA_afYAObgs,JA_afYAObgs,9,The pink creature's eyes turn red after she says she wants to be a vampire.,3.3887,,
JA_afYAObgs,JA_afYAObgs,10,The pink creature transforms into a vampire pony.,3.3887,,
JBmn5RRO_aM,JBmn5RRO_aM,1,The man in the white shirt jumps three times in the video.,3.687,,
JBmn5RRO_aM,JBmn5RRO_aM,2,The man in the white shirt jumps three times in the video.,3.687,,
JBmn5RRO_aM,JBmn5RRO_aM,3,The man in the white shirt jumps three times in the video.,3.687,,
JBmn5RRO_aM,JBmn5RRO_aM,4,The man in the white shirt jumps three times in the video.,3.687,,
JBmn5RRO_aM,JBmn5RRO_aM,5,The man in the white shirt jumps three times in the video.,3.687,,
JBmn5RRO_aM,JBmn5RRO_aM,6,The man in the white shirt jumps twice.,3.687,,
JBmn5RRO_aM,JBmn5RRO_aM,7,The man in the white shirt jumps three times in the video.,3.687,,
JBmn5RRO_aM,JBmn5RRO_aM,8,The man in the white shirt jumps four times in the video.,3.687,,
JBmn5RRO_aM,JBmn5RRO_aM,9,The man in the white shirt jumps four times in the video.,3.687,,
JBmn5RRO_aM,JBmn5RRO_aM,10,The man in the white shirt jumps three times in the video.,3.687,,
Jc2BdtyAF48,Jc2BdtyAF48,1,Using laser beams to tighten the skin,3.7271,,
Jc2BdtyAF48,Jc2BdtyAF48,2,Using laser beams to tighten the skin.,3.7271,,
Jc2BdtyAF48,Jc2BdtyAF48,3,Using laser beams to tighten the skin,3.7271,,
Jc2BdtyAF48,Jc2BdtyAF48,4,Using laser beams to tighten the skin,3.7271,,
Jc2BdtyAF48,Jc2BdtyAF48,5,Using laser beams to tighten the skin,3.7271,,
Jc2BdtyAF48,Jc2BdtyAF48,6,Using laser beams to tighten the skin.,3.7271,,
Jc2BdtyAF48,Jc2BdtyAF48,7,Using laser beams to tighten the skin,3.7271,,
Jc2BdtyAF48,Jc2BdtyAF48,8,Using laser beams to tighten the skin,3.7271,,
Jc2BdtyAF48,Jc2BdtyAF48,9,Using laser beams to tighten the skin,3.7271,,
Jc2BdtyAF48,Jc2BdtyAF48,10,Using laser beams to tighten the skin,3.7271,,
JCKbxPvO32I,JCKbxPvO32I,1,The solo instrument playing in the background is a keyboard.,3.6336,,
JCKbxPvO32I,JCKbxPvO32I,2,The background music is being played by a keyboard.,3.6336,,
JCKbxPvO32I,JCKbxPvO32I,3,The solo instrument playing in the background is a guitar.,3.6336,,
JCKbxPvO32I,JCKbxPvO32I,4,The solo instrument playing in the background is a guitar.,3.6336,,
JCKbxPvO32I,JCKbxPvO32I,5,There is no solo instrument playing in the background of this image.,3.6336,,
JCKbxPvO32I,JCKbxPvO32I,6,There is no solo instrument playing in the background.,3.6336,,
JCKbxPvO32I,JCKbxPvO32I,7,The solo instrument playing in the background is the violin.,3.6336,,
JCKbxPvO32I,JCKbxPvO32I,8,The solo instrument playing in the background is a keyboard.,3.6336,,
JCKbxPvO32I,JCKbxPvO32I,9,"The video does not contain any audio, so it is impossible to determine what solo instrument is playing in the background.",3.6336,,
JCKbxPvO32I,JCKbxPvO32I,10,The background music is being played by a flute.,3.6336,,
Jc_vZjKwtvg,Jc_vZjKwtvg,1,"The song being played in the video is ""Champagne Poppin"" by Justin Bieber.",3.9183,,
Jc_vZjKwtvg,Jc_vZjKwtvg,2,"The song being played in the video is ""I Love It"" by Bebe Rexha, featuring Sia and Nicki Minaj.",3.9183,,
Jc_vZjKwtvg,Jc_vZjKwtvg,3,The video does not provide information about the song being played.,3.9183,,
Jc_vZjKwtvg,Jc_vZjKwtvg,4,The video does not provide information about the specific song being played.,3.9183,,
Jc_vZjKwtvg,Jc_vZjKwtvg,5,"The song being played in the video is ""I'm Gonna Be (500 Miles)"" by The Proclaimers.",3.9183,,
Jc_vZjKwtvg,Jc_vZjKwtvg,6,The song being played in the video is not specified in the description.,3.9183,,
Jc_vZjKwtvg,Jc_vZjKwtvg,7,The video does not provide information about the specific song being played.,3.9183,,
Jc_vZjKwtvg,Jc_vZjKwtvg,8,"The song being played in this video is ""Dance Monkey"" by Tones and I.",3.9183,,
Jc_vZjKwtvg,Jc_vZjKwtvg,9,The video does not provide information about the specific song being played.,3.9183,,
Jc_vZjKwtvg,Jc_vZjKwtvg,10,The video does not provide information about the song being played.,3.9183,,
JdjYxZcSBSY,JdjYxZcSBSY,1,"After a Chimpanzee chews gum for a while, it ends up with a mouth full of foam.",3.7916,,
JdjYxZcSBSY,JdjYxZcSBSY,2,"After a Chimpanzee chews gum for a while, it eventually spits the gum out.",3.7916,,
JdjYxZcSBSY,JdjYxZcSBSY,3,"The chimpanzee continues to chew and make various expressions, showcasing its playful and curious nature.",3.7916,,
JdjYxZcSBSY,JdjYxZcSBSY,4,"After chewing gum for a while, the chimpanzee stops chewing and looks directly at the camera with a curious expression.",3.7916,,
JdjYxZcSBSY,JdjYxZcSBSY,5,"The Chimpanzee opens its mouth wide, displaying its teeth, and continues to chew and make various facial expressions.",3.7916,,
JdjYxZcSBSY,JdjYxZcSBSY,6,"The Chimpanzee opens its mouth wide, possibly to show its teeth or to chew more vigorously, before closing its mouth and looking around.",3.7916,,
JdjYxZcSBSY,JdjYxZcSBSY,7,"After a Chimpanzee chews gum for a while, it stops chewing and looks around.",3.7916,,
JdjYxZcSBSY,JdjYxZcSBSY,8,"After a Chimpanzee chews gum for a while, it eventually spits it out, revealing its teeth and a playful expression.",3.7916,,
JdjYxZcSBSY,JdjYxZcSBSY,9,"After a Chimpanzee chews gum for a while, it appears to spit it out and continue to make faces, seemingly amused by the experience.",3.7916,,
JdjYxZcSBSY,JdjYxZcSBSY,10,"After a Chimpanzee chews gum for a while, it sticks the gum to its face and then licks it off.",3.7916,,
Je-mkG85Ntc,Je-mkG85Ntc,1,The boy makes a laugh at the end of the video.,3.6834,,
Je-mkG85Ntc,Je-mkG85Ntc,2,"The boy makes a happy sound, possibly laughing or smiling, at the end of the video.",3.6834,,
Je-mkG85Ntc,Je-mkG85Ntc,3,The boy makes a laughing sound at the end of the video.,3.6834,,
Je-mkG85Ntc,Je-mkG85Ntc,4,The boy makes a laughing sound at the end of the video.,3.6834,,
Je-mkG85Ntc,Je-mkG85Ntc,5,The boy makes a sound of laughter at the end of the video.,3.6834,,
Je-mkG85Ntc,Je-mkG85Ntc,6,The boy makes a loud laugh at the end of the video.,3.6834,,
Je-mkG85Ntc,Je-mkG85Ntc,7,The boy makes a laughing sound at the end of the video.,3.6834,,
Je-mkG85Ntc,Je-mkG85Ntc,8,The boy makes a loud laugh at the end of the video.,3.6834,,
Je-mkG85Ntc,Je-mkG85Ntc,9,The boy makes a sound of laughter at the end of the video.,3.6834,,
Je-mkG85Ntc,Je-mkG85Ntc,10,The boy makes a sound of laughter at the end of the video.,3.6834,,
JecGTrg8Qig,JecGTrg8Qig,1,"In the background of the video, there are stone steps and a clear blue sky with a few clouds.",4.1433,,
JecGTrg8Qig,JecGTrg8Qig,2,"In the background at the end of the video, there is a snow-covered landscape with snow-covered steps and a clear blue sky with a few clouds.",4.1433,,
JecGTrg8Qig,JecGTrg8Qig,3,"In the background of the video, there are stone steps and a clear sky.",4.1433,,
JecGTrg8Qig,JecGTrg8Qig,4,"In the background at the end of the video, there are snow-covered stone blocks and a clear blue sky.",4.1433,,
JecGTrg8Qig,JecGTrg8Qig,5,The background at the end of the video features a snowy landscape with a few stone blocks and a staircase.,4.1433,,
JecGTrg8Qig,JecGTrg8Qig,6,"The background at the end of the video shows a snowy landscape with a large, tiered structure resembling a stadium or amphitheater.",4.1433,,
JecGTrg8Qig,JecGTrg8Qig,7,"At the end of the video, the background shows a snowy landscape with a structure resembling an ancient amphitheater.",4.1433,,
JecGTrg8Qig,JecGTrg8Qig,8,The background at the end of the video shows a snowy landscape with an amphitheater-like structure.,4.1433,,
JecGTrg8Qig,JecGTrg8Qig,9,"At the end of the video, the background features a snowy landscape with snow-covered stone blocks and a clear blue sky with a few clouds.",4.1433,,
JecGTrg8Qig,JecGTrg8Qig,10,"In the background at the end of the video, there are stone steps and a clear sky with a few clouds.",4.1433,,
JeqfVPHF0OY,JeqfVPHF0OY,1,"The video demonstrates the growth rate of sugar cane in Minecraft, showing how quickly it can spread across the ground.",4.3989,,
JeqfVPHF0OY,JeqfVPHF0OY,2,"The video demonstrates the rapid growth of sugar cane in Minecraft, highlighting its fast-paced nature in the game.",4.3989,,
JeqfVPHF0OY,JeqfVPHF0OY,3,"The video demonstrates the rapid growth of sugar cane in Minecraft, showing how quickly it can be harvested and emphasizing the game's fast-paced mechanics.",4.3989,,
JeqfVPHF0OY,JeqfVPHF0OY,4,"The video demonstrates the process of planting and harvesting sugar cane in Minecraft, showcasing its growth rate and the use of in-game commands for acceleration.",4.3989,,
JeqfVPHF0OY,JeqfVPHF0OY,5,"The video demonstrates the rapid growth of sugar cane in Minecraft due to a high tick speed setting, which accelerates the growth process.",4.3989,,
JeqfVPHF0OY,JeqfVPHF0OY,6,"The video demonstrates the process of farming sugar cane in Minecraft, showing its growth rate and the need for careful management.",4.3989,,
JeqfVPHF0OY,JeqfVPHF0OY,7,"The video demonstrates the rapid growth of sugar cane in Minecraft, highlighting that it can be cultivated quickly on either dirt or sand.",4.3989,,
JeqfVPHF0OY,JeqfVPHF0OY,8,"The video demonstrates the rapid growth of sugar cane in Minecraft, with a note about the growth rate varying between different editions.",4.3989,,
JeqfVPHF0OY,JeqfVPHF0OY,9,"The video demonstrates the growth rate of sugar cane in Minecraft, highlighting that it grows at the same speed on either dirt or sand, with an average growth time of 18 minutes in Java Edition or 54 minutes in Bedrock Edition.",4.3989,,
JeqfVPHF0OY,JeqfVPHF0OY,10,"The video demonstrates the rapid growth of sugar cane in Minecraft, with a message highlighting the typical growth rate on average every 18 minutes in Java Edition or 54 minutes in Bedrock Edition.",4.3989,,
JfGLBDlipnY,JfGLBDlipnY,1,There are two people carrying a mattress at the same time in the video.,3.845,,
JfGLBDlipnY,JfGLBDlipnY,2,Two people,3.845,,
JfGLBDlipnY,JfGLBDlipnY,3,There is no indication in the image that more than one person is carrying a mattress at any time.,3.845,,
JfGLBDlipnY,JfGLBDlipnY,4,Two people carry a mattress at any time.,3.845,,
JfGLBDlipnY,JfGLBDlipnY,5,Two,3.845,,
JfGLBDlipnY,JfGLBDlipnY,6,Two people carry a mattress at the same time.,3.845,,
JfGLBDlipnY,JfGLBDlipnY,7,Two people carry a mattress at any time.,3.845,,
JfGLBDlipnY,JfGLBDlipnY,8,Two people,3.845,,
JfGLBDlipnY,JfGLBDlipnY,9,Two people,3.845,,
JfGLBDlipnY,JfGLBDlipnY,10,Two.,3.845,,
JfXV0T2VpEg,JfXV0T2VpEg,1,"When the father chooses the snack bag in the left or right challenge game, he is surprised and reacts dramatically, which seems to amuse the children.",3.761,,
JfXV0T2VpEg,JfXV0T2VpEg,2,"The child's face gets smashed by a giant hammer, causing a humorous and chaotic scene.",3.761,,
JfXV0T2VpEg,JfXV0T2VpEg,3,"The father holds a snack bag and stands behind the child, indicating the end of the challenge game.",3.761,,
JfXV0T2VpEg,JfXV0T2VpEg,4,"The father either sits on the child or gets hit with a hammer, depending on the outcome of the challenge game.",3.761,,
JfXV0T2VpEg,JfXV0T2VpEg,5,"When the father chooses the snack bag in the left or right challenge game, he lifts the child on his shoulders and then places the child on the table.",3.761,,
JfXV0T2VpEg,JfXV0T2VpEg,6,The girl and the boy behind him will run away.,3.761,,
JfXV0T2VpEg,JfXV0T2VpEg,7,"The family plays a game where the father must choose between a snack bag in the left or right challenge game, leading to various reactions from the participants.",3.761,,
JfXV0T2VpEg,JfXV0T2VpEg,8,"When the father chooses the snack bag in the left or right challenge game, the children react with excitement and the father ends up holding the bag of chips.",3.761,,
JfXV0T2VpEg,JfXV0T2VpEg,9,"The children react with surprise or excitement, indicating a playful and engaging interaction.",3.761,,
JfXV0T2VpEg,JfXV0T2VpEg,10,The father is hit with a hammer when he chooses the snack bag in the left or right challenge game.,3.761,,
JfzYDrbdvsQ,JfzYDrbdvsQ,1,The man was using a video camera app on his cell phone.,3.9488,,
JfzYDrbdvsQ,JfzYDrbdvsQ,2,The man used his cell phone to watch a video.,3.9488,,
JfzYDrbdvsQ,JfzYDrbdvsQ,3,The man took a selfie with his cell phone in front of a television before using it near the ocean.,3.9488,,
JfzYDrbdvsQ,JfzYDrbdvsQ,4,The man was using a phone with a skull mask filter while driving.,3.9488,,
JfzYDrbdvsQ,JfzYDrbdvsQ,5,The man used his cell phone to take a picture of himself wearing a skull mask.,3.9488,,
JfzYDrbdvsQ,JfzYDrbdvsQ,6,The man held his cell phone in front of his face while driving.,3.9488,,
JfzYDrbdvsQ,JfzYDrbdvsQ,7,The man used his cell phone to take a picture of himself and his motorcycle.,3.9488,,
JfzYDrbdvsQ,JfzYDrbdvsQ,8,The man used his cell phone to take a photo of himself in a mirror before using it near the ocean.,3.9488,,
JfzYDrbdvsQ,JfzYDrbdvsQ,9,"The man took a picture of himself with his cell phone, which had a skull-themed case.",3.9488,,
JfzYDrbdvsQ,JfzYDrbdvsQ,10,"The man was holding his cell phone in front of a TV, possibly taking a photo or video.",3.9488,,
JGQjEeUzFdI,JGQjEeUzFdI,1,There are five toy figurines in the video.,3.7193,,
JGQjEeUzFdI,JGQjEeUzFdI,2,There are five toy figurines in the video.,3.7193,,
JGQjEeUzFdI,JGQjEeUzFdI,3,There are four toy figurines in the video.,3.7193,,
JGQjEeUzFdI,JGQjEeUzFdI,4,There are five toy figurines in the video.,3.7193,,
JGQjEeUzFdI,JGQjEeUzFdI,5,There are five toy figurines in the video.,3.7193,,
JGQjEeUzFdI,JGQjEeUzFdI,6,There are five toy figurines in the video.,3.7193,,
JGQjEeUzFdI,JGQjEeUzFdI,7,There are five toy figurines in the video.,3.7193,,
JGQjEeUzFdI,JGQjEeUzFdI,8,There are five toy figurines in the video.,3.7193,,
JGQjEeUzFdI,JGQjEeUzFdI,9,There are five toy figurines in the video.,3.7193,,
JGQjEeUzFdI,JGQjEeUzFdI,10,There are five toy figurines in the video.,3.7193,,
Jhiyf69UltM,Jhiyf69UltM,1,"After the little girl tasted a cookie, she exclaimed ""MMM"" and seemed to enjoy the flavor.",3.6554,,
Jhiyf69UltM,Jhiyf69UltM,2,"After the little girl tasted a cookie, she said ""mmm"" indicating that she liked it.",3.6554,,
Jhiyf69UltM,Jhiyf69UltM,3,"The little girl seemed to enjoy the cookie, as indicated by her facial expression and the sound ""MMM.""",3.6554,,
Jhiyf69UltM,Jhiyf69UltM,4,"After the little girl tasted a cookie, she said ""MMM"" indicating that she enjoyed it.",3.6554,,
Jhiyf69UltM,Jhiyf69UltM,5,"The little girl exclaimed ""Wow"" and then ""Mmm"" while enjoying the cookie.",3.6554,,
Jhiyf69UltM,Jhiyf69UltM,6,"After tasting a cookie, the little girl made a ""MMM"" sound, expressing her enjoyment of the treat.",3.6554,,
Jhiyf69UltM,Jhiyf69UltM,7,"The little girl smiled and said ""mmm"" after tasting the cookie.",3.6554,,
Jhiyf69UltM,Jhiyf69UltM,8,"After the little girl tasted a cookie, she made a satisfied sound.",3.6554,,
Jhiyf69UltM,Jhiyf69UltM,9,"The little girl said ""mmm"" after tasting a cookie.",3.6554,,
Jhiyf69UltM,Jhiyf69UltM,10,"The little girl expressed her enjoyment by saying ""MMM"".",3.6554,,
JJ8sKvg55sM,JJ8sKvg55sM,1,3,3.7814,,
JJ8sKvg55sM,JJ8sKvg55sM,2,There are two birds in the video.,3.7814,,
JJ8sKvg55sM,JJ8sKvg55sM,3,There are three birds in the video.,3.7814,,
JJ8sKvg55sM,JJ8sKvg55sM,4,There are three birds in the video.,3.7814,,
JJ8sKvg55sM,JJ8sKvg55sM,5,3,3.7814,,
JJ8sKvg55sM,JJ8sKvg55sM,6,3,3.7814,,
JJ8sKvg55sM,JJ8sKvg55sM,7,There are three birds in the video.,3.7814,,
JJ8sKvg55sM,JJ8sKvg55sM,8,There are two birds in the video.,3.7814,,
JJ8sKvg55sM,JJ8sKvg55sM,9,3,3.7814,,
JJ8sKvg55sM,JJ8sKvg55sM,10,3,3.7814,,
JjbPGSbFVc8,JjbPGSbFVc8,1,"The video shows the completed paper envelope with the text ""Coming Soon!""",3.7607,,
JjbPGSbFVc8,JjbPGSbFVc8,2,The video ends with a message indicating a full video will be available in the description and comments.,3.7607,,
JjbPGSbFVc8,JjbPGSbFVc8,3,"The video ends with a speech bubble saying ""Coming Soon!"" and a hint that there is a full video in the description and comments.",3.7607,,
JjbPGSbFVc8,JjbPGSbFVc8,4,"At the end of the video, a message appears saying ""Coming Soon!"" indicating a future release.",3.7607,,
JjbPGSbFVc8,JjbPGSbFVc8,5,The video ends with a message indicating that a full version is available in the description and comments.,3.7607,,
JjbPGSbFVc8,JjbPGSbFVc8,6,"The video concludes with a ""Coming Soon!"" message.",3.7607,,
JjbPGSbFVc8,JjbPGSbFVc8,7,The video ends with a message that a full video is coming soon and the creator's social media handles are displayed.,3.7607,,
JjbPGSbFVc8,JjbPGSbFVc8,8,The video ends with a message indicating that a full tutorial will be available soon.,3.7607,,
JjbPGSbFVc8,JjbPGSbFVc8,9,"The video shows a speech bubble saying ""Coming Soon!"" indicating that there is more content to be released.",3.7607,,
JjbPGSbFVc8,JjbPGSbFVc8,10,"The video ends with a ""Coming Soon!"" message indicating that a full video will be available in the description and comments.",3.7607,,
JJm36w6X5pI,JJm36w6X5pI,1,"The poster warns against smoking during pregnancy, as it can harm the fetus.",3.6011,,
JJm36w6X5pI,JJm36w6X5pI,2,"The poster appears to warn against the dangers of smoking during pregnancy, as indicated by the phrase ""I die!!"" in the image.",3.6011,,
JJm36w6X5pI,JJm36w6X5pI,3,"The poster warns against smoking, as indicated by the phrase ""SMOKING IS HARMFUL TO MOTHER AND CHILD"" and the imagery of a fetus being affected by the smoke.",3.6011,,
JJm36w6X5pI,JJm36w6X5pI,4,The poster warns against smoking during pregnancy.,3.6011,,
JJm36w6X5pI,JJm36w6X5pI,5,"The poster warns against smoking during pregnancy, as it can harm the developing fetus.",3.6011,,
JJm36w6X5pI,JJm36w6X5pI,6,The poster warns against smoking during pregnancy.,3.6011,,
JJm36w6X5pI,JJm36w6X5pI,7,The poster warns against smoking during pregnancy.,3.6011,,
JJm36w6X5pI,JJm36w6X5pI,8,"The poster humorously warns against the dangers of smoking during pregnancy, as depicted by the child in the mother's womb reacting to the smoke.",3.6011,,
JJm36w6X5pI,JJm36w6X5pI,9,"The poster warns against smoking during pregnancy, as it can harm the fetus.",3.6011,,
JJm36w6X5pI,JJm36w6X5pI,10,"The poster warns against smoking while pregnant, as it can harm the developing fetus.",3.6011,,
Jjtp1B8OYqQ,Jjtp1B8OYqQ,1,"The dancer is wearing a white hoodie, black pants, and a black cap.",3.9198,,
Jjtp1B8OYqQ,Jjtp1B8OYqQ,2,The dancer is wearing a white shirt and black pants.,3.9198,,
Jjtp1B8OYqQ,Jjtp1B8OYqQ,3,The dancer is wearing a white shirt and black pants.,3.9198,,
Jjtp1B8OYqQ,Jjtp1B8OYqQ,4,"The dancer is wearing a white hoodie, black pants, and a black cap.",3.9198,,
Jjtp1B8OYqQ,Jjtp1B8OYqQ,5,"The dancer is wearing a white hoodie, black pants, and a black cap.",3.9198,,
Jjtp1B8OYqQ,Jjtp1B8OYqQ,6,The dancer is wearing a white shirt with a black Nike logo and black pants.,3.9198,,
Jjtp1B8OYqQ,Jjtp1B8OYqQ,7,The dancer is wearing a white hoodie and black pants.,3.9198,,
Jjtp1B8OYqQ,Jjtp1B8OYqQ,8,"The dancer is wearing a white hoodie, black pants, and a black cap.",3.9198,,
Jjtp1B8OYqQ,Jjtp1B8OYqQ,9,The dancer is wearing a white hoodie and black pants.,3.9198,,
Jjtp1B8OYqQ,Jjtp1B8OYqQ,10,"The dancer is wearing a white hoodie, black pants, and a black cap.",3.9198,,
Jk5h2a0j_ek,Jk5h2a0j_ek,1,They are eating candy.,3.8313,,
Jk5h2a0j_ek,Jk5h2a0j_ek,2,They are eating candy.,3.8313,,
Jk5h2a0j_ek,Jk5h2a0j_ek,3,They are eating candy.,3.8313,,
Jk5h2a0j_ek,Jk5h2a0j_ek,4,They are eating candy.,3.8313,,
Jk5h2a0j_ek,Jk5h2a0j_ek,5,They are eating colorful candies.,3.8313,,
Jk5h2a0j_ek,Jk5h2a0j_ek,6,They are eating bubble gum.,3.8313,,
Jk5h2a0j_ek,Jk5h2a0j_ek,7,They are eating candy that looks like stars.,3.8313,,
Jk5h2a0j_ek,Jk5h2a0j_ek,8,They are eating candy.,3.8313,,
Jk5h2a0j_ek,Jk5h2a0j_ek,9,They are eating candy.,3.8313,,
Jk5h2a0j_ek,Jk5h2a0j_ek,10,They are eating candy.,3.8313,,
JkfvwpRl488,JkfvwpRl488,1,me: I guess I'll give it a try ??,3.6564,,
JkfvwpRl488,JkfvwpRl488,2,"The display text reply to the first question is ""me: I guess I'll give it a try ??"".",3.6564,,
JkfvwpRl488,JkfvwpRl488,3,"The display text reply to the first question is ""me: I guess I'll give it a try"".",3.6564,,
JkfvwpRl488,JkfvwpRl488,4,me: I guess I'll give it a try ??,3.6564,,
JkfvwpRl488,JkfvwpRl488,5,"The display text reply to the first question in this video is ""me: I guess I'll give it a try"".",3.6564,,
JkfvwpRl488,JkfvwpRl488,6,me: I guess I'll give it a try.,3.6564,,
JkfvwpRl488,JkfvwpRl488,7,me: I guess I'll give it a try ??,3.6564,,
JkfvwpRl488,JkfvwpRl488,8,me: I guess I'll give it a try ??,3.6564,,
JkfvwpRl488,JkfvwpRl488,9,"The display text reply to the first question in the video is ""me: I guess I'll give it a try ??"".",3.6564,,
JkfvwpRl488,JkfvwpRl488,10,"The display text reply to the first question is ""me: I guess I'll give it a try"".",3.6564,,
JluxtrFDkZU,JluxtrFDkZU,1,"The image on the plate is a depiction of an ancient Egyptian sword known as a ""kepshe,"" which is characterized by its curved shape and design meant to strip enemy shields.",3.7995,,
JluxtrFDkZU,JluxtrFDkZU,2,"The image on the plate is a depiction of an Egyptian sword called a Kepesh, which is a curved blade resembling a sickle and is often associated with ancient Egyptian culture.",3.7995,,
JluxtrFDkZU,JluxtrFDkZU,3,"The image on the plate is of a weapon called a Kepesh, which is an Egyptian sword that resembles a sickle and is known for its design that allows it to peel off the enemy's shield.",3.7995,,
JluxtrFDkZU,JluxtrFDkZU,4,The image on the plate is a sword.,3.7995,,
JluxtrFDkZU,JluxtrFDkZU,5,"The image on the plate is of an ancient Egyptian sword, also known as a ""keshe,"" which is said to have a design resembling a sickle and was used by Pharaohs and found in King Tutankhamun's tomb.",3.7995,,
JluxtrFDkZU,JluxtrFDkZU,6,The image on the plate is a depiction of a crescent-shaped Egyptian sword and a pharaoh statue.,3.7995,,
JluxtrFDkZU,JluxtrFDkZU,7,"The image on the plate is a decorative plate featuring an illustration of a scimitar, an ancient Egyptian sword, with a crescent moon symbol and the text ""SSR"" indicating its rarity level.",3.7995,,
JluxtrFDkZU,JluxtrFDkZU,8,"The image on the plate is a sword with a crescent moon design, resembling a scimitar, and it's labeled as an SSR item.",3.7995,,
JluxtrFDkZU,JluxtrFDkZU,9,"The image on the plate is a depiction of a Egyptian sword with a crescent moon shape and a design that resembles a scythe, used for removing enemy shields.",3.7995,,
JluxtrFDkZU,JluxtrFDkZU,10,The image on the plate is a crescent-shaped sword.,3.7995,,
JOClNGH6yL8,JOClNGH6yL8,1,The woman is wearing a pink top.,3.5776,,
JOClNGH6yL8,JOClNGH6yL8,2,The woman is wearing a pink top.,3.5776,,
JOClNGH6yL8,JOClNGH6yL8,3,The woman is wearing a pink top.,3.5776,,
JOClNGH6yL8,JOClNGH6yL8,4,The woman is wearing a pink top.,3.5776,,
JOClNGH6yL8,JOClNGH6yL8,5,The woman is wearing a pink top.,3.5776,,
JOClNGH6yL8,JOClNGH6yL8,6,The woman is wearing a pink top.,3.5776,,
JOClNGH6yL8,JOClNGH6yL8,7,The woman's top is pink.,3.5776,,
JOClNGH6yL8,JOClNGH6yL8,8,The woman's top is pink.,3.5776,,
JOClNGH6yL8,JOClNGH6yL8,9,The woman is wearing a pink top.,3.5776,,
JOClNGH6yL8,JOClNGH6yL8,10,The woman is wearing a pink top.,3.5776,,
JOftqIUYn24,JOftqIUYn24,1,"The video is a humorous cartoon that depicts a character eating a lobster, with a waiter humorously asking how the lobster is, and the character responding with a phrase often used in English to express surprise or disapproval.",3.7326,,
JOftqIUYn24,JOftqIUYn24,2,"The video humorously depicts a restaurant scenario where a waiter serves a lobster to a customer, leading to a comical interaction.",3.7326,,
JOftqIUYn24,JOftqIUYn24,3,"The video is a humorous animated sequence featuring anthropomorphic characters enjoying a meal together, particularly focusing on a lobster being served to a blue character.",3.7326,,
JOftqIUYn24,JOftqIUYn24,4,"The video humorously depicts a waiter serving a lobster to a customer, with the customer playfully reacting to the situation.",3.7326,,
JOftqIUYn24,JOftqIUYn24,5,The video is a humorous cartoon depicting a waiter serving a lobster to a customer at a restaurant.,3.7326,,
JOftqIUYn24,JOftqIUYn24,6,"The video is a humorous cartoon depicting a blue creature serving lobsters to two orange characters, with one of the orange characters reacting excitedly to the lobsters.",3.7326,,
JOftqIUYn24,JOftqIUYn24,7,"The video is a humorous cartoon that depicts a character enjoying a meal of lobsters at a restaurant, with a lobster itself sitting across the table, adding a quirky and surreal twist to the scene.",3.7326,,
JOftqIUYn24,JOftqIUYn24,8,"The video is a humorous cartoon depicting a dining scene where a waiter humorously serves lobsters as a side dish to a customer, leading to a mischievous interaction involving the lobsters.",3.7326,,
JOftqIUYn24,JOftqIUYn24,9,"The video is a humorous cartoon depicting two anthropomorphic characters enjoying a meal, with one character playfully expressing surprise at the other's food.",3.7326,,
JOftqIUYn24,JOftqIUYn24,10,"The video is about a cartoon character ordering a lobster in a restaurant, receiving it, and then being served by a waiter who asks about the lobster.",3.7326,,
JOYI4B6yVX8,JOYI4B6yVX8,1,The woman falls to the ground.,3.449,,
JOYI4B6yVX8,JOYI4B6yVX8,2,The woman falls to the ground after being kicked by the horse.,3.449,,
JOYI4B6yVX8,JOYI4B6yVX8,3,"After the woman gets kicked by the horse, she continues to run, seemingly unfazed by the incident.",3.449,,
JOYI4B6yVX8,JOYI4B6yVX8,4,The woman falls to the ground after being kicked by the horse.,3.449,,
JOYI4B6yVX8,JOYI4B6yVX8,5,"The woman falls to the ground, and the horse continues to move forward.",3.449,,
JOYI4B6yVX8,JOYI4B6yVX8,6,"After the woman gets kicked by the horse, she walks away.",3.449,,
JOYI4B6yVX8,JOYI4B6yVX8,7,The woman runs away from the horse.,3.449,,
JOYI4B6yVX8,JOYI4B6yVX8,8,The woman continues to walk down the street.,3.449,,
JOYI4B6yVX8,JOYI4B6yVX8,9,"After the woman gets kicked by the horse, she continues to dance and laugh, seemingly unfazed by the incident.",3.449,,
JOYI4B6yVX8,JOYI4B6yVX8,10,The woman runs away from the horse.,3.449,,
JpCP3i6JoNc,JpCP3i6JoNc,1,"The young man is demonstrating various items on a screen using a knife, possibly for a demonstration or educational purpose.",3.5138,,
JpCP3i6JoNc,JpCP3i6JoNc,2,The young man is preparing to pop balloons with a knife in his hand.,3.5138,,
JpCP3i6JoNc,JpCP3i6JoNc,3,The young man is using a knife to pop balloons.,3.5138,,
JpCP3i6JoNc,JpCP3i6JoNc,4,The young man is pretending to cut balloons with a knife in his hand.,3.5138,,
JpCP3i6JoNc,JpCP3i6JoNc,5,"The young man is holding a knife and pointing it at the balloons on the wall, preparing to pop them.",3.5138,,
JpCP3i6JoNc,JpCP3i6JoNc,6,"The young man is using a knife to pop balloons, revealing images of a notebook, a ceiling fan, an air conditioner, and a window.",3.5138,,
JpCP3i6JoNc,JpCP3i6JoNc,7,The young man is using a knife to pop balloons and appears to be showing the results of popping the balloons.,3.5138,,
JpCP3i6JoNc,JpCP3i6JoNc,8,The young man is pretending to cut balloons with a knife while images of different items appear on the screen.,3.5138,,
JpCP3i6JoNc,JpCP3i6JoNc,9,The young man is pointing at the balloons with a knife in his hand.,3.5138,,
JpCP3i6JoNc,JpCP3i6JoNc,10,"The young man is pointing a knife at a wall with balloons and then at various household items, seemingly indicating a sequence of events or choices.",3.5138,,
JpTsHQHzptE,JpTsHQHzptE,1,"The two Spider-Men suddenly crouch behind Ladybug, creating a humorous and unexpected moment.",3.5026,,
JpTsHQHzptE,JpTsHQHzptE,2,The two Spider-Men start to dance behind Ladybug as she walks past them.,3.5026,,
JpTsHQHzptE,JpTsHQHzptE,3,The ladybug stands still while the two Spider-Man characters walk past her.,3.5026,,
JpTsHQHzptE,JpTsHQHzptE,4,The two Spider-Man figures are playfully pushing the Ladybug figure.,3.5026,,
JpTsHQHzptE,JpTsHQHzptE,5,The ladybug turns and looks at the two Spider-Men as they walk by.,3.5026,,
JpTsHQHzptE,JpTsHQHzptE,6,The two Spider-Man characters stand still and look at the person in the ladybug costume as she walks past them.,3.5026,,
JpTsHQHzptE,JpTsHQHzptE,7,The two Spider-Man figures turn and chase Ladybug.,3.5026,,
JpTsHQHzptE,JpTsHQHzptE,8,The two Spider-Man characters start dancing playfully as the ladybug character walks by.,3.5026,,
JpTsHQHzptE,JpTsHQHzptE,9,"The ladybug stops and looks at the two Spider Men, who are playfully posing behind her.",3.5026,,
JpTsHQHzptE,JpTsHQHzptE,10,The two Spider-Man characters are seen running behind the ladybug character.,3.5026,,
JqugPKIgGNQ,JqugPKIgGNQ,1,The cat is black and white.,3.9669,,
JqugPKIgGNQ,JqugPKIgGNQ,2,The cat is black and white.,3.9669,,
JqugPKIgGNQ,JqugPKIgGNQ,3,The cat is black and white.,3.9669,,
JqugPKIgGNQ,JqugPKIgGNQ,4,The cat is black and white.,3.9669,,
JqugPKIgGNQ,JqugPKIgGNQ,5,The cat is black and white.,3.9669,,
JqugPKIgGNQ,JqugPKIgGNQ,6,The cat is black and white.,3.9669,,
JqugPKIgGNQ,JqugPKIgGNQ,7,The cat in the video is black and white.,3.9669,,
JqugPKIgGNQ,JqugPKIgGNQ,8,The cat is black and white.,3.9669,,
JqugPKIgGNQ,JqugPKIgGNQ,9,The cat is black and white.,3.9669,,
JqugPKIgGNQ,JqugPKIgGNQ,10,The cat is black and white.,3.9669,,
JR5t_k9ULcA,JR5t_k9ULcA,1,"The video is showcasing unique stationery items for students, including rabbit pens, a unicorn eraser, and a Sanciu pouch.",3.7065,,
JR5t_k9ULcA,JR5t_k9ULcA,2,"The video is showcasing unique stationery items for students, including rabbit pens, unicorn erasers, and Sanrio pouches.",3.7065,,
JR5t_k9ULcA,JR5t_k9ULcA,3,"The video is showcasing unique and cute stationery items designed for students, featuring various themed products such as rabbit pens, unicorn erasers, and Sanrio pouches.",3.7065,,
JR5t_k9ULcA,JR5t_k9ULcA,4,The video is showcasing a variety of unique and colorful stationery items that are appealing to students.,3.7065,,
JR5t_k9ULcA,JR5t_k9ULcA,5,The video showcases unique and colorful stationery items that students might find appealing.,3.7065,,
JR5t_k9ULcA,JR5t_k9ULcA,6,"The video is showcasing a variety of unique and cute stationery items that students might enjoy, such as rabbit pens, unicorn erasers, and food-shaped erasers.",3.7065,,
JR5t_k9ULcA,JR5t_k9ULcA,7,The video is showcasing a variety of unique and colorful stationery items for students.,3.7065,,
JR5t_k9ULcA,JR5t_k9ULcA,8,"The video is showcasing a variety of unique and colorful stationery items that are appealing to students, including bunny pens, an unicorn eraser, a Sanrio pouch, and a food eraser set.",3.7065,,
JR5t_k9ULcA,JR5t_k9ULcA,9,"The video is showcasing unique stationery items for students, including rabbit pens, a unicorn eraser, Sanrio pouches, and food erasers.",3.7065,,
JR5t_k9ULcA,JR5t_k9ULcA,10,The video is showcasing unique and colorful stationery items that are appealing to students.,3.7065,,
JrBhUfuagxw,JrBhUfuagxw,1,"The last expression by the man in the video is a wide, laughing smile.",3.374,,
JrBhUfuagxw,JrBhUfuagxw,2,The last expression by the man in the video is a laughing expression.,3.374,,
JrBhUfuagxw,JrBhUfuagxw,3,The last expression by the man in the video is a smile.,3.374,,
JrBhUfuagxw,JrBhUfuagxw,4,The last expression by the man in the video is a smile.,3.374,,
JrBhUfuagxw,JrBhUfuagxw,5,The last expression by the man in the video is a wide smile.,3.374,,
JrBhUfuagxw,JrBhUfuagxw,6,The last expression by the man in the video is a smile.,3.374,,
JrBhUfuagxw,JrBhUfuagxw,7,The last expression by the man in the video is a surprised look.,3.374,,
JrBhUfuagxw,JrBhUfuagxw,8,The last expression by the man in the video is a smile.,3.374,,
JrBhUfuagxw,JrBhUfuagxw,9,"The man in the video has a wide, exaggerated smile and appears to be laughing or expressing amusement.",3.374,,
JrBhUfuagxw,JrBhUfuagxw,10,"The last expression by the man in the video is a wide, exaggerated smile.",3.374,,
JRjNUjYOuc0,JRjNUjYOuc0,1,"The hats resemble elaborate, ornate headdresses that are often associated with traditional or ceremonial attire.",4.0053,,
JRjNUjYOuc0,JRjNUjYOuc0,2,"The hats resemble ornate, traditional headdresses, possibly inspired by cultural or historical designs.",4.0053,,
JRjNUjYOuc0,JRjNUjYOuc0,3,"The hats resemble ornate, decorative crowns or headdresses, possibly inspired by traditional or fantasy designs.",4.0053,,
JRjNUjYOuc0,JRjNUjYOuc0,4,"The hats resemble traditional or ceremonial headpieces, possibly with intricate designs that suggest cultural significance.",4.0053,,
JRjNUjYOuc0,JRjNUjYOuc0,5,"The hats resemble elaborate, ornate crowns or headdresses, possibly inspired by traditional or ceremonial styles.",4.0053,,
JRjNUjYOuc0,JRjNUjYOuc0,6,"The hats resemble ornate, decorative crowns with intricate designs.",4.0053,,
JRjNUjYOuc0,JRjNUjYOuc0,7,"The hats resemble elaborate, ornate crowns or headdresses, possibly inspired by traditional or fantasy designs.",4.0053,,
JRjNUjYOuc0,JRjNUjYOuc0,8,"The hats resemble traditional or ornate headpieces, possibly inspired by cultural or ceremonial attire.",4.0053,,
JRjNUjYOuc0,JRjNUjYOuc0,9,"The hats resemble traditional, ornate headdresses, possibly inspired by cultural or ceremonial designs.",4.0053,,
JRjNUjYOuc0,JRjNUjYOuc0,10,"The hats resemble traditional or ceremonial headdresses, possibly inspired by cultural or artistic designs, with intricate details and elaborate shapes.",4.0053,,
JrYZSj0E9ZQ,JrYZSj0E9ZQ,1,The man is holding a wasp in between his fingers and moving it slightly.,3.352,,
JrYZSj0E9ZQ,JrYZSj0E9ZQ,2,"The man is gently holding a wasp between his fingers, allowing it to move freely without harming it.",3.352,,
JrYZSj0E9ZQ,JrYZSj0E9ZQ,3,"The man is gently holding a wasp in between his fingers, likely to show or inspect it more closely.",3.352,,
JrYZSj0E9ZQ,JrYZSj0E9ZQ,4,"The man is gently squeezing the wasp to make it move, showcasing its physical attributes.",3.352,,
JrYZSj0E9ZQ,JrYZSj0E9ZQ,5,"The man is gently moving the wasp around in his hand, allowing it to crawl on his skin.",3.352,,
JrYZSj0E9ZQ,JrYZSj0E9ZQ,6,"The man is carefully handling the wasp, possibly inspecting it or preparing to release it.",3.352,,
JrYZSj0E9ZQ,JrYZSj0E9ZQ,7,A man is holding a wasp in between his fingers and examining it.,3.352,,
JrYZSj0E9ZQ,JrYZSj0E9ZQ,8,"The man is gently rotating the wasp, allowing it to move around in his fingers.",3.352,,
JrYZSj0E9ZQ,JrYZSj0E9ZQ,9,The man is gently squeezing the wasp to make it stand still.,3.352,,
JrYZSj0E9ZQ,JrYZSj0E9ZQ,10,"The man is gently holding a wasp in between his fingers, allowing the insect to crawl on his skin.",3.352,,
JSOh_pKFq84,JSOh_pKFq84,1,The woman is using chopsticks to pick up the bean.,4.2666,,
JSOh_pKFq84,JSOh_pKFq84,2,The woman is using chopsticks to pick up the bean.,4.2666,,
JSOh_pKFq84,JSOh_pKFq84,3,The woman is using chopsticks to pick up the bean.,4.2666,,
JSOh_pKFq84,JSOh_pKFq84,4,The woman is using chopsticks to pick up the bean.,4.2666,,
JSOh_pKFq84,JSOh_pKFq84,5,The woman is using chopsticks to pick up the bean.,4.2666,,
JSOh_pKFq84,JSOh_pKFq84,6,The woman is using chopsticks to pick up the bean.,4.2666,,
JSOh_pKFq84,JSOh_pKFq84,7,The woman is using chopsticks to pick up the bean.,4.2666,,
JSOh_pKFq84,JSOh_pKFq84,8,The woman is using chopsticks to pick up the bean.,4.2666,,
JSOh_pKFq84,JSOh_pKFq84,9,The woman is using chopsticks to pick up the bean.,4.2666,,
JSOh_pKFq84,JSOh_pKFq84,10,The woman is using chopsticks to pick up the bean.,4.2666,,
JTolYjiErBw,JTolYjiErBw,1,The boy is picking the mushrooms to collect them for food or as a hobby.,3.8803,,
JTolYjiErBw,JTolYjiErBw,2,To eat them.,3.8803,,
JTolYjiErBw,JTolYjiErBw,3,"The boy is picking mushrooms to collect them for a specific purpose, such as cooking, selling, or using them in a recipe.",3.8803,,
JTolYjiErBw,JTolYjiErBw,4,"The boy is picking the mushrooms to collect them for a purpose, which could be for food, a school project, or as a hobby.",3.8803,,
JTolYjiErBw,JTolYjiErBw,5,"The boy is picking the mushrooms to collect them for a specific purpose, such as cooking, selling, or using them in a recipe.",3.8803,,
JTolYjiErBw,JTolYjiErBw,6,"The boy is picking the mushrooms to collect them, possibly for personal use, consumption, or as part of a larger activity or project.",3.8803,,
JTolYjiErBw,JTolYjiErBw,7,to eat them,3.8803,,
JTolYjiErBw,JTolYjiErBw,8,"The boy is picking the mushrooms to gather them for a specific purpose, such as cooking, preserving, or selling them.",3.8803,,
JTolYjiErBw,JTolYjiErBw,9,The boy is picking the mushrooms to collect them for his own use or for selling.,3.8803,,
JTolYjiErBw,JTolYjiErBw,10,to eat them,3.8803,,
JTVmofbUKz8,JTVmofbUKz8,1,Mira,3.8647,,
JTVmofbUKz8,JTVmofbUKz8,2,Mira,3.8647,,
JTVmofbUKz8,JTVmofbUKz8,3,Mira,3.8647,,
JTVmofbUKz8,JTVmofbUKz8,4,Mira,3.8647,,
JTVmofbUKz8,JTVmofbUKz8,5,Mira,3.8647,,
JTVmofbUKz8,JTVmofbUKz8,6,The girl is singing happy birthday to Mira.,3.8647,,
JTVmofbUKz8,JTVmofbUKz8,7,Mira,3.8647,,
JTVmofbUKz8,JTVmofbUKz8,8,Mira,3.8647,,
JTVmofbUKz8,JTVmofbUKz8,9,"The girl is singing ""Happy Birthday"" to herself.",3.8647,,
JTVmofbUKz8,JTVmofbUKz8,10,Mira,3.8647,,
JTXpUxVg144,JTXpUxVg144,1,The threatened consequence for the girl chewing on the string of her hoodie is a kiss from the other girl in the car.,4.2387,,
JTXpUxVg144,JTXpUxVg144,2,The threatened consequence is that she might get her teeth stuck in the string of her hoodie.,4.2387,,
JTXpUxVg144,JTXpUxVg144,3,The girl is threatened with a consequence if she continues to chew on the string of her hoodie.,4.2387,,
JTXpUxVg144,JTXpUxVg144,4,The threatened consequence is that her hoodie might get chewed up.,4.2387,,
JTXpUxVg144,JTXpUxVg144,5,"The threatened consequence is that the girl will end up with a string in her mouth, which is depicted humorously as if she's about to chew on it.",4.2387,,
JTXpUxVg144,JTXpUxVg144,6,The threatened consequence for the girl chewing on the string of her hoodie is that she will get a ticket.,4.2387,,
JTXpUxVg144,JTXpUxVg144,7,The girl is threatened with having her hoodie chewed off if she continues to chew on the string.,4.2387,,
JTXpUxVg144,JTXpUxVg144,8,"The threatened consequence is that the girl will have to put the hoodie away, as indicated by her reaction and the text overlay suggesting the action is a joke or a playful scenario.",4.2387,,
JTXpUxVg144,JTXpUxVg144,9,The girl is humorously threatened with her hoodie being ripped if she continues to chew on the string.,4.2387,,
JTXpUxVg144,JTXpUxVg144,10,The girl is threatened with a slap for chewing on her hoodie.,4.2387,,
JUH1x0s8tyA,JUH1x0s8tyA,1,"The video shows a lemon, which is a fruit.",3.9879,,
JUH1x0s8tyA,JUH1x0s8tyA,2,"The video does not show a specific fruit. It features a mosquito on a leaf, but no fruit is visible.",3.9879,,
JUH1x0s8tyA,JUH1x0s8tyA,3,The video does not show a specific fruit; it shows a mosquito on a green leaf.,3.9879,,
JUH1x0s8tyA,JUH1x0s8tyA,4,The video does not show a specific fruit; it features a mosquito on a green leaf.,3.9879,,
JUH1x0s8tyA,JUH1x0s8tyA,5,"The video does not show a specific fruit, but it does show a fruit being consumed by a mosquito.",3.9879,,
JUH1x0s8tyA,JUH1x0s8tyA,6,The video does not show a specific fruit; it shows a mosquito on a leaf.,3.9879,,
JUH1x0s8tyA,JUH1x0s8tyA,7,The video does not show a specific fruit; it only shows a picture of a fruit.,3.9879,,
JUH1x0s8tyA,JUH1x0s8tyA,8,"The video does not show a fruit, but rather an illustration of a mosquito on a leaf.",3.9879,,
JUH1x0s8tyA,JUH1x0s8tyA,9,The video does not show a specific fruit; it only shows a leaf.,3.9879,,
JUH1x0s8tyA,JUH1x0s8tyA,10,The video does not specify the exact fruit.,3.9879,,
JuNLqy1m-_Q,JuNLqy1m-_Q,1,"The guy in the plaid shirt appears to be playfully interacting with the child, possibly engaging in a lighthearted conversation or game.",4.2827,,
JuNLqy1m-_Q,JuNLqy1m-_Q,2,"The guy in the plaid shirt appears to be trying to encourage the boy to share or give him something, possibly as part of a playful or humorous interaction.",4.2827,,
JuNLqy1m-_Q,JuNLqy1m-_Q,3,"The guy in the plaid shirt appears to be trying to engage with the boy in the yellow shirt, possibly to playfully interact or share something with him, as they are both holding a snack.",4.2827,,
JuNLqy1m-_Q,JuNLqy1m-_Q,4,"The guy in the plaid shirt appears to be playfully interacting with the young boy, possibly trying to make him feel included or to engage in a friendly game.",4.2827,,
JuNLqy1m-_Q,JuNLqy1m-_Q,5,"The guy in the plaid shirt appears to be interacting with the boy in a playful manner, possibly trying to make him laugh or engage in a conversation.",4.2827,,
JuNLqy1m-_Q,JuNLqy1m-_Q,6,"The guy in the plaid shirt appears to be engaging with a child by holding a snack packet and interacting with him, possibly in a playful or encouraging manner.",4.2827,,
JuNLqy1m-_Q,JuNLqy1m-_Q,7,The guy in the plaid shirt appears to be trying to engage in a playful or humorous interaction with the boy holding a snack bag.,4.2827,,
JuNLqy1m-_Q,JuNLqy1m-_Q,8,"The guy in the plaid shirt appears to be engaging playfully with the young boy, possibly trying to make him laugh or entertain him.",4.2827,,
JuNLqy1m-_Q,JuNLqy1m-_Q,9,"The guy in the plaid shirt appears to be playfully interacting with the young boy, possibly trying to create a lighthearted and fun atmosphere in the store.",4.2827,,
JuNLqy1m-_Q,JuNLqy1m-_Q,10,"The guy in the plaid shirt appears to be engaging in a playful interaction with a child, possibly trying to entertain or impress him.",4.2827,,
Jw7-D4hpJb4,Jw7-D4hpJb4,1,The green sauce she puts into the Pani Puri is likely chutney.,4.1149,,
Jw7-D4hpJb4,Jw7-D4hpJb4,2,"The green sauce in the Pani Puri is likely chutney, a common accompaniment in Indian cuisine that adds flavor and color.",4.1149,,
Jw7-D4hpJb4,Jw7-D4hpJb4,3,"The green sauce appears to be a type of chutney or mint sauce, which is commonly used to enhance the flavor of Pani Puri.",4.1149,,
Jw7-D4hpJb4,Jw7-D4hpJb4,4,The green sauce she puts into the Pani Puri is likely chutney.,4.1149,,
Jw7-D4hpJb4,Jw7-D4hpJb4,5,"The green sauce appears to be a mint-based chutney, which is commonly used as a flavoring and condiment in pani puri.",4.1149,,
Jw7-D4hpJb4,Jw7-D4hpJb4,6,The green sauce appears to be a type of chutney or mint-based condiment commonly used in pani puri.,4.1149,,
Jw7-D4hpJb4,Jw7-D4hpJb4,7,"The green sauce is likely mint chutney, which is a common ingredient in Pani Puri.",4.1149,,
Jw7-D4hpJb4,Jw7-D4hpJb4,8,The green sauce is likely a mint or cilantro-based chutney commonly used in Pani Puri.,4.1149,,
Jw7-D4hpJb4,Jw7-D4hpJb4,9,"The green sauce is likely a mixture of mint and tamarind chutney, which is commonly used as a condiment in Pani Puri.",4.1149,,
Jw7-D4hpJb4,Jw7-D4hpJb4,10,The green sauce appears to be mint chutney.,4.1149,,
JWdIB4tUG_A,JWdIB4tUG_A,1,The man walks away from his wife after throwing the cups on the ground.,3.7896,,
JWdIB4tUG_A,JWdIB4tUG_A,2,The man walks away after arguing with his wife and throwing the cups on the ground.,3.7896,,
JWdIB4tUG_A,JWdIB4tUG_A,3,The man leaves the scene after the argument and throws the cups on the ground.,3.7896,,
JWdIB4tUG_A,JWdIB4tUG_A,4,"The man walks away, leaving the woman standing alone.",3.7896,,
JWdIB4tUG_A,JWdIB4tUG_A,5,The man walks away after arguing with his wife and throwing the cups on the ground.,3.7896,,
JWdIB4tUG_A,JWdIB4tUG_A,6,The man walks away after arguing with his wife and throwing the cups on the ground.,3.7896,,
JWdIB4tUG_A,JWdIB4tUG_A,7,The man walks away from his wife after the argument and throws the cups on the ground.,3.7896,,
JWdIB4tUG_A,JWdIB4tUG_A,8,The man walks away after throwing the cups on the ground during an argument with his wife.,3.7896,,
JWdIB4tUG_A,JWdIB4tUG_A,9,The man leaves the scene after the argument and throwing the cups on the ground.,3.7896,,
JWdIB4tUG_A,JWdIB4tUG_A,10,The man leaves the scene after arguing with his wife and throwing the cups on the ground.,3.7896,,
JxUXcjhjzYU,JxUXcjhjzYU,1,"The bat flies across the field, indicating it was thrown with considerable force.",3.593,,
JxUXcjhjzYU,JxUXcjhjzYU,2,The bat flies a significant distance across the field.,3.593,,
JxUXcjhjzYU,JxUXcjhjzYU,3,"The bat flies a short distance, landing on the ground near the pitcher.",3.593,,
JxUXcjhjzYU,JxUXcjhjzYU,4,The bat flies a short distance across the field after the person releases it.,3.593,,
JxUXcjhjzYU,JxUXcjhjzYU,5,"The bat flies a considerable distance after he lets go of it, landing on the field.",3.593,,
JxUXcjhjzYU,JxUXcjhjzYU,6,"The bat flies a short distance, possibly a few feet, after he lets go of it.",3.593,,
JxUXcjhjzYU,JxUXcjhjzYU,7,"The bat flies across the field, landing far away from the batter.",3.593,,
JxUXcjhjzYU,JxUXcjhjzYU,8,"The bat flies across the field, landing in the grass beyond the batter's box.",3.593,,
JxUXcjhjzYU,JxUXcjhjzYU,9,"The bat flies off the ground, indicating it travels a considerable distance before hitting the dirt or another object.",3.593,,
JxUXcjhjzYU,JxUXcjhjzYU,10,"The bat flies a short distance after he lets go of it, landing on the ground close to the batter.",3.593,,
JYgbRMKoZwU,JYgbRMKoZwU,1,3,3.8583,,
JYgbRMKoZwU,JYgbRMKoZwU,2,The piano player is touching the microphone twice in the video.,3.8583,,
JYgbRMKoZwU,JYgbRMKoZwU,3,The piano player touches the microphone twice in the video.,3.8583,,
JYgbRMKoZwU,JYgbRMKoZwU,4,2,3.8583,,
JYgbRMKoZwU,JYgbRMKoZwU,5,The piano player is touching the microphone twice in the video.,3.8583,,
JYgbRMKoZwU,JYgbRMKoZwU,6,The piano player is touching the microphone twice in the video.,3.8583,,
JYgbRMKoZwU,JYgbRMKoZwU,7,The piano player is touching the microphone twice in the video.,3.8583,,
JYgbRMKoZwU,JYgbRMKoZwU,8,The piano player touches the microphone twice in the video.,3.8583,,
JYgbRMKoZwU,JYgbRMKoZwU,9,The piano player is touching the microphone once in the video.,3.8583,,
JYgbRMKoZwU,JYgbRMKoZwU,10,3,3.8583,,
JyZx66jT2z0,JyZx66jT2z0,1,The video transitions to a display of fireworks.,3.8193,,
JyZx66jT2z0,JyZx66jT2z0,2,Fireworks explode in the sky.,3.8193,,
JyZx66jT2z0,JyZx66jT2z0,3,The video transitions to a display of fireworks lighting up the night sky.,3.8193,,
JyZx66jT2z0,JyZx66jT2z0,4,"After the boys walk away, fireworks explode in the sky.",3.8193,,
JyZx66jT2z0,JyZx66jT2z0,5,Fireworks explode in the sky.,3.8193,,
JyZx66jT2z0,JyZx66jT2z0,6,"After the boys walk away, fireworks explode in the sky.",3.8193,,
JyZx66jT2z0,JyZx66jT2z0,7,Fireworks explode in the sky above them.,3.8193,,
JyZx66jT2z0,JyZx66jT2z0,8,"After the boys walk away, fireworks explode in the sky.",3.8193,,
JyZx66jT2z0,JyZx66jT2z0,9,The video cuts to a shot of fireworks lighting up the night sky.,3.8193,,
JyZx66jT2z0,JyZx66jT2z0,10,"After the boys walk away, fireworks light up the sky.",3.8193,,
JZ6D2F4EMvM,JZ6D2F4EMvM,1,The person underneath the mask reveals their true identity.,3.7519,,
JZ6D2F4EMvM,JZ6D2F4EMvM,2,The person is revealed to be wearing a green shirt with a white design on it.,3.7519,,
JZ6D2F4EMvM,JZ6D2F4EMvM,3,The person's face is revealed underneath the green mask.,3.7519,,
JZ6D2F4EMvM,JZ6D2F4EMvM,4,"When a green mask is removed from a person's face, it reveals the person's hair and clothing, and they may appear surprised or disoriented.",3.7519,,
JZ6D2F4EMvM,JZ6D2F4EMvM,5,"When a green mask is removed from a person's face, it reveals a person with short, dark hair wearing a dark green shirt.",3.7519,,
JZ6D2F4EMvM,JZ6D2F4EMvM,6,"When a green mask is removed from a person's face, it reveals their hair and attire underneath.",3.7519,,
JZ6D2F4EMvM,JZ6D2F4EMvM,7,"When a green mask is removed from a person's face, the person is revealed to be wearing a green t-shirt.",3.7519,,
JZ6D2F4EMvM,JZ6D2F4EMvM,8,"The person's face is revealed, showing short, dark hair and a green shirt.",3.7519,,
JZ6D2F4EMvM,JZ6D2F4EMvM,9,"The person's face is revealed, and they are wearing a green shirt with a floral design.",3.7519,,
JZ6D2F4EMvM,JZ6D2F4EMvM,10,"The person reveals their face, which is depicted in an animated style.",3.7519,,
JZzkwsnRHio,JZzkwsnRHio,1,One.,3.2911,,
JZzkwsnRHio,JZzkwsnRHio,2,1,3.2911,,
JZzkwsnRHio,JZzkwsnRHio,3,One,3.2911,,
JZzkwsnRHio,JZzkwsnRHio,4,One.,3.2911,,
JZzkwsnRHio,JZzkwsnRHio,5,We see one glass of water.,3.2911,,
JZzkwsnRHio,JZzkwsnRHio,6,One,3.2911,,
JZzkwsnRHio,JZzkwsnRHio,7,We see one glass of water.,3.2911,,
JZzkwsnRHio,JZzkwsnRHio,8,One glass of water is seen in the video.,3.2911,,
JZzkwsnRHio,JZzkwsnRHio,9,One glass of water.,3.2911,,
JZzkwsnRHio,JZzkwsnRHio,10,One,3.2911,,
J_pTNqI86qE,J_pTNqI86qE,1,"A person on a bicycle is knocked over by a car, and another person falls on the ground nearby.",4.1025,,
J_pTNqI86qE,J_pTNqI86qE,2,"A person riding a bicycle crashes into a parked car, causing both the bicycle and the car to stop, and the person to fall to the ground.",4.1025,,
J_pTNqI86qE,J_pTNqI86qE,3,"A cyclist rides into the path of a car, causing a collision that sends the cyclist flying into the air and landing on the ground.",4.1025,,
J_pTNqI86qE,J_pTNqI86qE,4,"A person on a bicycle loses control, crashes into a parked car, and falls to the ground.",4.1025,,
J_pTNqI86qE,J_pTNqI86qE,5,"A cyclist loses control and falls off their bike, landing on the road next to a van and a car.",4.1025,,
J_pTNqI86qE,J_pTNqI86qE,6,A cyclist falls off their bike and lands on the ground in the middle of a busy city intersection.,4.1025,,
J_pTNqI86qE,J_pTNqI86qE,7,"A woman rides a bicycle, loses balance, and falls on the road as a car and a taxi drive by.",4.1025,,
J_pTNqI86qE,J_pTNqI86qE,8,"A cyclist in a pink shirt loses control and crashes into the white van, resulting in a pile-up involving a motorcycle and other vehicles.",4.1025,,
J_pTNqI86qE,J_pTNqI86qE,9,"A cyclist in a blue shirt rides into the intersection, followed by a pedestrian who runs into the street, causing a collision with a motorcycle and a person sitting on the ground.",4.1025,,
J_pTNqI86qE,J_pTNqI86qE,10,"A person rides a bicycle into the path of an oncoming vehicle, causing the driver to swerve and nearly hit them, resulting in the person falling off the bicycle and landing on the ground.",4.1025,,
K2b_CBz27_w,K2b_CBz27_w,1,The sauce is being made as a dip for fries.,3.9505,,
K2b_CBz27_w,K2b_CBz27_w,2,The sauce is being made as a dipping sauce for the fries.,3.9505,,
K2b_CBz27_w,K2b_CBz27_w,3,This sauce is being made for dipping french fries.,3.9505,,
K2b_CBz27_w,K2b_CBz27_w,4,The sauce is being made for dipping french fries.,3.9505,,
K2b_CBz27_w,K2b_CBz27_w,5,"The sauce appears to be a yogurt dip or sauce, likely intended to be paired with the fries shown in the background.",3.9505,,
K2b_CBz27_w,K2b_CBz27_w,6,The sauce is being made for dipping french fries.,3.9505,,
K2b_CBz27_w,K2b_CBz27_w,7,The sauce is being made to accompany the french fries.,3.9505,,
K2b_CBz27_w,K2b_CBz27_w,8,"The sauce appears to be made for dipping fries, as the first frame shows a bowl of sauce being used to dip fries.",3.9505,,
K2b_CBz27_w,K2b_CBz27_w,9,This sauce is being made for dipping french fries.,3.9505,,
K2b_CBz27_w,K2b_CBz27_w,10,"The sauce is being made for dipping French fries, as shown in the video.",3.9505,,
K2qG-jQDYLU,K2qG-jQDYLU,1,"The little sister and the big sister are eating curry together and seem to be in sync, as indicated by the text overlay.",4.2113,,
K2qG-jQDYLU,K2qG-jQDYLU,2,"The little sister and the big sister are shown eating curry together, and the big sister's eyes seem to be closed in the second frame, possibly indicating she is enjoying the meal.",4.2113,,
K2qG-jQDYLU,K2qG-jQDYLU,3,"The little sister and the big sister are seen eating curry together, which seems to be a synchronized activity, as suggested by the text on the screen.",4.2113,,
K2qG-jQDYLU,K2qG-jQDYLU,4,"The little sister and the big sister are seen eating curry together, with the big sister's actions and expressions seemingly influencing the little sister's behavior.",4.2113,,
K2qG-jQDYLU,K2qG-jQDYLU,5,"The little sister and the big sister are shown eating curry together, with the big sister finishing her food first and the little sister following suit, indicating a synchronized eating habit.",4.2113,,
K2qG-jQDYLU,K2qG-jQDYLU,6,The little sister and the big sister are seen eating curry together and appear to be synchronized in their eating habits.,4.2113,,
K2qG-jQDYLU,K2qG-jQDYLU,7,The little sister and the big sister are eating curry together and seem to be in sync with each other.,4.2113,,
K2qG-jQDYLU,K2qG-jQDYLU,8,"The little sister and the big sister are eating curry together, and the big sister appears to be feeding the little sister with a spoon.",4.2113,,
K2qG-jQDYLU,K2qG-jQDYLU,9,"The little sister and the big sister are seen eating curry together, and the text suggests that they synchronize their eating.",4.2113,,
K2qG-jQDYLU,K2qG-jQDYLU,10,"The little sister and the big sister are shown eating curry together and seem to be enjoying it, indicating a shared moment of synchronicity.",4.2113,,
K6hWwBCEtU0,K6hWwBCEtU0,1,"The video shows a man sitting in a restaurant or caf?, gesturing and speaking, with text appearing on the screen in Japanese, suggesting he is interacting with someone or explaining something.",4.3758,,
K6hWwBCEtU0,K6hWwBCEtU0,2,"The video appears to be about a person sitting at a counter in a dimly lit establishment, possibly a restaurant or a bar, engaging in a conversation or interaction, as indicated by the text overlay in Japanese.",4.3758,,
K6hWwBCEtU0,K6hWwBCEtU0,3,"The video mainly shows a person in a kitchen setting, appearing to interact with the camera, possibly explaining or reacting to something.",4.3758,,
K6hWwBCEtU0,K6hWwBCEtU0,4,"The video shows a person sitting at a table in a restaurant, engaging in a conversation and gesturing with their hands while wearing a ""Survivor"" hat.",4.3758,,
K6hWwBCEtU0,K6hWwBCEtU0,5,"The video mainly shows a person sitting and talking in a cozy, dimly lit room, possibly a restaurant or a similar setting.",4.3758,,
K6hWwBCEtU0,K6hWwBCEtU0,6,"The video shows a person sitting at a counter, possibly in a restaurant or cafe, and gesturing as if explaining something or having a conversation.",4.3758,,
K6hWwBCEtU0,K6hWwBCEtU0,7,"The video shows a person in a restaurant environment, interacting with someone off-camera, possibly a customer or staff member, as indicated by the Japanese text ""????????????"" (Dousaremashita? - What happened?) and ""???????? (Otomate?? - Customer??).""",4.3758,,
K6hWwBCEtU0,K6hWwBCEtU0,8,"The video shows a person sitting at a table in a dimly lit room, possibly a restaurant or bar, engaging in conversation while gesturing with their hands.",4.3758,,
K6hWwBCEtU0,K6hWwBCEtU0,9,"The video appears to be a casual, conversational piece, possibly set in a restaurant or caf?, where the person is interacting with someone off-camera, gesturing and speaking, with some text overlays in Japanese.",4.3758,,
K6hWwBCEtU0,K6hWwBCEtU0,10,"The video shows a person sitting at a counter, engaging in a conversation with someone off-camera, as indicated by the Japanese text that appears on the screen.",4.3758,,
K6Ut3nMQPAA,K6Ut3nMQPAA,1,The person on the right kicks first.,3.6123,,
K6Ut3nMQPAA,K6Ut3nMQPAA,2,The character on the right kicks first.,3.6123,,
K6Ut3nMQPAA,K6Ut3nMQPAA,3,The character on the right kicks first.,3.6123,,
K6Ut3nMQPAA,K6Ut3nMQPAA,4,The character on the right kicks first.,3.6123,,
K6Ut3nMQPAA,K6Ut3nMQPAA,5,The person on the right kicks first.,3.6123,,
K6Ut3nMQPAA,K6Ut3nMQPAA,6,The person on the left kicks first.,3.6123,,
K6Ut3nMQPAA,K6Ut3nMQPAA,7,The person on the right kicks first.,3.6123,,
K6Ut3nMQPAA,K6Ut3nMQPAA,8,The person on the right kicks first.,3.6123,,
K6Ut3nMQPAA,K6Ut3nMQPAA,9,The character on the right kicks first.,3.6123,,
K6Ut3nMQPAA,K6Ut3nMQPAA,10,The person on the right kicks first.,3.6123,,
KanVJWDHduE,KanVJWDHduE,1,There is one fish in the video.,3.5913,,
KanVJWDHduE,KanVJWDHduE,2,There is one fish in the video.,3.5913,,
KanVJWDHduE,KanVJWDHduE,3,There is one fish in the video.,3.5913,,
KanVJWDHduE,KanVJWDHduE,4,There is one fish in the video.,3.5913,,
KanVJWDHduE,KanVJWDHduE,5,There is one fish in the video.,3.5913,,
KanVJWDHduE,KanVJWDHduE,6,There is one fish in the video.,3.5913,,
KanVJWDHduE,KanVJWDHduE,7,There is one fish in the video.,3.5913,,
KanVJWDHduE,KanVJWDHduE,8,There is one fish in the video.,3.5913,,
KanVJWDHduE,KanVJWDHduE,9,There is one fish in the video.,3.5913,,
KanVJWDHduE,KanVJWDHduE,10,One.,3.5913,,
KBb0DfsH0eg,KBb0DfsH0eg,1,She receives a pie in the face from another woman.,4.0094,,
KBb0DfsH0eg,KBb0DfsH0eg,2,The scene transitions to a woman in a colorful outfit dancing in a room with bunk beds.,4.0094,,
KBb0DfsH0eg,KBb0DfsH0eg,3,The scene transitions to a woman in a store with a tall person behind her.,4.0094,,
KBb0DfsH0eg,KBb0DfsH0eg,4,"The woman dances and twirls, showcasing her height and confidence.",4.0094,,
KBb0DfsH0eg,KBb0DfsH0eg,5,The video transitions to a scene with two women standing in a room.,4.0094,,
KBb0DfsH0eg,KBb0DfsH0eg,6,"A shorter woman stands beside her, also wearing a white top and jeans.",4.0094,,
KBb0DfsH0eg,KBb0DfsH0eg,7,The tall woman is then seen dancing with a shorter woman.,4.0094,,
KBb0DfsH0eg,KBb0DfsH0eg,8,"The video transitions to an outdoor setting where two women are standing, one of whom is helping the other adjust her sweatpants.",4.0094,,
KBb0DfsH0eg,KBb0DfsH0eg,9,"The woman picks up a large inflatable star and places it on her head, adding a playful element to the scene.",4.0094,,
KBb0DfsH0eg,KBb0DfsH0eg,10,She is then lifted up by another woman.,4.0094,,
KbBwDYKkByQ,KbBwDYKkByQ,1,"No, the white car does not hit the black car in the video.",3.8454,,
KbBwDYKkByQ,KbBwDYKkByQ,2,"No, the white car does not hit the black car in the video.",3.8454,,
KbBwDYKkByQ,KbBwDYKkByQ,3,"No, the white car does not hit the black car; it is positioned to the left and slightly behind the black car.",3.8454,,
KbBwDYKkByQ,KbBwDYKkByQ,4,"No, the white car does not hit the black car.",3.8454,,
KbBwDYKkByQ,KbBwDYKkByQ,5,"No, the white car does not hit the black car; it appears to be a close call.",3.8454,,
KbBwDYKkByQ,KbBwDYKkByQ,6,"No, the white car does not hit the black car in the video.",3.8454,,
KbBwDYKkByQ,KbBwDYKkByQ,7,"No, the white car does not hit the black car. The text suggests a near-miss incident with a $5 million Bugatti Chiron, but the cars are parked.",3.8454,,
KbBwDYKkByQ,KbBwDYKkByQ,8,"No, the white car does not hit the black car in the video.",3.8454,,
KbBwDYKkByQ,KbBwDYKkByQ,9,"No, the white car does not hit the black car.",3.8454,,
KbBwDYKkByQ,KbBwDYKkByQ,10,"No, the white car does not hit the black car.",3.8454,,
KCHdQyYzLJ4,KCHdQyYzLJ4,1,The founder of North Korea is Kim Il-Sung.,3.5185,,
KCHdQyYzLJ4,KCHdQyYzLJ4,2,The founder of North Korea is Kim Il-Sung.,3.5185,,
KCHdQyYzLJ4,KCHdQyYzLJ4,3,Kim Il-Sung,3.5185,,
KCHdQyYzLJ4,KCHdQyYzLJ4,4,Kim Il-Sung,3.5185,,
KCHdQyYzLJ4,KCHdQyYzLJ4,5,The founder of North Korea is Kim Il-Sung.,3.5185,,
KCHdQyYzLJ4,KCHdQyYzLJ4,6,The founder of North Korea is Kim Il-Sung.,3.5185,,
KCHdQyYzLJ4,KCHdQyYzLJ4,7,The founder of North Korea is Kim Il-Sung.,3.5185,,
KCHdQyYzLJ4,KCHdQyYzLJ4,8,Kim Il-Sung,3.5185,,
KCHdQyYzLJ4,KCHdQyYzLJ4,9,Kim Il-Sung,3.5185,,
KCHdQyYzLJ4,KCHdQyYzLJ4,10,Kim Il-Sung,3.5185,,
KD1De91bOyU,KD1De91bOyU,1,The woman is preparing fried eggs and other foods on a grill.,4.1861,,
KD1De91bOyU,KD1De91bOyU,2,The woman is preparing eggs on a grill.,4.1861,,
KD1De91bOyU,KD1De91bOyU,3,"The woman is preparing eggs and possibly other food items on a grill, including what appears to be sausages.",4.1861,,
KD1De91bOyU,KD1De91bOyU,4,"The woman is preparing fried eggs and possibly some type of fried food, possibly a sandwich or a wrap, in a pan on the grill.",4.1861,,
KD1De91bOyU,KD1De91bOyU,5,The woman is preparing eggs by frying them in a pan on a grill.,4.1861,,
KD1De91bOyU,KD1De91bOyU,6,The woman is preparing a dish that involves cooking eggs in a pan on a grill.,4.1861,,
KD1De91bOyU,KD1De91bOyU,7,"The woman is preparing eggs, which she is cooking on a grill and then flipping with a spatula.",4.1861,,
KD1De91bOyU,KD1De91bOyU,8,The woman is preparing fried eggs and sausages on a grill.,4.1861,,
KD1De91bOyU,KD1De91bOyU,9,The woman is preparing fried eggs and grilled sausages on a barbecue.,4.1861,,
KD1De91bOyU,KD1De91bOyU,10,The woman is preparing eggs and possibly some other ingredients in a frying pan on a grill.,4.1861,,
Ke6s0tyBQ50,Ke6s0tyBQ50,1,The young woman is adding a slice of lime to the drink with watermelon.,3.7989,,
Ke6s0tyBQ50,Ke6s0tyBQ50,2,Lime,3.7989,,
Ke6s0tyBQ50,Ke6s0tyBQ50,3,The young woman is adding a lime to her watermelon drink.,3.7989,,
Ke6s0tyBQ50,Ke6s0tyBQ50,4,The young woman is adding a lime to her watermelon drink.,3.7989,,
Ke6s0tyBQ50,Ke6s0tyBQ50,5,The young woman is adding a slice of lime to the watermelon drink.,3.7989,,
Ke6s0tyBQ50,Ke6s0tyBQ50,6,The young woman is adding a slice of lime to the watermelon drink.,3.7989,,
Ke6s0tyBQ50,Ke6s0tyBQ50,7,The young woman is adding a lime to the drink she is making with watermelon.,3.7989,,
Ke6s0tyBQ50,Ke6s0tyBQ50,8,The young woman is adding a lime to the watermelon drink.,3.7989,,
Ke6s0tyBQ50,Ke6s0tyBQ50,9,The young woman is adding a lime to the watermelon drink.,3.7989,,
Ke6s0tyBQ50,Ke6s0tyBQ50,10,The young woman is adding a lime to the drink.,3.7989,,
KEH-1ylCUIs,KEH-1ylCUIs,1,"The girl starts laughing towards the end of the video, after the text ""me"" appears.",3.9674,,
KEH-1ylCUIs,KEH-1ylCUIs,2,The girl starts laughing towards the end of the video.,3.9674,,
KEH-1ylCUIs,KEH-1ylCUIs,3,"The girl starts laughing towards the end of the video, after the text ""me"" appears on the screen.",3.9674,,
KEH-1ylCUIs,KEH-1ylCUIs,4,"The girl starts laughing after the text ""me"" appears.",3.9674,,
KEH-1ylCUIs,KEH-1ylCUIs,5,The girl starts laughing towards the end of the video.,3.9674,,
KEH-1ylCUIs,KEH-1ylCUIs,6,The girl starts laughing at the end of the video.,3.9674,,
KEH-1ylCUIs,KEH-1ylCUIs,7,"The girl starts laughing towards the end of the video, after the text ""me"" appears.",3.9674,,
KEH-1ylCUIs,KEH-1ylCUIs,8,The girl starts laughing towards the end of the video.,3.9674,,
KEH-1ylCUIs,KEH-1ylCUIs,9,"The girl starts laughing after the text ""me"" appears on the screen.",3.9674,,
KEH-1ylCUIs,KEH-1ylCUIs,10,The girl starts laughing towards the end of the video.,3.9674,,
KFxgXMTk39g,KFxgXMTk39g,1,pit,3.7777,,
KFxgXMTk39g,KFxgXMTk39g,2,track,3.7777,,
KFxgXMTk39g,KFxgXMTk39g,3,track,3.7777,,
KFxgXMTk39g,KFxgXMTk39g,4,side,3.7777,,
KFxgXMTk39g,KFxgXMTk39g,5,track,3.7777,,
KFxgXMTk39g,KFxgXMTk39g,6,pit,3.7777,,
KFxgXMTk39g,KFxgXMTk39g,7,pit,3.7777,,
KFxgXMTk39g,KFxgXMTk39g,8,curb,3.7777,,
KFxgXMTk39g,KFxgXMTk39g,9,ramp,3.7777,,
KFxgXMTk39g,KFxgXMTk39g,10,barrier,3.7777,,
KGABH4Wryf4,KGABH4Wryf4,1,"Yes, the video is demonstrating a well-functioning fingerprint padlock.",3.4848,,
KGABH4Wryf4,KGABH4Wryf4,2,"Yes, the video is demonstrating a well-functioning fingerprint padlock.",3.4848,,
KGABH4Wryf4,KGABH4Wryf4,3,"Yes, the video is demonstrating a well-functioning fingerprint padlock by showing it being successfully opened with a fingerprint scan.",3.4848,,
KGABH4Wryf4,KGABH4Wryf4,4,"No, the video does not demonstrate a well-functioning fingerprint padlock; instead, it shows the padlock being cut by a tool, indicating it is not secure.",3.4848,,
KGABH4Wryf4,KGABH4Wryf4,5,"No, the video is demonstrating a fingerprint padlock that is not functioning properly as it is shown to be easily picked with a tool.",3.4848,,
KGABH4Wryf4,KGABH4Wryf4,6,"Yes, the video is demonstrating a well-functioning fingerprint padlock by showing it being successfully opened with a fingerprint scan.",3.4848,,
KGABH4Wryf4,KGABH4Wryf4,7,"Yes, the video demonstrates a well-functioning fingerprint padlock, as the person successfully unlocks it using their finger.",3.4848,,
KGABH4Wryf4,KGABH4Wryf4,8,"Yes, the video is demonstrating a well-functioning fingerprint padlock as it successfully opens and closes without any issues.",3.4848,,
KGABH4Wryf4,KGABH4Wryf4,9,"Yes, the video demonstrates a well-functioning fingerprint padlock as it successfully opens without the need for a key.",3.4848,,
KGABH4Wryf4,KGABH4Wryf4,10,"Yes, the video demonstrates a well-functioning fingerprint padlock that can be easily opened using a fingerprint.",3.4848,,
KgOvCPOX-Ms,KgOvCPOX-Ms,1,"The two people are shown as silhouettes, with one person being lifted into the air by the other, creating a dramatic and dynamic scene.",3.7159,,
KgOvCPOX-Ms,KgOvCPOX-Ms,2,"By the end of the video, the two people are depicted as silhouettes in a night sky, suggesting a transformation or a dramatic conclusion to their performance.",3.7159,,
KgOvCPOX-Ms,KgOvCPOX-Ms,3,"By the end of the video, the two people are depicted as silhouettes against a dramatic, starry sky, suggesting a transformation or a significant moment in their performance.",3.7159,,
KgOvCPOX-Ms,KgOvCPOX-Ms,4,"The two people are shown in silhouette, performing a martial arts move together.",3.7159,,
KgOvCPOX-Ms,KgOvCPOX-Ms,5,"The two people are shown as silhouettes in a dramatic, starry night scene, with one person appearing to be lifted or suspended by the other.",3.7159,,
KgOvCPOX-Ms,KgOvCPOX-Ms,6,"The two people are silhouetted against a dramatic sky, suggesting a transition to a more fantastical or dreamlike setting.",3.7159,,
KgOvCPOX-Ms,KgOvCPOX-Ms,7,"By the end of the video, the two people are silhouetted against a starry sky, one seemingly being lifted by the other, suggesting a dramatic or symbolic conclusion to their dance.",3.7159,,
KgOvCPOX-Ms,KgOvCPOX-Ms,8,The two people transform into silhouettes performing acrobatic moves against a night sky with a crescent moon.,3.7159,,
KgOvCPOX-Ms,KgOvCPOX-Ms,9,"The two people transform into silhouettes against a starry night sky, with one person appearing to be lifted into the air by the other.",3.7159,,
KgOvCPOX-Ms,KgOvCPOX-Ms,10,"The two people are depicted as silhouettes, suggesting a dramatic or intense moment, possibly involving a leap or a confrontation.",3.7159,,
Kgst-S_razU,Kgst-S_razU,1,"The people are discussing and sharing information about the TikTok app, including how to download it, create an account, and earn rewards like PayPay and Amazon gift cards.",3.8624,,
Kgst-S_razU,Kgst-S_razU,2,"The people are discussing the TikTok app, its features, and how to earn money by using it.",3.8624,,
Kgst-S_razU,Kgst-S_razU,3,"The people are discussing how to earn 10,000 yen by installing and using the TikTok app, with an option to redeem rewards like Amazon points or PayPay.",3.8624,,
Kgst-S_razU,Kgst-S_razU,4,"The people are discussing how to earn up to 10,000 yen by installing and using the TikTok app, and there's an option to share the app through a referral code to earn additional rewards.",3.8624,,
Kgst-S_razU,Kgst-S_razU,5,"The people in the image are discussing how to earn money by inviting friends to download TikTok and using the app to earn rewards, such as Amazon gift cards and PayPay.",3.8624,,
Kgst-S_razU,Kgst-S_razU,6,"The people in the picture are discussing how to earn money through the TikTok app by creating and sharing videos, and they mention the option to redeem rewards like Amazon gift cards or PayPay.",3.8624,,
Kgst-S_razU,Kgst-S_razU,7,The people are discussing the TikTok app and a referral program that allows users to earn rewards such as Amazon gift cards or PayPay points.,3.8624,,
Kgst-S_razU,Kgst-S_razU,8,"The people are discussing the process of signing up for TikTok, including how to use a referral code and the benefits of joining, such as the chance to earn rewards.",3.8624,,
Kgst-S_razU,Kgst-S_razU,9,"The people are discussing how to earn 10,000 yen by downloading the TikTok app and using a referral code, which can be exchanged for Amazon or Apple gift cards.",3.8624,,
Kgst-S_razU,Kgst-S_razU,10,The people are discussing how to earn money by using TikTok and redeeming it as Amazon or PayPay points.,3.8624,,
Kgu0AtfmKX8,Kgu0AtfmKX8,1,There is one woman in the video.,3.5206,,
Kgu0AtfmKX8,Kgu0AtfmKX8,2,There are no women in the video.,3.5206,,
Kgu0AtfmKX8,Kgu0AtfmKX8,3,There is one woman in the video.,3.5206,,
Kgu0AtfmKX8,Kgu0AtfmKX8,4,There is one woman in the video.,3.5206,,
Kgu0AtfmKX8,Kgu0AtfmKX8,5,There are no women in the video.,3.5206,,
Kgu0AtfmKX8,Kgu0AtfmKX8,6,There are no women in the video.,3.5206,,
Kgu0AtfmKX8,Kgu0AtfmKX8,7,There are no women in the video.,3.5206,,
Kgu0AtfmKX8,Kgu0AtfmKX8,8,There is one woman in the video.,3.5206,,
Kgu0AtfmKX8,Kgu0AtfmKX8,9,There are no women in the video.,3.5206,,
Kgu0AtfmKX8,Kgu0AtfmKX8,10,There are no women in the video.,3.5206,,
KIlVZciwhlg,KIlVZciwhlg,1,"The video appears to be a scene from a Korean drama or film, where two characters are sitting in a room and discussing something, possibly related to a test or exam, as indicated by the text on the screen.",4.232,,
KIlVZciwhlg,KIlVZciwhlg,2,"The video appears to show a scene from a drama or film where two characters are having a conversation, possibly discussing a job interview or similar serious topic, given the formal setting and attire.",4.232,,
KIlVZciwhlg,KIlVZciwhlg,3,"The video appears to be a scene from a Korean drama or movie where two characters are having a conversation in an office setting. The character on the right seems to be explaining something, possibly related to work or a project, while the other listens and responds with gestures.",4.232,,
KIlVZciwhlg,KIlVZciwhlg,4,"Two individuals are engaged in a conversation in what appears to be a formal setting, possibly an office or a courtroom, as suggested by the text and context.",4.232,,
KIlVZciwhlg,KIlVZciwhlg,5,"Two individuals are seated in an office setting, engaged in a conversation about taking a test, with one person expressing reluctance and the other encouraging them to do so.",4.232,,
KIlVZciwhlg,KIlVZciwhlg,6,"The video appears to show two individuals in a discussion or interview setting, where one is explaining something to the other, possibly about a test or exam they have taken. The setting looks like an office or a study room.",4.232,,
KIlVZciwhlg,KIlVZciwhlg,7,"The video shows two individuals engaged in a conversation, with one person explaining a situation involving an exam they took and a specific time they spent on it, while the other listens attentively.",4.232,,
KIlVZciwhlg,KIlVZciwhlg,8,"Two individuals are engaged in a conversation in an office setting, discussing their experience with a driving exam, with one person referencing a score of 100 out of 100.",4.232,,
KIlVZciwhlg,KIlVZciwhlg,9,"The video appears to be a scene from a Korean drama or show, where two characters are having a conversation in an office setting. The text on the screen suggests it might be from a show called ""????????"" (Divorce, Good and Bad). The characters seem to be discussing something related to an",4.232,,
KIlVZciwhlg,KIlVZciwhlg,10,"Two individuals are engaged in a conversation, with one person gesturing emphatically, possibly explaining or arguing a point, while the other listens and responds.",4.232,,
Kitzcy6Fp3A,Kitzcy6Fp3A,1,"The scene shifts to a cemetery at dawn, then to a man in a doorway, followed by a cozy cabin at dusk, and finally to a dark, eerie cross against a stormy sky.",4.1223,,
Kitzcy6Fp3A,Kitzcy6Fp3A,2,The scene shifts to a serene cemetery at dawn.,4.1223,,
Kitzcy6Fp3A,Kitzcy6Fp3A,3,"The scene transitions to a man in a green jacket and hat, followed by a view of a cabin in the woods.",4.1223,,
Kitzcy6Fp3A,Kitzcy6Fp3A,4,The scene transitions to a house at night with lights on.,4.1223,,
Kitzcy6Fp3A,Kitzcy6Fp3A,5,"The scene transitions to a close-up of a man with a beard, followed by a view of a house in the woods at night, and then a cross on top of a building under a dark, cloudy sky.",4.1223,,
Kitzcy6Fp3A,Kitzcy6Fp3A,6,The scene transitions to a man in a suit standing in front of a door.,4.1223,,
Kitzcy6Fp3A,Kitzcy6Fp3A,7,"The video cuts to a scene of a man in a suit and hat, followed by a serene view of a house in the woods, and then to a dark, ominous cross silhouetted against a stormy sky.",4.1223,,
Kitzcy6Fp3A,Kitzcy6Fp3A,8,The video transitions to a scene of a wooden cabin in the woods at night.,4.1223,,
Kitzcy6Fp3A,Kitzcy6Fp3A,9,The scene transitions to a serene view of a cemetery at dawn.,4.1223,,
Kitzcy6Fp3A,Kitzcy6Fp3A,10,The video transitions to a man with a white beard and a hat standing in front of a door.,4.1223,,
KkLSq7v8EuE,KkLSq7v8EuE,1,"The girl is seen sitting at a table, wearing a blue shirt, and holding a piece of paper.",3.9942,,
KkLSq7v8EuE,KkLSq7v8EuE,2,The girl blows a bubble gum bubble before she sees the attempting thief.,3.9942,,
KkLSq7v8EuE,KkLSq7v8EuE,3,"The girl opens a package containing a paper doll and begins to interact with it, then looks up and smiles.",3.9942,,
KkLSq7v8EuE,KkLSq7v8EuE,4,"The girl is sitting at a table with a pink and blue box, holding a small piece of paper.",3.9942,,
KkLSq7v8EuE,KkLSq7v8EuE,5,The girl blows a bubble with bubble gum.,3.9942,,
KkLSq7v8EuE,KkLSq7v8EuE,6,"The girl is sitting at a table, eating a pink candy bar and making a funny face.",3.9942,,
KkLSq7v8EuE,KkLSq7v8EuE,7,"The girl is sitting at a table, looking at a card.",3.9942,,
KkLSq7v8EuE,KkLSq7v8EuE,8,The girl is sitting at a table and looks up in surprise.,3.9942,,
KkLSq7v8EuE,KkLSq7v8EuE,9,"The girl is seen sitting at a table, looking at a packet of bubble gum.",3.9942,,
KkLSq7v8EuE,KkLSq7v8EuE,10,The girl is eating a piece of gum while looking at the camera.,3.9942,,
Km0d_A-o1x4,Km0d_A-o1x4,1,"The adults follow the crying girl into her bedroom, where they sit with her on the bed, holding her close and comforting her, while the toy dog and cat continue to interact in the background.",4.1422,,
Km0d_A-o1x4,Km0d_A-o1x4,2,"The adults follow the crying girl into her bedroom, where they sit down with her and the toy dog and cat, eventually comfort her and offer a hug.",4.1422,,
Km0d_A-o1x4,Km0d_A-o1x4,3,"The adults join the little girl in her bedroom, where they sit on the bed and play with the toy dog and cat, eventually calming the girl down.",4.1422,,
Km0d_A-o1x4,Km0d_A-o1x4,4,"The adults enter the bedroom, comfort the child, and eventually settle her down as the toy dog and cat continue their playful interaction on the bed.",4.1422,,
Km0d_A-o1x4,Km0d_A-o1x4,5,"The adults, seeing the girl upset, come into the bedroom and comfort her, eventually joining her on the bed to play and console her.",4.1422,,
Km0d_A-o1x4,Km0d_A-o1x4,6,"The adults join the little girl in her bedroom, comforting her and trying to console her as she continues to play with her toys.",4.1422,,
Km0d_A-o1x4,Km0d_A-o1x4,7,"The adults join the child in her bedroom, where they sit on the bed and continue to interact with the child and the toys.",4.1422,,
Km0d_A-o1x4,Km0d_A-o1x4,8,"The adults follow the girl into her bedroom, where they join her in playing with the stuffed animals.",4.1422,,
Km0d_A-o1x4,Km0d_A-o1x4,9,"The adults follow the girl into her bedroom, where they join her on the bed, and the adults gently comfort the girl, holding the toy dog and cat as she calms down.",4.1422,,
Km0d_A-o1x4,Km0d_A-o1x4,10,"The adults join the little girl in her bedroom, where they sit on the bed and comfort her while she plays with her toy animals, creating a warm and supportive environment.",4.1422,,
KmXaY8-ZyIA,KmXaY8-ZyIA,1,This video teaches how to get rid of a pimple without popping it.,3.8406,,
KmXaY8-ZyIA,KmXaY8-ZyIA,2,This video teaches how to get rid of a pimple without squeezing it.,3.8406,,
KmXaY8-ZyIA,KmXaY8-ZyIA,3,The video teaches how to get rid of a pimple without squeezing it.,3.8406,,
KmXaY8-ZyIA,KmXaY8-ZyIA,4,The video teaches a method to get rid of a pimple without squeezing it.,3.8406,,
KmXaY8-ZyIA,KmXaY8-ZyIA,5,The video teaches how to get rid of a pimple without squeezing it.,3.8406,,
KmXaY8-ZyIA,KmXaY8-ZyIA,6,This video teaches how to get rid of a pimple without squeezing it.,3.8406,,
KmXaY8-ZyIA,KmXaY8-ZyIA,7,The video teaches a method to get rid of a pimple without squeezing it.,3.8406,,
KmXaY8-ZyIA,KmXaY8-ZyIA,8,The video teaches how to get rid of a pimple without squeezing it.,3.8406,,
KmXaY8-ZyIA,KmXaY8-ZyIA,9,This video teaches how to get rid of a pimple without squeezing it.,3.8406,,
KmXaY8-ZyIA,KmXaY8-ZyIA,10,The video teaches how to get rid of a pimple without squeezing it.,3.8406,,
KoQD9x6VrSk,KoQD9x6VrSk,1,The second man flexes his muscles twice in the video.,3.2869,,
KoQD9x6VrSk,KoQD9x6VrSk,2,twice,3.2869,,
KoQD9x6VrSk,KoQD9x6VrSk,3,The second man flexes his muscles twice.,3.2869,,
KoQD9x6VrSk,KoQD9x6VrSk,4,The second man flexes his muscles twice in the video.,3.2869,,
KoQD9x6VrSk,KoQD9x6VrSk,5,The second man flexes his muscles twice in the video.,3.2869,,
KoQD9x6VrSk,KoQD9x6VrSk,6,The second man flexes his muscles twice in the video.,3.2869,,
KoQD9x6VrSk,KoQD9x6VrSk,7,twice,3.2869,,
KoQD9x6VrSk,KoQD9x6VrSk,8,The second man flexes his muscles twice in the video.,3.2869,,
KoQD9x6VrSk,KoQD9x6VrSk,9,The second man flexes his muscles three times in the video.,3.2869,,
KoQD9x6VrSk,KoQD9x6VrSk,10,The second man flexes his muscles twice in the video.,3.2869,,
KP9pXg3tBDo,KP9pXg3tBDo,1,The white dog in the kennel lies down after dancing on two legs.,3.9781,,
KP9pXg3tBDo,KP9pXg3tBDo,2,"The white dog in the kennel stands up on its hind legs and appears to be dancing, creating a playful and amusing scene.",3.9781,,
KP9pXg3tBDo,KP9pXg3tBDo,3,The white dog stops dancing and rests in the kennel.,3.9781,,
KP9pXg3tBDo,KP9pXg3tBDo,4,The white dog sits down in the kennel after dancing on two legs.,3.9781,,
KP9pXg3tBDo,KP9pXg3tBDo,5,The white dog in the kennel sits down after dancing on two legs.,3.9781,,
KP9pXg3tBDo,KP9pXg3tBDo,6,The white dog in the kennel stands up and looks around after dancing on two legs.,3.9781,,
KP9pXg3tBDo,KP9pXg3tBDo,7,"The white dog in the kennel stands on two legs, then sits down and continues to dance on two legs.",3.9781,,
KP9pXg3tBDo,KP9pXg3tBDo,8,The white dog eventually settles down in the kennel after dancing on two legs.,3.9781,,
KP9pXg3tBDo,KP9pXg3tBDo,9,The white dog stands up in the kennel after dancing on two legs.,3.9781,,
KP9pXg3tBDo,KP9pXg3tBDo,10,The white dog in the kennel stops dancing and remains still after initially dancing on two legs.,3.9781,,
KTvyUThiwpU,KTvyUThiwpU,1,The final step is to inflate the tire to the recommended pressure.,3.6662,,
KTvyUThiwpU,KTvyUThiwpU,2,The final step in the repair is to inflate the tire.,3.6662,,
KTvyUThiwpU,KTvyUThiwpU,3,The final step is to inflate the tire to the appropriate pressure.,3.6662,,
KTvyUThiwpU,KTvyUThiwpU,4,The final step in the repair is to inflate the tire to the appropriate pressure.,3.6662,,
KTvyUThiwpU,KTvyUThiwpU,5,"The final step in the repair is using a drill to expand the hole, ensuring the rubber nail is firmly embedded and the tire is ready for use.",3.6662,,
KTvyUThiwpU,KTvyUThiwpU,6,The final step in the repair is inflating the tire to restore its proper pressure.,3.6662,,
KTvyUThiwpU,KTvyUThiwpU,7,The final step in the repair is to inflate the tire to the appropriate pressure.,3.6662,,
KTvyUThiwpU,KTvyUThiwpU,8,The final step in the repair is to inflate the tire to the recommended pressure.,3.6662,,
KTvyUThiwpU,KTvyUThiwpU,9,The final step in the repair is to inflate the tire with a hand pump to ensure it is properly sealed and ready for use.,3.6662,,
KTvyUThiwpU,KTvyUThiwpU,10,The final step in the repair is to inflate the tire to the correct pressure.,3.6662,,
Kv46hRuvi40,Kv46hRuvi40,1,"The person making the call is trying to persuade Dougie B to pick up the call, as indicated by the text overlay and the repeated phrase ""pick up"".",3.5581,,
Kv46hRuvi40,Kv46hRuvi40,2,The person making the call is trying to get a response from Dougie B.,3.5581,,
Kv46hRuvi40,Kv46hRuvi40,3,The person making the call is trying to pick up the phone.,3.5581,,
Kv46hRuvi40,Kv46hRuvi40,4,The person making the call is trying to reach Dougie B but believes he won't pick up the call.,3.5581,,
Kv46hRuvi40,Kv46hRuvi40,5,"The person making the call is trying to get through to someone named Dougie B, as indicated by the text overlay and the repeated attempts to get the person's attention.",3.5581,,
Kv46hRuvi40,Kv46hRuvi40,6,The person making the call is trying to get Dougie B to pick up the phone.,3.5581,,
Kv46hRuvi40,Kv46hRuvi40,7,"The person making the call is trying to pick up Dougie B, but Dougie B is not answering.",3.5581,,
Kv46hRuvi40,Kv46hRuvi40,8,"The person making the call is trying to get a hold of Dougie B, as indicated by the text overlay suggesting that Kay Flock says Dougie B won't pick up.",3.5581,,
Kv46hRuvi40,Kv46hRuvi40,9,The person making the call is trying to engage in a conversation with someone named Dougie B.,3.5581,,
Kv46hRuvi40,Kv46hRuvi40,10,"The person making the call appears to be trying to persuade Dougie B to pick up the phone, possibly to engage in a conversation or interaction.",3.5581,,
KV5nvA79vVA,KV5nvA79vVA,1,1,3.7325,,
KV5nvA79vVA,KV5nvA79vVA,2,1,3.7325,,
KV5nvA79vVA,KV5nvA79vVA,3,One,3.7325,,
KV5nvA79vVA,KV5nvA79vVA,4,One hat in the video.,3.7325,,
KV5nvA79vVA,KV5nvA79vVA,5,1,3.7325,,
KV5nvA79vVA,KV5nvA79vVA,6,1,3.7325,,
KV5nvA79vVA,KV5nvA79vVA,7,One.,3.7325,,
KV5nvA79vVA,KV5nvA79vVA,8,One.,3.7325,,
KV5nvA79vVA,KV5nvA79vVA,9,1,3.7325,,
KV5nvA79vVA,KV5nvA79vVA,10,1,3.7325,,
KvhbZ7U_9Zw,KvhbZ7U_9Zw,1,"After someone says it's their birthday, it typically leads to a celebration where friends and family gather to wish them well, decorate a special area, and often exchange gifts.",3.7082,,
KvhbZ7U_9Zw,KvhbZ7U_9Zw,2,"After someone says it's their birthday, a festive balloon arch is typically set up as a backdrop, often featuring a ""Happy Birthday"" message and decorations like flowers and plush toys, to celebrate the occasion.",3.7082,,
KvhbZ7U_9Zw,KvhbZ7U_9Zw,3,"After someone says ""It's my birthday,"" a birthday party setup is shown, featuring balloons, flowers, a teddy bear, and a ""Happy Birthday"" sign.",3.7082,,
KvhbZ7U_9Zw,KvhbZ7U_9Zw,4,"After someone says ""It's my birthday,"" the scene transitions to a birthday party setup with a ""Happy Birthday"" sign, balloons, flowers, and teddy bears, indicating a festive atmosphere.",3.7082,,
KvhbZ7U_9Zw,KvhbZ7U_9Zw,5,"A large balloon arch with the words ""Happy Birthday"" is placed in front of a backdrop of pink flowers.",3.7082,,
KvhbZ7U_9Zw,KvhbZ7U_9Zw,6,"After someone says ""It's my birthday,"" the video shows a beautifully decorated birthday setup with balloons, flowers, a teddy bear, and a large ""Happy Birthday"" sign.",3.7082,,
KvhbZ7U_9Zw,KvhbZ7U_9Zw,7,"After someone says it's their birthday, it typically leads to a celebration, often involving decorations, gifts, and special treats.",3.7082,,
KvhbZ7U_9Zw,KvhbZ7U_9Zw,8,"After someone says ""It's my birthday,"" the scene transitions to a birthday party setup.",3.7082,,
KvhbZ7U_9Zw,KvhbZ7U_9Zw,9,"You receive a colorful and festive birthday decoration setup with a ""Happy Birthday"" balloon arch, flowers, balloons, and teddy bears.",3.7082,,
KvhbZ7U_9Zw,KvhbZ7U_9Zw,10,The scene transitions to a birthday decoration setup.,3.7082,,
KVmu0-GXlfA,KVmu0-GXlfA,1,"The black and bronze-colored battery is labeled ""Duracell.""",3.465,,
KVmu0-GXlfA,KVmu0-GXlfA,2,"The black and bronze-colored battery says ""Sanyo"".",3.465,,
KVmu0-GXlfA,KVmu0-GXlfA,3,"The black and bronze-colored battery says ""AA 1.5V"".",3.465,,
KVmu0-GXlfA,KVmu0-GXlfA,4,"The black and bronze-colored battery says ""23A 6V"" on it.",3.465,,
KVmu0-GXlfA,KVmu0-GXlfA,5,"The black and bronze-colored battery says ""LIFEGUARD"".",3.465,,
KVmu0-GXlfA,KVmu0-GXlfA,6,"The black and bronze-colored battery says ""CENTRUM.""",3.465,,
KVmu0-GXlfA,KVmu0-GXlfA,7,"The black and bronze-colored battery says ""Lithium"".",3.465,,
KVmu0-GXlfA,KVmu0-GXlfA,8,"The black and bronze-colored battery says ""2200mAh"" on it.",3.465,,
KVmu0-GXlfA,KVmu0-GXlfA,9,"The black and bronze-colored battery says ""Lionel"".",3.465,,
KVmu0-GXlfA,KVmu0-GXlfA,10,"The black and bronze-colored battery says ""Lion"".",3.465,,
KWPkJSVDCNA,KWPkJSVDCNA,1,The goalie catches the ball during the game when the ball is kicked towards the goal.,3.8726,,
KWPkJSVDCNA,KWPkJSVDCNA,2,"The goalie catches the ball during the gameplay segment, likely when the ball is heading towards the goal.",3.8726,,
KWPkJSVDCNA,KWPkJSVDCNA,3,"The goalie catches the ball during a soccer match, as shown in the video.",3.8726,,
KWPkJSVDCNA,KWPkJSVDCNA,4,The goalie catches the ball during a penalty kick.,3.8726,,
KWPkJSVDCNA,KWPkJSVDCNA,5,The goalie catches the ball when the player kicks it towards the goal and the goalie jumps and catches it mid-air.,3.8726,,
KWPkJSVDCNA,KWPkJSVDCNA,6,The goalie catches the ball in the middle of the field.,3.8726,,
KWPkJSVDCNA,KWPkJSVDCNA,7,The goalie catches the ball during the soccer game shown in the video.,3.8726,,
KWPkJSVDCNA,KWPkJSVDCNA,8,"The goalie catches the ball in the middle of the video, after the ball is kicked towards the goal.",3.8726,,
KWPkJSVDCNA,KWPkJSVDCNA,9,"The goalie catches the ball during the gameplay, as shown in the video.",3.8726,,
KWPkJSVDCNA,KWPkJSVDCNA,10,"The goalie catches the ball in the first scene, during the soccer game.",3.8726,,
Kyig9R8E0jY,Kyig9R8E0jY,1,"The video shows two motorbikes, one green and black, and the other white and black.",3.7496,,
Kyig9R8E0jY,Kyig9R8E0jY,2,"The video features two motorbikes, one green and white with the number 18 and the other black and white.",3.7496,,
Kyig9R8E0jY,Kyig9R8E0jY,3,"The video shows two sport motorcycles, one green and one white.",3.7496,,
Kyig9R8E0jY,Kyig9R8E0jY,4,"The video features two sport motorcycles, one white and black and the other green and black.",3.7496,,
Kyig9R8E0jY,Kyig9R8E0jY,5,"The video features two sport motorcycles, one green and one white, both with racing decals.",3.7496,,
Kyig9R8E0jY,Kyig9R8E0jY,6,"The video features two motorcycles, one of which is a KARMA motorcycle.",3.7496,,
Kyig9R8E0jY,Kyig9R8E0jY,7,"The video features two motorcycles, one with the number ""18"" and the other with a black and white design.",3.7496,,
Kyig9R8E0jY,Kyig9R8E0jY,8,The motorbikes in the video are sport bikes.,3.7496,,
Kyig9R8E0jY,Kyig9R8E0jY,9,"The video shows two sport motorcycles, one green and white and the other white and black.",3.7496,,
Kyig9R8E0jY,Kyig9R8E0jY,10,"The video features two sport motorcycles, one white and one green, both with the number ""18"" on their sides.",3.7496,,
KYMtq6Lvn5E,KYMtq6Lvn5E,1,"The series of still photos shows a young boy being playfully interacted with by a woman, eventually leading to the boy being blindfolded and sitting at a desk, with the woman standing behind him.",4.1473,,
KYMtq6Lvn5E,KYMtq6Lvn5E,2,"The series of still photos depict a sequence of events where a young boy with light hair is first excitedly reaching for something, then surprised by a large figure, and finally shown with a blindfold, sitting at a desk, and being assisted by another figure.",4.1473,,
KYMtq6Lvn5E,KYMtq6Lvn5E,3,"The series of still photos depicts a young boy interacting with a woman in a domestic setting, with the word ""FASH"" appearing at the bottom of each frame.",4.1473,,
KYMtq6Lvn5E,KYMtq6Lvn5E,4,"The series of still photos depicts a humorous and exaggerated scenario where a young boy, blindfolded, is trying to navigate a room and ends up bumping into a woman who is blindfolded as well, leading to a comical misunderstanding.",4.1473,,
KYMtq6Lvn5E,KYMtq6Lvn5E,5,"The series of still photos depicts an animated scene where a young boy in a green shirt is enthusiastically interacting with a large, smiling figure, which seems to be a person with exaggerated features. The background suggests a school setting, and the sequence appears to capture moments of surprise, affection, and playful interaction between the boy and the",4.1473,,
KYMtq6Lvn5E,KYMtq6Lvn5E,6,"The series of still photos depicts a young boy expressing excitement, a woman seemingly surprised, and the boy interacting with a large figure, possibly in a moment of surprise or discovery.",4.1473,,
KYMtq6Lvn5E,KYMtq6Lvn5E,7,"The series of still photos depict a humorous and exaggerated scenario where a boy is being playfully distracted and tied up by a girl, leading to a comical and chaotic situation.",4.1473,,
KYMtq6Lvn5E,KYMtq6Lvn5E,8,"The series of still photos depicts a cartoon scene where a young boy, wearing a green shirt, is excitedly reaching out to a TV, which is being watched by a woman with long brown hair. The scene then transitions to an outdoor setting where the boy is being guided by the woman, and finally, the boy is",4.1473,,
KYMtq6Lvn5E,KYMtq6Lvn5E,9,"This series of still photos shows a young boy being startled and then seeing a girl in a professional outfit, followed by a scene where the boy is blindfolded and being guided by the girl, suggesting a playful or staged scenario.",4.1473,,
KYMtq6Lvn5E,KYMtq6Lvn5E,10,"The series of still photos depict a sequence of interactions between two characters in an animated style, starting with a boy reaching out enthusiastically, followed by a woman with long hair who appears to be speaking or reacting, and culminating in the boy being blindfolded and led away by the woman.",4.1473,,
K_Dm0u_ksbs,K_Dm0u_ksbs,1,The boy salutes first.,3.4912,,
K_Dm0u_ksbs,K_Dm0u_ksbs,2,The young boy salutes first.,3.4912,,
K_Dm0u_ksbs,K_Dm0u_ksbs,3,The soldier salutes first.,3.4912,,
K_Dm0u_ksbs,K_Dm0u_ksbs,4,The man in military uniform salutes first.,3.4912,,
K_Dm0u_ksbs,K_Dm0u_ksbs,5,The young boy salutes first.,3.4912,,
K_Dm0u_ksbs,K_Dm0u_ksbs,6,The young boy salutes first.,3.4912,,
K_Dm0u_ksbs,K_Dm0u_ksbs,7,The soldier salutes first.,3.4912,,
K_Dm0u_ksbs,K_Dm0u_ksbs,8,The boy salutes first.,3.4912,,
K_Dm0u_ksbs,K_Dm0u_ksbs,9,The little boy salutes first.,3.4912,,
K_Dm0u_ksbs,K_Dm0u_ksbs,10,The man in the military uniform salutes first.,3.4912,,
L0vYawoAo_Q,L0vYawoAo_Q,1,"The objects are falling on the three animated characters as part of a humorous or chaotic scene in the game, likely intended to entertain the players by creating a comedic or unexpected situation.",3.7493,,
L0vYawoAo_Q,L0vYawoAo_Q,2,"The objects are falling on the characters as a playful or humorous interaction, possibly in a game or virtual environment where such scenarios are common.",3.7493,,
L0vYawoAo_Q,L0vYawoAo_Q,3,"The objects are falling on the three animated characters as part of a playful or chaotic scene, possibly to add humor or surprise to the animation.",3.7493,,
L0vYawoAo_Q,L0vYawoAo_Q,4,"The objects are falling on the characters as part of a humorous or chaotic scene in the video game, possibly triggered by a command or event within the game.",3.7493,,
L0vYawoAo_Q,L0vYawoAo_Q,5,"The objects are falling on the three animated characters as part of a playful or chaotic interaction within the game, likely as a result of a player's actions or a game mechanic.",3.7493,,
L0vYawoAo_Q,L0vYawoAo_Q,6,"The objects are falling on the three animated characters as part of a playful or chaotic scenario, likely for entertainment or comedic effect within the context of the game or animation.",3.7493,,
L0vYawoAo_Q,L0vYawoAo_Q,7,"The objects are falling on the three animated characters as a playful or chaotic scenario, possibly part of a game or a virtual environment where such events can occur.",3.7493,,
L0vYawoAo_Q,L0vYawoAo_Q,8,"The objects are falling on the three animated characters as part of a game mechanic or a scripted event, likely to add humor or challenge to the gameplay experience.",3.7493,,
L0vYawoAo_Q,L0vYawoAo_Q,9,"The objects are falling on the three animated characters as part of a playful or chaotic scene, likely for comedic or dramatic effect in the video.",3.7493,,
L0vYawoAo_Q,L0vYawoAo_Q,10,"The objects are falling on the three animated characters as part of a playful or chaotic scene, possibly to add humor or emphasize a dynamic interaction within the game or animation.",3.7493,,
L1knrZAHc-w,L1knrZAHc-w,1,The video does not provide any information about how long it took the cows to learn to dance.,3.5472,,
L1knrZAHc-w,L1knrZAHc-w,2,"The cows in the video seem to be naturally inclined towards dancing, suggesting they didn't need much time to learn.",3.5472,,
L1knrZAHc-w,L1knrZAHc-w,3,It is not possible to determine the amount of time it took for the cows to learn to dance from the image provided.,3.5472,,
L1knrZAHc-w,L1knrZAHc-w,4,The video doesn't provide any information about the duration it took the cows to learn to dance.,3.5472,,
L1knrZAHc-w,L1knrZAHc-w,5,The video doesn't provide enough information to determine how long it took the cows to learn to dance.,3.5472,,
L1knrZAHc-w,L1knrZAHc-w,6,It is unknown how long it took the cows to learn to dance as the video does not provide any information on their training.,3.5472,,
L1knrZAHc-w,L1knrZAHc-w,7,The video does not provide enough information to determine how long it took the cows to learn to dance.,3.5472,,
L1knrZAHc-w,L1knrZAHc-w,8,The video doesn't provide any information about how long it took the cows to learn to dance.,3.5472,,
L1knrZAHc-w,L1knrZAHc-w,9,The video does not provide information on how long it took the cows to learn to dance.,3.5472,,
L1knrZAHc-w,L1knrZAHc-w,10,The video does not provide information on how long it took the cows to learn to dance.,3.5472,,
L36HKJeOn-0,L36HKJeOn-0,1,The girl shows the boy two red apples.,3.4835,,
L36HKJeOn-0,L36HKJeOn-0,2,The boy gets a prize.,3.4835,,
L36HKJeOn-0,L36HKJeOn-0,3,The boy gets a reward or praise.,3.4835,,
L36HKJeOn-0,L36HKJeOn-0,4,The woman will be pleased and might offer a reward or positive reinforcement.,3.4835,,
L36HKJeOn-0,L36HKJeOn-0,5,The boy gets an apple as a reward.,3.4835,,
L36HKJeOn-0,L36HKJeOn-0,6,The boy is praised and given a reward.,3.4835,,
L36HKJeOn-0,L36HKJeOn-0,7,the girl in the robe puts on a belt,3.4835,,
L36HKJeOn-0,L36HKJeOn-0,8,nothing,3.4835,,
L36HKJeOn-0,L36HKJeOn-0,9,nothing,3.4835,,
L36HKJeOn-0,L36HKJeOn-0,10,the woman takes off her robe and puts on a belt,3.4835,,
L4js17jguSA,L4js17jguSA,1,Music is typically played at wedding ceremonies to celebrate and create a festive atmosphere.,3.6283,,
L4js17jguSA,L4js17jguSA,2,The music in the background is likely playing to enhance the festive and joyful atmosphere of the wedding celebration.,3.6283,,
L4js17jguSA,L4js17jguSA,3,The music in the background is likely playing to create a festive and celebratory atmosphere for the wedding ceremony.,3.6283,,
L4js17jguSA,L4js17jguSA,4,The music in the background is likely playing to enhance the festive atmosphere of the wedding celebration.,3.6283,,
L4js17jguSA,L4js17jguSA,5,The music in the background is likely playing to create a festive and joyful atmosphere for the wedding celebration.,3.6283,,
L4js17jguSA,L4js17jguSA,6,Music is often played at weddings to create a festive and joyous atmosphere.,3.6283,,
L4js17jguSA,L4js17jguSA,7,The music in the background is playing to enhance the festive atmosphere of the wedding celebration.,3.6283,,
L4js17jguSA,L4js17jguSA,8,The music in the background is likely playing to enhance the festive atmosphere and provide entertainment for the guests at the wedding.,3.6283,,
L4js17jguSA,L4js17jguSA,9,The music is likely playing to create a festive and celebratory atmosphere for the wedding event.,3.6283,,
L4js17jguSA,L4js17jguSA,10,The music in the background is likely playing to create a festive and celebratory atmosphere for the wedding event.,3.6283,,
L75wb-sK0Ws,L75wb-sK0Ws,1,1,3.3705,,
L75wb-sK0Ws,L75wb-sK0Ws,2,1,3.3705,,
L75wb-sK0Ws,L75wb-sK0Ws,3,2,3.3705,,
L75wb-sK0Ws,L75wb-sK0Ws,4,0,3.3705,,
L75wb-sK0Ws,L75wb-sK0Ws,5,One,3.3705,,
L75wb-sK0Ws,L75wb-sK0Ws,6,1,3.3705,,
L75wb-sK0Ws,L75wb-sK0Ws,7,1,3.3705,,
L75wb-sK0Ws,L75wb-sK0Ws,8,1,3.3705,,
L75wb-sK0Ws,L75wb-sK0Ws,9,1,3.3705,,
L75wb-sK0Ws,L75wb-sK0Ws,10,1,3.3705,,
L9Rn2C5noys,L9Rn2C5noys,1,The woman at Dairy Queen closes the quart container filled with vanilla soft serve.,3.6216,,
L9Rn2C5noys,L9Rn2C5noys,2,She places the container back on the machine.,3.6216,,
L9Rn2C5noys,L9Rn2C5noys,3,"After filling a quart container with vanilla soft serve, the woman at Dairy Queen seals the container.",3.6216,,
L9Rn2C5noys,L9Rn2C5noys,4,The woman at Dairy Queen closes the quart container filled with vanilla soft serve.,3.6216,,
L9Rn2C5noys,L9Rn2C5noys,5,The woman at Dairy Queen closes the quart container of vanilla soft serve.,3.6216,,
L9Rn2C5noys,L9Rn2C5noys,6,She seals the container and displays the product to the customer.,3.6216,,
L9Rn2C5noys,L9Rn2C5noys,7,The woman closes the quart container after filling it with vanilla soft serve.,3.6216,,
L9Rn2C5noys,L9Rn2C5noys,8,The woman places the quart container on the counter.,3.6216,,
L9Rn2C5noys,L9Rn2C5noys,9,The woman at Dairy Queen seals the quart container with a lid.,3.6216,,
L9Rn2C5noys,L9Rn2C5noys,10,The woman closes the quart container with a lid after filling it with vanilla soft serve.,3.6216,,
La-SNVkM06w,La-SNVkM06w,1,"The blue tarp is used to cover and secure the cargo, likely to protect it from the elements and ensure safe transportation.",3.8492,,
La-SNVkM06w,La-SNVkM06w,2,"The blue tarp is likely used to cover the cargo for protection against the elements, such as rain, dust, or sunlight, to ensure the goods remain safe and secure during transportation.",3.8492,,
La-SNVkM06w,La-SNVkM06w,3,The blue tarp is likely used to protect the cargo from weather elements and to comply with transportation regulations regarding load security.,3.8492,,
La-SNVkM06w,La-SNVkM06w,4,The blue tarp is likely used to protect the cargo from weather elements and to maintain its integrity during transport.,3.8492,,
La-SNVkM06w,La-SNVkM06w,5,"The blue tarp is likely used to protect the cargo from weather elements like rain, sun, and dust, ensuring the goods remain safe and undamaged during transportation.",3.8492,,
La-SNVkM06w,La-SNVkM06w,6,The blue tarp is likely used to protect the cargo from weather elements and to ensure it remains secure during transportation.,3.8492,,
La-SNVkM06w,La-SNVkM06w,7,The blue tarp is likely used to protect the cargo from weather elements and to comply with safety regulations.,3.8492,,
La-SNVkM06w,La-SNVkM06w,8,"The blue tarp is likely used to protect the cargo from weather elements such as rain or sun, and to prevent debris from falling off the truck during transportation.",3.8492,,
La-SNVkM06w,La-SNVkM06w,9,"The blue tarp is used to cover and secure the cargo, protecting it from the elements and ensuring it does not interfere with the vehicle's clearance and safety on the highway.",3.8492,,
La-SNVkM06w,La-SNVkM06w,10,The blue tarp is likely used to protect the cargo from weather conditions and to comply with safety regulations by preventing the load from falling off the truck.,3.8492,,
LAa5O3ToD2c,LAa5O3ToD2c,1,The first baby appears to be sleeping peacefully with their eyes closed and a serene expression.,3.3084,,
LAa5O3ToD2c,LAa5O3ToD2c,2,The first baby is peacefully sleeping with their eyes closed.,3.3084,,
LAa5O3ToD2c,LAa5O3ToD2c,3,The first baby is peacefully sleeping with their eyes closed.,3.3084,,
LAa5O3ToD2c,LAa5O3ToD2c,4,The first baby is sleeping with its eyes closed.,3.3084,,
LAa5O3ToD2c,LAa5O3ToD2c,5,The first baby appears to be sleeping peacefully.,3.3084,,
LAa5O3ToD2c,LAa5O3ToD2c,6,The first baby is sleeping with its eyes closed and head resting on a white surface.,3.3084,,
LAa5O3ToD2c,LAa5O3ToD2c,7,The first baby is sleeping with eyes closed.,3.3084,,
LAa5O3ToD2c,LAa5O3ToD2c,8,The first baby is sleeping peacefully with its eyes closed.,3.3084,,
LAa5O3ToD2c,LAa5O3ToD2c,9,The first baby appears to be sleeping peacefully.,3.3084,,
LAa5O3ToD2c,LAa5O3ToD2c,10,The first baby is sleeping with its eyes closed and hand resting on its chest.,3.3084,,
LBEnKCnLGIg,LBEnKCnLGIg,1,The man hits the target three times.,3.5729,,
LBEnKCnLGIg,LBEnKCnLGIg,2,The man hits the target three times.,3.5729,,
LBEnKCnLGIg,LBEnKCnLGIg,3,The man hits the target 6 times.,3.5729,,
LBEnKCnLGIg,LBEnKCnLGIg,4,The man hits the target three times.,3.5729,,
LBEnKCnLGIg,LBEnKCnLGIg,5,The man hits the target three times.,3.5729,,
LBEnKCnLGIg,LBEnKCnLGIg,6,The man hits the target twice.,3.5729,,
LBEnKCnLGIg,LBEnKCnLGIg,7,The man hits the target twice in the video.,3.5729,,
LBEnKCnLGIg,LBEnKCnLGIg,8,The man hits the target twice.,3.5729,,
LBEnKCnLGIg,LBEnKCnLGIg,9,The man hits the target twice.,3.5729,,
LBEnKCnLGIg,LBEnKCnLGIg,10,The man hits the target twice.,3.5729,,
LBhwaSo4jmE,LBhwaSo4jmE,1,The gymnast does two flips in the video.,3.5613,,
LBhwaSo4jmE,LBhwaSo4jmE,2,The gymnast does two flips in the video.,3.5613,,
LBhwaSo4jmE,LBhwaSo4jmE,3,The gymnast does a total of three flips in the video.,3.5613,,
LBhwaSo4jmE,LBhwaSo4jmE,4,The gymnast does two flips.,3.5613,,
LBhwaSo4jmE,LBhwaSo4jmE,5,"The gymnast in the video performs a series of flips, but the exact number is not specified in the description.",3.5613,,
LBhwaSo4jmE,LBhwaSo4jmE,6,The gymnast performs two flips in the video.,3.5613,,
LBhwaSo4jmE,LBhwaSo4jmE,7,The gymnast performs a single flip.,3.5613,,
LBhwaSo4jmE,LBhwaSo4jmE,8,The gymnast performs three flips.,3.5613,,
LBhwaSo4jmE,LBhwaSo4jmE,9,The gymnast performs two flips.,3.5613,,
LBhwaSo4jmE,LBhwaSo4jmE,10,The gymnast does three flips in the video.,3.5613,,
LbieW0jTtoA,LbieW0jTtoA,1,"The video shows three people dressed as characters from the anime ""Naruto"" performing a synchronized hand dance routine.",3.8523,,
LbieW0jTtoA,LbieW0jTtoA,2,"The video shows a ""handdance battle"" where three individuals dressed as characters from the anime ""Naruto"" are performing synchronized hand movements.",3.8523,,
LbieW0jTtoA,LbieW0jTtoA,3,"The video features a ""handdance battle"" where three individuals dressed as characters from ""Naruto"" perform synchronized hand movements.",3.8523,,
LbieW0jTtoA,LbieW0jTtoA,4,"Three individuals dressed as characters from the anime ""Naruto"" are performing a hand dance battle, mimicking their respective characters' hand signs.",3.8523,,
LbieW0jTtoA,LbieW0jTtoA,5,"The video features a hand dance battle where three participants, dressed as characters from the Naruto series, are performing synchronized hand movements.",3.8523,,
LbieW0jTtoA,LbieW0jTtoA,6,"The video shows a ""Handdance battle"" where individuals dressed as characters from the anime ""Naruto"" are performing hand dances.",3.8523,,
LbieW0jTtoA,LbieW0jTtoA,7,"The video shows a hand dance battle with three participants dressed as characters from the anime Naruto, Deadpool, and Kakashi, with the text ""Play for me"" at the top and ""Handdance battle"" at the bottom.",3.8523,,
LbieW0jTtoA,LbieW0jTtoA,8,"The video shows three individuals dressed as characters from the anime ""Naruto"" performing hand gestures in a choreographed sequence, likely part of a handdance battle.",3.8523,,
LbieW0jTtoA,LbieW0jTtoA,9,"The video shows a ""handdance battle"" featuring three characters: Naruto, Deadpool, and Kakashi, each performing hand gestures in a choreographed sequence.",3.8523,,
LbieW0jTtoA,LbieW0jTtoA,10,"The video depicts a hand dance battle featuring three individuals dressed as characters from ""Naruto,"" each mimicking hand gestures associated with their respective characters.",3.8523,,
LBYQbq-7Dvg,LBYQbq-7Dvg,1,"The woman is likely trying to help or assist the other woman with something, possibly related to the watch or another item on the table.",4.0896,,
LBYQbq-7Dvg,LBYQbq-7Dvg,2,"The woman puts a watch on the other woman's wrist as part of a playful or friendly interaction, possibly for fun or to show her a new watch.",4.0896,,
LBYQbq-7Dvg,LBYQbq-7Dvg,3,The woman is likely putting the watch on the other woman's wrist as part of a gift or as a gesture of friendship or appreciation.,4.0896,,
LBYQbq-7Dvg,LBYQbq-7Dvg,4,"The woman is likely putting a watch on the other woman's wrist as part of a gift or a friendly gesture, possibly during a casual interaction or a celebration.",4.0896,,
LBYQbq-7Dvg,LBYQbq-7Dvg,5,"The woman is likely putting a watch on the other woman's wrist as part of a gift or to help her time, possibly as part of a playful or casual interaction.",4.0896,,
LBYQbq-7Dvg,LBYQbq-7Dvg,6,"The woman is likely trying on the watch to see how it looks or fits on her wrist, possibly as part of a demonstration or as a gift.",4.0896,,
LBYQbq-7Dvg,LBYQbq-7Dvg,7,"The woman is likely trying to help the other woman with her watch, possibly as a gesture of care or to fix a problem with the watch.",4.0896,,
LBYQbq-7Dvg,LBYQbq-7Dvg,8,The woman in yellow is likely trying to fit a watch on the other woman's wrist as part of a friendly gesture or a game they are playing.,4.0896,,
LBYQbq-7Dvg,LBYQbq-7Dvg,9,The woman in the yellow shirt is likely putting on the watch as a gesture of kindness or to help the other woman.,4.0896,,
LBYQbq-7Dvg,LBYQbq-7Dvg,10,"The woman is likely trying to adjust or fix the watch on the other woman's wrist, possibly to ensure it fits properly or to help with the strap.",4.0896,,
Lc79Goppqec,Lc79Goppqec,1,"A person is shown being checked at an entrance, and then walking through a security checkpoint.",4.0676,,
Lc79Goppqec,Lc79Goppqec,2,The video shows a person being checked at a security checkpoint before entering a building. The person is seen walking through a red rope barrier and passing through a metal detector.,4.0676,,
Lc79Goppqec,Lc79Goppqec,3,"The video shows a person being checked at an entrance, possibly for a Chinese Academy of Performing Arts (???) audition, and they bow and thank the staff.",4.0676,,
Lc79Goppqec,Lc79Goppqec,4,"The video shows a person being checked at a red rope barrier, then walking past it, and finally being greeted by a police officer.",4.0676,,
Lc79Goppqec,Lc79Goppqec,5,"The video shows a person going through a security check at the Central Academy of Drama (CDA) entrance, followed by a series of frames highlighting the importance of etiquette.",4.0676,,
Lc79Goppqec,Lc79Goppqec,6,The video shows a person passing through a security checkpoint at the Central Academy of Drama's entrance.,4.0676,,
Lc79Goppqec,Lc79Goppqec,7,"A person is seen walking through a red rope barrier, likely for an audition, and is greeted by others as they walk away.",4.0676,,
Lc79Goppqec,Lc79Goppqec,8,The video shows a person being checked at an entrance and then walking away.,4.0676,,
Lc79Goppqec,Lc79Goppqec,9,"The video shows a person passing through a red security line, interacting with security personnel, and receiving a friendly gesture of gratitude as they proceed.",4.0676,,
Lc79Goppqec,Lc79Goppqec,10,The video shows a person being checked at a security checkpoint and then walking through a glass door.,4.0676,,
LDos_KU6084,LDos_KU6084,1,"Yes, the concealer the woman is applying is used to change and cover up her skin color, particularly under the eyes and other areas where imperfections may be more visible.",4.1183,,
LDos_KU6084,LDos_KU6084,2,"Yes, the woman is using concealer to change the color of her skin around her eyes.",4.1183,,
LDos_KU6084,LDos_KU6084,3,"Yes, the concealer the woman is applying can help to change the skin color by covering up dark circles and blemishes, making the skin appear more even and brighter.",4.1183,,
LDos_KU6084,LDos_KU6084,4,"Yes, the woman is using a concealer which is designed to change the skin color by covering blemishes and dark circles.",4.1183,,
LDos_KU6084,LDos_KU6084,5,"Yes, the concealer the woman is applying is designed to change the skin color by covering up dark circles and blemishes.",4.1183,,
LDos_KU6084,LDos_KU6084,6,"Yes, the concealer the woman is applying is designed to change the skin color by covering blemishes and dark circles.",4.1183,,
LDos_KU6084,LDos_KU6084,7,"Yes, the concealer the woman is applying can change the skin color by covering blemishes and dark circles.",4.1183,,
LDos_KU6084,LDos_KU6084,8,"Yes, the woman is applying concealer, which is a product used to cover up and even out skin tone.",4.1183,,
LDos_KU6084,LDos_KU6084,9,"Yes, the woman is applying concealer which can change the appearance of her skin color by covering blemishes and dark circles.",4.1183,,
LDos_KU6084,LDos_KU6084,10,"Yes, the product the woman is applying appears to be a concealer, which is typically used to cover blemishes and even out skin tone.",4.1183,,
LfdH03plmIw,LfdH03plmIw,1,The Russian police are shown in tactical gear and engaging in what appears to be a training exercise.,3.9973,,
LfdH03plmIw,LfdH03plmIw,2,The Russian police are shown in full tactical gear and walking through a residential area.,3.9973,,
LfdH03plmIw,LfdH03plmIw,3,"The Russian police are shown in a different style, possibly with a focus on their tactical gear and equipment, contrasting with the more traditional uniforms of the other countries.",3.9973,,
LfdH03plmIw,LfdH03plmIw,4,The Russian police are shown in riot gear as they walk through a residential area.,3.9973,,
LfdH03plmIw,LfdH03plmIw,5,"The Russian police are shown in a more tactical and combat-ready manner, emphasizing their preparedness and specialized equipment.",3.9973,,
LfdH03plmIw,LfdH03plmIw,6,"The Russian police are shown in tactical gear and masks, walking down a street.",3.9973,,
LfdH03plmIw,LfdH03plmIw,7,"The Russian police are shown in a more tactical and armed manner compared to the other countries, emphasizing their readiness for potential threats.",3.9973,,
LfdH03plmIw,LfdH03plmIw,8,"The Russian police are shown in riot gear, patrolling the streets in Russia.",3.9973,,
LfdH03plmIw,LfdH03plmIw,9,The Russian police are shown in a more aggressive and tactical manner compared to the other countries.,3.9973,,
LfdH03plmIw,LfdH03plmIw,10,"The Russian police are shown in an urban setting, with officers in tactical gear patrolling.",3.9973,,
Lg_fVCxXhgY,Lg_fVCxXhgY,1,The metal is heated and shaped into a vase.,3.7662,,
Lg_fVCxXhgY,Lg_fVCxXhgY,2,The metal is cut into a cylindrical shape by a laser.,3.7662,,
Lg_fVCxXhgY,Lg_fVCxXhgY,3,The metal is shaped into a cylindrical form as it spins.,3.7662,,
Lg_fVCxXhgY,Lg_fVCxXhgY,4,"The metal spins, creating a hollow, vase-like shape.",3.7662,,
Lg_fVCxXhgY,Lg_fVCxXhgY,5,The metal spins to form a vase.,3.7662,,
Lg_fVCxXhgY,Lg_fVCxXhgY,6,The metal is shaped into a vase.,3.7662,,
Lg_fVCxXhgY,Lg_fVCxXhgY,7,The metal is shaped into a vase as it spins.,3.7662,,
Lg_fVCxXhgY,Lg_fVCxXhgY,8,"The metal spins for a while and then the laser cuts a circular shape into it, creating a smooth edge.",3.7662,,
Lg_fVCxXhgY,Lg_fVCxXhgY,9,The metal takes the shape of a vase as it spins.,3.7662,,
Lg_fVCxXhgY,Lg_fVCxXhgY,10,The metal is transformed into a vase as it spins.,3.7662,,
LI9DacxH6Ao,LI9DacxH6Ao,1,The sled accelerates due to the gravitational pull as it descends the slide.,4.0696,,
LI9DacxH6Ao,LI9DacxH6Ao,2,The sled accelerates due to gravity as it descends the slide.,4.0696,,
LI9DacxH6Ao,LI9DacxH6Ao,3,The sled goes faster as it descends the slide due to gravity pulling it downhill.,4.0696,,
LI9DacxH6Ao,LI9DacxH6Ao,4,The sled's speed increases due to the gravitational pull as it descends the slide.,4.0696,,
LI9DacxH6Ao,LI9DacxH6Ao,5,The sled goes faster as it descends due to gravity pulling it down the slope.,4.0696,,
LI9DacxH6Ao,LI9DacxH6Ao,6,The sled gains speed due to gravity as it descends the slide.,4.0696,,
LI9DacxH6Ao,LI9DacxH6Ao,7,The sled gains speed due to the gravitational pull as it descends the slide.,4.0696,,
LI9DacxH6Ao,LI9DacxH6Ao,8,The sled accelerates due to gravity as it descends the slide.,4.0696,,
LI9DacxH6Ao,LI9DacxH6Ao,9,"The sled goes faster as it descends the slide due to the increasing gravitational pull and the smooth, frictionless surface of the slide.",4.0696,,
LI9DacxH6Ao,LI9DacxH6Ao,10,The sled gains speed due to the gravitational pull as it descends the slide.,4.0696,,
LjH-8x3DDqQ,LjH-8x3DDqQ,1,The man stands up and walks towards the back of the car.,3.6059,,
LjH-8x3DDqQ,LjH-8x3DDqQ,2,The man gets out of the car.,3.6059,,
LjH-8x3DDqQ,LjH-8x3DDqQ,3,The man walks away from the car.,3.6059,,
LjH-8x3DDqQ,LjH-8x3DDqQ,4,He gets out of the car and walks towards a group of people.,3.6059,,
LjH-8x3DDqQ,LjH-8x3DDqQ,5,The man walks towards a white car and opens the door.,3.6059,,
LjH-8x3DDqQ,LjH-8x3DDqQ,6,The man walks away from the car.,3.6059,,
LjH-8x3DDqQ,LjH-8x3DDqQ,7,"The man walks away from the car, holding a phone in his hand.",3.6059,,
LjH-8x3DDqQ,LjH-8x3DDqQ,8,He gets out of the car and walks away.,3.6059,,
LjH-8x3DDqQ,LjH-8x3DDqQ,9,The man gets into a white SUV.,3.6059,,
LjH-8x3DDqQ,LjH-8x3DDqQ,10,The man walks away from the car after shaking the other man's hand.,3.6059,,
LjKQRBfH6dw,LjKQRBfH6dw,1,"Putin proceeds to address a large group of people, engaging in a discussion that appears to be about a judo competition or event.",4.0135,,
LjKQRBfH6dw,LjKQRBfH6dw,2,"Putin celebrates his victory by walking off the mat with a smile, while the crowd cheers.",4.0135,,
LjKQRBfH6dw,LjKQRBfH6dw,3,Putin then participates in a group photo with other judo practitioners.,4.0135,,
LjKQRBfH6dw,LjKQRBfH6dw,4,Putin is seen shaking hands with a group of men in a gymnasium.,4.0135,,
LjKQRBfH6dw,LjKQRBfH6dw,5,"Putin addresses a group of people, including individuals from various countries, likely discussing international relations or other matters.",4.0135,,
LjKQRBfH6dw,LjKQRBfH6dw,6,"Putin participates in a judo demonstration, surrounded by a group of men in judo uniforms, and engages in various activities including judo moves, bowing, and shaking hands with his opponent.",4.0135,,
LjKQRBfH6dw,LjKQRBfH6dw,7,Putin joins a group of judo practitioners for a group picture.,4.0135,,
LjKQRBfH6dw,LjKQRBfH6dw,8,"Putin walks away with a smile, acknowledging the applause of the audience.",4.0135,,
LjKQRBfH6dw,LjKQRBfH6dw,9,"After some judo moves, bowing, and shaking hands with his opponent, Putin is shown standing with a group of people in white uniforms, suggesting a formal or ceremonial context.",4.0135,,
LjKQRBfH6dw,LjKQRBfH6dw,10,"Putin then proceeds to walk away, while the crowd cheers.",4.0135,,
LjLG1o7FDGM,LjLG1o7FDGM,1,"The person is likely making sounds as they eat to express enjoyment or to entertain the viewer, which is a common practice in social media content creation.",3.8596,,
LjLG1o7FDGM,LjLG1o7FDGM,2,The person might be making sounds as they eat to express enjoyment or to communicate the experience of tasting the food.,3.8596,,
LjLG1o7FDGM,LjLG1o7FDGM,3,"The person might be making sounds as they eat to enjoy the sensory experience and to share the experience with others, creating a fun and engaging atmosphere.",3.8596,,
LjLG1o7FDGM,LjLG1o7FDGM,4,The person is likely making sounds as they eat to enjoy the experience and share their sensory experience with the audience.,3.8596,,
LjLG1o7FDGM,LjLG1o7FDGM,5,"The person might be making sounds as they eat to express enjoyment, to engage with the camera, or simply to mimic the sounds of eating for entertainment.",3.8596,,
LjLG1o7FDGM,LjLG1o7FDGM,6,"The person might be making sounds as they eat to engage with the viewer, create a fun atmosphere, or simply enjoy the experience of eating.",3.8596,,
LjLG1o7FDGM,LjLG1o7FDGM,7,"The person might be making sounds as they eat to express enjoyment, share the experience with others, or simply be naturally expressive while eating.",3.8596,,
LjLG1o7FDGM,LjLG1o7FDGM,8,The person is likely making sounds as they eat to enhance the sensory experience and share their enjoyment of the food with the viewer.,3.8596,,
LjLG1o7FDGM,LjLG1o7FDGM,9,"The person might be making sounds as they eat to add a playful or expressive element to the experience, or it could be a result of the crunchy texture of the lollipop or the playful nature of the emoji stickers and text overlay.",3.8596,,
LjLG1o7FDGM,LjLG1o7FDGM,10,"The person is likely making sounds as they eat to add a playful or humorous element to the video, perhaps for entertainment or to engage the audience.",3.8596,,
LjSq8xGEuzw,LjSq8xGEuzw,1,A scope is mounted on the first weapon we see.,3.5692,,
LjSq8xGEuzw,LjSq8xGEuzw,2,A scope is mounted on the first weapon we see.,3.5692,,
LjSq8xGEuzw,LjSq8xGEuzw,3,A scope is mounted on the first weapon we see.,3.5692,,
LjSq8xGEuzw,LjSq8xGEuzw,4,The first weapon we see is equipped with a scope.,3.5692,,
LjSq8xGEuzw,LjSq8xGEuzw,5,A scope is mounted on the first weapon we see.,3.5692,,
LjSq8xGEuzw,LjSq8xGEuzw,6,The first weapon we see has a scope mounted on it.,3.5692,,
LjSq8xGEuzw,LjSq8xGEuzw,7,The first weapon we see has a scope mounted on it.,3.5692,,
LjSq8xGEuzw,LjSq8xGEuzw,8,The first weapon we see is equipped with a scope mounted on the top.,3.5692,,
LjSq8xGEuzw,LjSq8xGEuzw,9,A scope is mounted on the first weapon we see.,3.5692,,
LjSq8xGEuzw,LjSq8xGEuzw,10,The first weapon we see has a scope mounted on it.,3.5692,,
LJuzoIUr4d4,LJuzoIUr4d4,1,The man puts on a pair of blue sunglasses before putting on the cap.,30.8635,,
LJuzoIUr4d4,LJuzoIUr4d4,2,The man puts on a yellow cap after he puts on a yellow shirt and adjusts it.,30.8635,,
LJuzoIUr4d4,LJuzoIUr4d4,3,The man puts on a yellow cap after holding a yellow cloth in front of his face.,30.8635,,
LJuzoIUr4d4,LJuzoIUr4d4,4,The man puts on a yellow cap before putting on the sunglasses.,30.8635,,
LJuzoIUr4d4,LJuzoIUr4d4,5,The man puts on a yellow cap after adjusting his sunglasses.,30.8635,,
LJuzoIUr4d4,LJuzoIUr4d4,6,The man puts on a yellow swim cap before putting on the cap.,30.8635,,
LJuzoIUr4d4,LJuzoIUr4d4,7,The man applies a yellow substance to his head and then puts on a yellow cap.,30.8635,,
LJuzoIUr4d4,LJuzoIUr4d4,8,The man holds a yellow object above his head before putting on the cap.,30.8635,,
LJuzoIUr4d4,LJuzoIUr4d4,9,The man puts on a yellow cap before putting on the sunglasses.,30.8635,,
LJuzoIUr4d4,LJuzoIUr4d4,10,The man puts on a yellow cap and sunglasses before putting on the cap.,30.8635,,
LkdfiZcQ7lU,LkdfiZcQ7lU,1,"The pencil was likely removed to be used in a creative project, possibly drawing or coloring, given the context of the video showcasing art supplies and an artist's work.",4.1258,,
LkdfiZcQ7lU,LkdfiZcQ7lU,2,"The pencil was removed to create a drawing, as suggested by the video showing a person drawing a triangle with a pencil.",4.1258,,
LkdfiZcQ7lU,LkdfiZcQ7lU,3,"The pencil was likely removed to be used in an artistic project, such as coloring or sketching, as indicated by the other artistic elements in the video.",4.1258,,
LkdfiZcQ7lU,LkdfiZcQ7lU,4,"To select a specific color for the artwork, which in this case is a black and white drawing of a woman in a black bodysuit.",4.1258,,
LkdfiZcQ7lU,LkdfiZcQ7lU,5,"The pencil was removed to highlight the vibrant range of colors in the box, emphasizing the variety of hues available for an artist's use.",4.1258,,
LkdfiZcQ7lU,LkdfiZcQ7lU,6,"The pencil was removed to emphasize the vibrant range of colors available, likely to inspire creativity or highlight the artistic tools used.",4.1258,,
LkdfiZcQ7lU,LkdfiZcQ7lU,7,The pencil was likely removed to use it for a creative drawing or painting project.,4.1258,,
LkdfiZcQ7lU,LkdfiZcQ7lU,8,The pencil was removed to be used for drawing on a sketchbook featuring a mermaid illustration.,4.1258,,
LkdfiZcQ7lU,LkdfiZcQ7lU,9,The pencil was removed from the box to be used for coloring a detailed drawing of a woman with a vibrant and creative design.,4.1258,,
LkdfiZcQ7lU,LkdfiZcQ7lU,10,"The pencil was removed to prepare for a drawing, as the video shows the person drawing a picture with it.",4.1258,,
LKiaCf1QZFw,LKiaCf1QZFw,1,"The woman says ""my baby:"" at the end of the video.",4.0538,,
LKiaCf1QZFw,LKiaCf1QZFw,2,"The woman says ""my baby:"" at the end of the video, which is likely a playful or humorous statement about her baby's activity or reaction.",4.0538,,
LKiaCf1QZFw,LKiaCf1QZFw,3,"The woman says ""my baby:"" at the end of the video.",4.0538,,
LKiaCf1QZFw,LKiaCf1QZFw,4,"The woman says ""my baby:"" indicating a playful or humorous tone about her anticipation of feeling her baby kick.",4.0538,,
LKiaCf1QZFw,LKiaCf1QZFw,5,"The woman in the video does not speak; she is shown lying down with a caption that reads ""my baby:"" suggesting a humorous or affectionate context about the baby's reaction.",4.0538,,
LKiaCf1QZFw,LKiaCf1QZFw,6,"The woman says ""my baby:"" indicating a playful or excited tone about her baby's actions.",4.0538,,
LKiaCf1QZFw,LKiaCf1QZFw,7,"The woman in the video says ""my baby:"" at the end, indicating that the baby is not kicking as expected.",4.0538,,
LKiaCf1QZFw,LKiaCf1QZFw,8,"The woman says ""my baby:"" at the end of the video, indicating that she is speaking to her unborn child.",4.0538,,
LKiaCf1QZFw,LKiaCf1QZFw,9,"The woman in the video says ""my baby:"" at the end, indicating a playful or affectionate tone.",4.0538,,
LKiaCf1QZFw,LKiaCf1QZFw,10,"The woman says ""my baby:"" at the end of the video.",4.0538,,
LNb5uNQXkwg,LNb5uNQXkwg,1,"After the keyboard is turned on, the hand begins to type on it, causing the keys to light up.",3.9917,,
LNb5uNQXkwg,LNb5uNQXkwg,2,"The keyboard lights up with a blue glow, and the person interacts with it by pressing the keys.",3.9917,,
LNb5uNQXkwg,LNb5uNQXkwg,3,"The keyboard lights up, indicating it has been successfully turned on.",3.9917,,
LNb5uNQXkwg,LNb5uNQXkwg,4,"The keyboard lights up, revealing the illuminated keys, and a hand begins to type on it.",3.9917,,
LNb5uNQXkwg,LNb5uNQXkwg,5,"After the keyboard is turned on, a hand begins to press the keys, causing the light to flash and a small screen on the keyboard to display a colorful interface.",3.9917,,
LNb5uNQXkwg,LNb5uNQXkwg,6,"After the keyboard is turned on, the keys light up with a soft blue glow, creating a visually appealing effect.",3.9917,,
LNb5uNQXkwg,LNb5uNQXkwg,7,"The hand interacts with the illuminated keys of the keyboard, demonstrating its functionality.",3.9917,,
LNb5uNQXkwg,LNb5uNQXkwg,8,"After the keyboard is turned on, the keys light up in a bright blue color.",3.9917,,
LNb5uNQXkwg,LNb5uNQXkwg,9,The keyboard lights up with a blue glow after it is turned on.,3.9917,,
LNb5uNQXkwg,LNb5uNQXkwg,10,"After the keyboard is turned on, it emits a bright blue light, illuminating the keys and the surrounding area.",3.9917,,
LOB9f-SQJn0,LOB9f-SQJn0,1,The sandals appear much cleaner and more refreshed after the cleaning procedure.,4.159,,
LOB9f-SQJn0,LOB9f-SQJn0,2,The sandals look much cleaner and more vibrant in the after picture compared to the before picture.,4.159,,
LOB9f-SQJn0,LOB9f-SQJn0,3,The sandals appear significantly cleaner and more vibrant in the after picture compared to the before picture.,4.159,,
LOB9f-SQJn0,LOB9f-SQJn0,4,The sandals appear much cleaner in the after picture compared to the before picture.,4.159,,
LOB9f-SQJn0,LOB9f-SQJn0,5,"The sandals appear much cleaner and brighter after the cleaning procedure, as shown in the ""After"" picture compared to the ""Before"" picture.",4.159,,
LOB9f-SQJn0,LOB9f-SQJn0,6,The sandals appear much cleaner and brighter in the after picture compared to the before picture.,4.159,,
LOB9f-SQJn0,LOB9f-SQJn0,7,"The sandals look much cleaner and more vibrant in the ""After"" picture compared to the ""Before"" picture.",4.159,,
LOB9f-SQJn0,LOB9f-SQJn0,8,The sandals appear much cleaner and more polished in the after picture compared to the before picture.,4.159,,
LOB9f-SQJn0,LOB9f-SQJn0,9,The sandals appear much cleaner in the after picture compared to the before picture.,4.159,,
LOB9f-SQJn0,LOB9f-SQJn0,10,The sandals appear much cleaner in the after picture compared to the before picture.,4.159,,
Loyn1vxCI6E,Loyn1vxCI6E,1,Two,3.4773,,
Loyn1vxCI6E,Loyn1vxCI6E,2,The girl gives the man two bottles of water.,3.4773,,
Loyn1vxCI6E,Loyn1vxCI6E,3,2,3.4773,,
Loyn1vxCI6E,Loyn1vxCI6E,4,2,3.4773,,
Loyn1vxCI6E,Loyn1vxCI6E,5,The girl gives the man two bottles of water.,3.4773,,
Loyn1vxCI6E,Loyn1vxCI6E,6,The girl gives the man two bottles of water.,3.4773,,
Loyn1vxCI6E,Loyn1vxCI6E,7,The girl gives the man two bottles of water.,3.4773,,
Loyn1vxCI6E,Loyn1vxCI6E,8,The girl gives the man two bottles of water.,3.4773,,
Loyn1vxCI6E,Loyn1vxCI6E,9,The girl gives the man two bottles of water.,3.4773,,
Loyn1vxCI6E,Loyn1vxCI6E,10,The girl gives the man two bottles of water.,3.4773,,
LQ8zkNuUREU,LQ8zkNuUREU,1,Embroidery,4.0484,,
LQ8zkNuUREU,LQ8zkNuUREU,2,The video shows the process of creating a flower design on fabric using embroidery techniques with a needle and thread.,4.0484,,
LQ8zkNuUREU,LQ8zkNuUREU,3,Embroidering a flower.,4.0484,,
LQ8zkNuUREU,LQ8zkNuUREU,4,A person is stitching a flower onto fabric using a needle and thread.,4.0484,,
LQ8zkNuUREU,LQ8zkNuUREU,5,The video shows a person embroidering a flower on fabric using a needle and thread.,4.0484,,
LQ8zkNuUREU,LQ8zkNuUREU,6,The video is demonstrating the process of creating a flower design on fabric using embroidery techniques.,4.0484,,
LQ8zkNuUREU,LQ8zkNuUREU,7,The video shows the process of creating a floral design on fabric using needle and thread.,4.0484,,
LQ8zkNuUREU,LQ8zkNuUREU,8,Embroidery.,4.0484,,
LQ8zkNuUREU,LQ8zkNuUREU,9,The video shows someone stitching a flower design onto fabric using a needle and thread.,4.0484,,
LQ8zkNuUREU,LQ8zkNuUREU,10,"The video shows the process of creating an embroidery design on fabric, specifically a flower with a needle and thread.",4.0484,,
LRaDnSW9n6U,LRaDnSW9n6U,1,"The video compares the prices of various power tools and construction materials in two different regions, Russia and Poland.",4.1966,,
LRaDnSW9n6U,LRaDnSW9n6U,2,The video compares prices of various power tools and construction materials between Russia and Poland.,4.1966,,
LRaDnSW9n6U,LRaDnSW9n6U,3,The video compares the prices of various tools and construction materials in Russia and Poland.,4.1966,,
LRaDnSW9n6U,LRaDnSW9n6U,4,"The video compares the prices of various DeWalt power tools and other products in two different regions, Russia (??) and Poland (??).",4.1966,,
LRaDnSW9n6U,LRaDnSW9n6U,5,The video compares prices of various DeWalt and Bosch power tools and other items in Russia (??) and Poland (??).,4.1966,,
LRaDnSW9n6U,LRaDnSW9n6U,6,"The video compares prices of various power tools, specifically DeWalt and Bosch products, in Russia and Poland.",4.1966,,
LRaDnSW9n6U,LRaDnSW9n6U,7,"The video compares the prices of various DeWalt and Bosch power tools, as well as other hardware products, in Russia and Poland.",4.1966,,
LRaDnSW9n6U,LRaDnSW9n6U,8,The video compares prices of various tools and hardware items between Russia (??) and Poland (??).,4.1966,,
LRaDnSW9n6U,LRaDnSW9n6U,9,The video compares prices of various power tools and equipment in Russia and Poland.,4.1966,,
LRaDnSW9n6U,LRaDnSW9n6U,10,The video compares the prices of various power tools and construction materials from Russia and Poland.,4.1966,,
LSz_xBDBPNc,LSz_xBDBPNc,1,The man instructed his assistant to pour water on the glowing calcium to observe the reaction.,3.9949,,
LSz_xBDBPNc,LSz_xBDBPNc,2,The man instructed his assistant to pour water on the glowing calcium to observe the reaction.,3.9949,,
LSz_xBDBPNc,LSz_xBDBPNc,3,The man instructed his assistant to pour water on the glowing calcium.,3.9949,,
LSz_xBDBPNc,LSz_xBDBPNc,4,The man instructed his assistant to add water to the glowing piece of calcium.,3.9949,,
LSz_xBDBPNc,LSz_xBDBPNc,5,The man instructed his assistant to pour water on the glowing piece of calcium.,3.9949,,
LSz_xBDBPNc,LSz_xBDBPNc,6,"The man instructed his assistant to pour water on the glowing calcium, leading to a bright explosion of light and smoke.",3.9949,,
LSz_xBDBPNc,LSz_xBDBPNc,7,The man instructed his assistant to pour water on the glowing calcium.,3.9949,,
LSz_xBDBPNc,LSz_xBDBPNc,8,The man instructed his assistant to quickly put it in water to prevent the calcium from burning.,3.9949,,
LSz_xBDBPNc,LSz_xBDBPNc,9,"The man instructed his assistant to take the glowing calcium and throw it into the water, resulting in a burst of light and a loud explosion.",3.9949,,
LSz_xBDBPNc,LSz_xBDBPNc,10,The man instructed his assistant to place the glowing calcium in a container of water.,3.9949,,
LT1xMLzH21o,LT1xMLzH21o,1,"The characters are holding plastic spiders and a severed hand, which have no taste.",3.6207,,
LT1xMLzH21o,LT1xMLzH21o,2,The video does not provide any information about the taste of the objects the characters are holding.,3.6207,,
LT1xMLzH21o,LT1xMLzH21o,3,The items the characters are holding do not have a taste as they are not edible.,3.6207,,
LT1xMLzH21o,LT1xMLzH21o,4,"The things the characters are holding taste like they are made of plastic or rubber, not edible materials.",3.6207,,
LT1xMLzH21o,LT1xMLzH21o,5,"The characters are holding spiders and a pig's foot, so it's likely they taste like insects and meat, respectively.",3.6207,,
LT1xMLzH21o,LT1xMLzH21o,6,The description does not provide information about the taste of the items being held by the characters.,3.6207,,
LT1xMLzH21o,LT1xMLzH21o,7,The video does not provide any information about the taste of the items the characters are holding.,3.6207,,
LT1xMLzH21o,LT1xMLzH21o,8,"The characters are holding toy spiders, not food, so they do not have a taste.",3.6207,,
LT1xMLzH21o,LT1xMLzH21o,9,"The characters are holding realistic-looking food items, but the taste is not specified in the image.",3.6207,,
LT1xMLzH21o,LT1xMLzH21o,10,"The characters are holding items that are not food, so they do not have a taste.",3.6207,,
Ltv4vx1UOl4,Ltv4vx1UOl4,1,The little boy begins to smile and makes playful gestures towards the camera.,4.216,,
Ltv4vx1UOl4,Ltv4vx1UOl4,2,"After realizing he is being recorded, the little boy becomes more playful and starts to kiss and hug the woman affectionately.",4.216,,
Ltv4vx1UOl4,Ltv4vx1UOl4,3,The little boy turns away and then leans back into the woman's shoulder.,4.216,,
Ltv4vx1UOl4,Ltv4vx1UOl4,4,"After the little boy realizes he is being recorded, he turns to face the camera and begins to smile and interact with the person holding the camera.",4.216,,
Ltv4vx1UOl4,Ltv4vx1UOl4,5,"After the little boy realizes he is being recorded, he stops moving and looks at the camera.",4.216,,
Ltv4vx1UOl4,Ltv4vx1UOl4,6,"The little boy turns his head away, presumably to avoid the camera.",4.216,,
Ltv4vx1UOl4,Ltv4vx1UOl4,7,"After the little boy realizes he is being recorded, he playfully interacts with the person recording, displaying curiosity and energy.",4.216,,
Ltv4vx1UOl4,Ltv4vx1UOl4,8,"After the little boy realizes he is being recorded, he moves closer to the camera, seemingly curious or playful.",4.216,,
Ltv4vx1UOl4,Ltv4vx1UOl4,9,"After the little boy realizes he is being recorded, he playfully leans in closer to the woman, appearing to kiss her cheek, and then turns his head away as if to avoid further interaction with the camera.",4.216,,
Ltv4vx1UOl4,Ltv4vx1UOl4,10,"The little boy starts to move away from the woman, as if realizing they are being recorded.",4.216,,
Lua4I9I8nfc,Lua4I9I8nfc,1,The real truck is going over two bumps.,3.428,,
Lua4I9I8nfc,Lua4I9I8nfc,2,The real truck is going over two bumps in the video.,3.428,,
Lua4I9I8nfc,Lua4I9I8nfc,3,The real truck is going over two bumps in the video.,3.428,,
Lua4I9I8nfc,Lua4I9I8nfc,4,The real truck is going over two bumps.,3.428,,
Lua4I9I8nfc,Lua4I9I8nfc,5,The real truck is going over two bumps.,3.428,,
Lua4I9I8nfc,Lua4I9I8nfc,6,The real truck is going over one bump.,3.428,,
Lua4I9I8nfc,Lua4I9I8nfc,7,The real truck is going over two bumps.,3.428,,
Lua4I9I8nfc,Lua4I9I8nfc,8,The real truck in the video is going over two bumps.,3.428,,
Lua4I9I8nfc,Lua4I9I8nfc,9,The real truck is going over two bumps.,3.428,,
Lua4I9I8nfc,Lua4I9I8nfc,10,The real truck is going over two bumps.,3.428,,
LusRurRrmf0,LusRurRrmf0,1,1,3.7389,,
LusRurRrmf0,LusRurRrmf0,2,1,3.7389,,
LusRurRrmf0,LusRurRrmf0,3,1,3.7389,,
LusRurRrmf0,LusRurRrmf0,4,1,3.7389,,
LusRurRrmf0,LusRurRrmf0,5,1,3.7389,,
LusRurRrmf0,LusRurRrmf0,6,1,3.7389,,
LusRurRrmf0,LusRurRrmf0,7,1,3.7389,,
LusRurRrmf0,LusRurRrmf0,8,1,3.7389,,
LusRurRrmf0,LusRurRrmf0,9,1,3.7389,,
LusRurRrmf0,LusRurRrmf0,10,1,3.7389,,
LUZHLX2pBdk,LUZHLX2pBdk,1,The man is wearing shorts.,3.3475,,
LUZHLX2pBdk,LUZHLX2pBdk,2,The man is wearing camouflage-patterned shorts.,3.3475,,
LUZHLX2pBdk,LUZHLX2pBdk,3,The man is wearing shorts.,3.3475,,
LUZHLX2pBdk,LUZHLX2pBdk,4,The man is wearing shorts.,3.3475,,
LUZHLX2pBdk,LUZHLX2pBdk,5,The man is wearing shorts.,3.3475,,
LUZHLX2pBdk,LUZHLX2pBdk,6,The man is wearing shorts.,3.3475,,
LUZHLX2pBdk,LUZHLX2pBdk,7,The man is wearing cargo shorts.,3.3475,,
LUZHLX2pBdk,LUZHLX2pBdk,8,The man is wearing shorts.,3.3475,,
LUZHLX2pBdk,LUZHLX2pBdk,9,The man is wearing shorts.,3.3475,,
LUZHLX2pBdk,LUZHLX2pBdk,10,The man is wearing shorts.,3.3475,,
LW3GIJ5BLHc,LW3GIJ5BLHc,1,Now we don't have enough money to get to Aspen.,7.3301,,
LW3GIJ5BLHc,LW3GIJ5BLHc,2,Now we don't have enough money to get to Aspen.,7.3301,,
LW3GIJ5BLHc,LW3GIJ5BLHc,3,Now we don't have enough money to get to Aspen.,7.3301,,
LW3GIJ5BLHc,LW3GIJ5BLHc,4,Now we don't have enough money to get to Aspen,7.3301,,
LW3GIJ5BLHc,LW3GIJ5BLHc,5,We don't have enough money to get to Aspen.,7.3301,,
LW3GIJ5BLHc,LW3GIJ5BLHc,6,Now we don't have enough money to get to Aspen,7.3301,,
LW3GIJ5BLHc,LW3GIJ5BLHc,7,Now we don't have enough money to get to aspen.,7.3301,,
LW3GIJ5BLHc,LW3GIJ5BLHc,8,Now we don't have enough money to get to Aspen.,7.3301,,
LW3GIJ5BLHc,LW3GIJ5BLHc,9,We don't have enough money to get to Aspen.,7.3301,,
LW3GIJ5BLHc,LW3GIJ5BLHc,10,We don't have enough money to get to Aspen.,7.3301,,
LxZuar32o1o,LxZuar32o1o,1,The boy skillfully spins two hula-hoops around his waist while keeping them in motion.,3.5875,,
LxZuar32o1o,LxZuar32o1o,2,"The boy starts spinning the hula-hoops around his waist, demonstrating his skill and coordination.",3.5875,,
LxZuar32o1o,LxZuar32o1o,3,"The boy starts to spin the hula-hoops around his waist, demonstrating his skill and coordination.",3.5875,,
LxZuar32o1o,LxZuar32o1o,4,"The boy continues to spin the hula-hoops around his waist, showcasing his skill and balance.",3.5875,,
LxZuar32o1o,LxZuar32o1o,5,He continues to spin the hula-hoops around his waist.,3.5875,,
LxZuar32o1o,LxZuar32o1o,6,"He continues to spin the hula-hoops around his waist and arms, displaying his skill and coordination.",3.5875,,
LxZuar32o1o,LxZuar32o1o,7,"The boy starts to spin the hula-hoops around his waist, demonstrating his skill and coordination.",3.5875,,
LxZuar32o1o,LxZuar32o1o,8,"The boy begins to spin the hula-hoops around his waist, demonstrating his skill and coordination.",3.5875,,
LxZuar32o1o,LxZuar32o1o,9,"The boy continues to move, keeping the hula-hoops spinning around his waist.",3.5875,,
LxZuar32o1o,LxZuar32o1o,10,"The boy continues to dance, maintaining the hula-hoops around his waist, and smiles.",3.5875,,
LziNpkXGoDE,LziNpkXGoDE,1,"The man is kneeling in front of another man writing on his shirt as a form of appreciation or recognition, possibly after a match or event.",3.6192,,
LziNpkXGoDE,LziNpkXGoDE,2,"The man kneeling is signing the shirts of the other man, who is likely a fan or supporter, as a gesture of appreciation or celebration.",3.6192,,
LziNpkXGoDE,LziNpkXGoDE,3,"The man kneeling is signing the shirts of the other man, likely as a gesture of appreciation or as part of a celebration.",3.6192,,
LziNpkXGoDE,LziNpkXGoDE,4,The man kneeling is signing the other man's shirt as a gesture of appreciation or celebration.,3.6192,,
LziNpkXGoDE,LziNpkXGoDE,5,The man kneeling is signing an autograph on the shirt of the other man as a gesture of appreciation and camaraderie.,3.6192,,
LziNpkXGoDE,LziNpkXGoDE,6,"The man kneeling is signing the shirts of the other man, likely as a gesture of appreciation or as part of a promotional activity.",3.6192,,
LziNpkXGoDE,LziNpkXGoDE,7,"The man kneeling is signing the shirt of the other man, likely as a gesture of gratitude or appreciation.",3.6192,,
LziNpkXGoDE,LziNpkXGoDE,8,"The man is signing the other man's shirt, likely as a gesture of gratitude or celebration.",3.6192,,
LziNpkXGoDE,LziNpkXGoDE,9,"The man is kneeling and writing on the other man's shirts to personalize them, likely as a gesture of team spirit or celebration.",3.6192,,
LziNpkXGoDE,LziNpkXGoDE,10,The man is likely signing the shirts for a fan or supporter as part of a team event or promotion.,3.6192,,
L_QWBOPgucA,L_QWBOPgucA,1,"The man separates the two pieces of black stuff to reveal and inspect the glowing blue material inside, possibly to assess its quality or to prepare it for further use or examination.",3.8411,,
L_QWBOPgucA,L_QWBOPgucA,2,"The man separates the two pieces of black stuff to reveal a glowing blue interior, suggesting that he is examining or showcasing a mineral or gemstone with a luminescent quality.",3.8411,,
L_QWBOPgucA,L_QWBOPgucA,3,"The man separates the two pieces of black stuff to reveal a glowing blue substance inside, which is illuminated by a flashlight.",3.8411,,
L_QWBOPgucA,L_QWBOPgucA,4,To reveal the blue stone inside and inspect it more closely.,3.8411,,
L_QWBOPgucA,L_QWBOPgucA,5,"The man separates the two pieces of black stuff to reveal the glowing blue substance inside, which appears to be the desired object of interest.",3.8411,,
L_QWBOPgucA,L_QWBOPgucA,6,"The man separates the two pieces of black stuff to reveal a bright blue substance inside, which is highlighted by shining a light on it.",3.8411,,
L_QWBOPgucA,L_QWBOPgucA,7,"The man separates the two pieces of black stuff to reveal the shiny blue mineral inside, which he then illuminates with a flashlight to highlight its reflective qualities.",3.8411,,
L_QWBOPgucA,L_QWBOPgucA,8,The man separates the two pieces of black stuff to reveal and inspect the blue crystal inside.,3.8411,,
L_QWBOPgucA,L_QWBOPgucA,9,"The man separates the two pieces of black stuff to reveal the blue material inside, likely to show its unique properties or to continue the process of examination or preparation.",3.8411,,
L_QWBOPgucA,L_QWBOPgucA,10,"The man separates the two pieces of black stuff to reveal the blue crystal inside, which he inspects closely with a flashlight to highlight its features.",3.8411,,
M39nNQb1Nj0,M39nNQb1Nj0,1,"The dog learns to walk, play, and interact with its surroundings and people.",3.6884,,
M39nNQb1Nj0,M39nNQb1Nj0,2,"In its first year, a dog learns basic obedience commands, socialization skills, and develops its physical strength and coordination.",3.6884,,
M39nNQb1Nj0,M39nNQb1Nj0,3,"In its first year, the dog learns basic commands, socialization with other dogs and humans, and developing a strong bond with its owner.",3.6884,,
M39nNQb1Nj0,M39nNQb1Nj0,4,"The dog learns to walk, interact with humans, and adapt to its environment.",3.6884,,
M39nNQb1Nj0,M39nNQb1Nj0,5,"In its first year, the dog learns to walk, play, and interact with its environment and people around it.",3.6884,,
M39nNQb1Nj0,M39nNQb1Nj0,6,The dog learns basic commands and socialization with humans and other dogs in its first year.,3.6884,,
M39nNQb1Nj0,M39nNQb1Nj0,7,"In its first year, the dog learns to walk, play, and socialize with humans and other animals.",3.6884,,
M39nNQb1Nj0,M39nNQb1Nj0,8,"In its first year, the dog learns to navigate its environment, develop social behaviors, and grow physically and mentally.",3.6884,,
M39nNQb1Nj0,M39nNQb1Nj0,9,"In its first year, the dog learns to walk, play, and socialize with other dogs and people.",3.6884,,
M39nNQb1Nj0,M39nNQb1Nj0,10,"The dog learns to interact with its environment, including responding to commands and adapting to different situations.",3.6884,,
M57Mawo4W-Y,M57Mawo4W-Y,1,Two towels are used to help people get taller.,3.58,,
M57Mawo4W-Y,M57Mawo4W-Y,2,2 towels.,3.58,,
M57Mawo4W-Y,M57Mawo4W-Y,3,Two towels are used to help people get taller.,3.58,,
M57Mawo4W-Y,M57Mawo4W-Y,4,Two towels are used to help people get taller.,3.58,,
M57Mawo4W-Y,M57Mawo4W-Y,5,2 towels.,3.58,,
M57Mawo4W-Y,M57Mawo4W-Y,6,Two towels are used.,3.58,,
M57Mawo4W-Y,M57Mawo4W-Y,7,2 towels are used to help people get taller.,3.58,,
M57Mawo4W-Y,M57Mawo4W-Y,8,2 towels are used to help people get taller.,3.58,,
M57Mawo4W-Y,M57Mawo4W-Y,9,2 towels are used to help people get taller.,3.58,,
M57Mawo4W-Y,M57Mawo4W-Y,10,Two towels are used.,3.58,,
M5X27rRGGHU,M5X27rRGGHU,1,The video does not show any instrument being played; it focuses on students in a classroom setting.,3.9645,,
M5X27rRGGHU,M5X27rRGGHU,2,The video does not show any instrument being played.,3.9645,,
M5X27rRGGHU,M5X27rRGGHU,3,The video does not show any instrument being played.,3.9645,,
M5X27rRGGHU,M5X27rRGGHU,4,The video does not show any instrument being played.,3.9645,,
M5X27rRGGHU,M5X27rRGGHU,5,The video does not show any instrument being played.,3.9645,,
M5X27rRGGHU,M5X27rRGGHU,6,The video does not show any instrument being played; it features a classroom scene with students studying.,3.9645,,
M5X27rRGGHU,M5X27rRGGHU,7,No instrument is being played during this video.,3.9645,,
M5X27rRGGHU,M5X27rRGGHU,8,The video does not show any instrument being played.,3.9645,,
M5X27rRGGHU,M5X27rRGGHU,9,No instrument is being played during this video; it appears to be a classroom scene with students writing.,3.9645,,
M5X27rRGGHU,M5X27rRGGHU,10,The video does not show any instrument being played.,3.9645,,
M6cWJmBBhnI,M6cWJmBBhnI,1,The man is using a spinner to control the steering of the combine while driving through a crop field.,3.7473,,
M6cWJmBBhnI,M6cWJmBBhnI,2,The man is smiling while driving a combine in a crop field using a spinner.,3.7473,,
M6cWJmBBhnI,M6cWJmBBhnI,3,"The man is skillfully maneuvering a combine in a crop field, using a spinner to control the machine's direction.",3.7473,,
M6cWJmBBhnI,M6cWJmBBhnI,4,The man is driving a combine through a crop field while using a spinner to control the machine.,3.7473,,
M6cWJmBBhnI,M6cWJmBBhnI,5,"The man is driving a combine in a crop field and using a spinner to control the machine, ensuring precise operation.",3.7473,,
M6cWJmBBhnI,M6cWJmBBhnI,6,"The man is skillfully steering the combine using a spinner while driving through a crop field, likely harvesting or tending to the crops.",3.7473,,
M6cWJmBBhnI,M6cWJmBBhnI,7,The man is skillfully operating a combine while driving through a crop field using a spinner to manage the machine's steering.,3.7473,,
M6cWJmBBhnI,M6cWJmBBhnI,8,The man is operating the steering wheel and spinner controls of a combine while driving through a crop field.,3.7473,,
M6cWJmBBhnI,M6cWJmBBhnI,9,The man is operating a combine in a crop field while steering the machine with a spinner.,3.7473,,
M6cWJmBBhnI,M6cWJmBBhnI,10,The man is holding the steering wheel of the combine with his right hand while operating the spinner with his left hand.,3.7473,,
M76Yl8Oor8Y,M76Yl8Oor8Y,1,There are no men hugging in the video.,3.983,,
M76Yl8Oor8Y,M76Yl8Oor8Y,2,There are two men hugging in the video.,3.983,,
M76Yl8Oor8Y,M76Yl8Oor8Y,3,There are two men hugging in the video.,3.983,,
M76Yl8Oor8Y,M76Yl8Oor8Y,4,There are two men hugging in the video.,3.983,,
M76Yl8Oor8Y,M76Yl8Oor8Y,5,There are two men hugging in the video.,3.983,,
M76Yl8Oor8Y,M76Yl8Oor8Y,6,"There are no men hugging in the video. The video shows a person in a hot air balloon, a hand pointing at a brick wall, and a person holding a balloon with a globe in the background.",3.983,,
M76Yl8Oor8Y,M76Yl8Oor8Y,7,Two men are hugging in the video.,3.983,,
M76Yl8Oor8Y,M76Yl8Oor8Y,8,There are two men hugging in the video.,3.983,,
M76Yl8Oor8Y,M76Yl8Oor8Y,9,There are two men hugging in the video.,3.983,,
M76Yl8Oor8Y,M76Yl8Oor8Y,10,There are two men hugging in the video.,3.983,,
MA173ZVzSXc,MA173ZVzSXc,1,The image does not provide a clear count of the number of pairs of sneakers on the shelves.,4.0259,,
MA173ZVzSXc,MA173ZVzSXc,2,"The exact number of pairs of sneakers is not specified, but it is enough to store multiple pairs.",4.0259,,
MA173ZVzSXc,MA173ZVzSXc,3,There are 5 pairs of sneakers stored in the shelves behind the narrator.,4.0259,,
MA173ZVzSXc,MA173ZVzSXc,4,10 pairs of sneakers.,4.0259,,
MA173ZVzSXc,MA173ZVzSXc,5,12 pairs of sneakers can be stored in the shelves behind the narrator.,4.0259,,
MA173ZVzSXc,MA173ZVzSXc,6,The shelves behind the narrator can store multiple pairs of sneakers.,4.0259,,
MA173ZVzSXc,MA173ZVzSXc,7,The exact number of pairs of sneakers is not specified in the image.,4.0259,,
MA173ZVzSXc,MA173ZVzSXc,8,12,4.0259,,
MA173ZVzSXc,MA173ZVzSXc,9,The image does not provide specific information about the number of pairs of sneakers that can be stored in the shelves behind the narrator.,4.0259,,
MA173ZVzSXc,MA173ZVzSXc,10,The shelves behind the narrator can store 8 pairs of sneakers.,4.0259,,
MCWKUjMdpF4,MCWKUjMdpF4,1,"One of the labels given to the young man in the video is ""??????????:"" (Stands up:).",4.1482,,
MCWKUjMdpF4,MCWKUjMdpF4,2,"One of the labels given to the young man in the video is ""?????:"" (Crybaby:).",4.1482,,
MCWKUjMdpF4,MCWKUjMdpF4,3,"One of the labels given to this young man in the video is ""?????"" (Crybaby).",4.1482,,
MCWKUjMdpF4,MCWKUjMdpF4,4,"One of the labels given to the young man in the video is ""??????????"" (Narvayetsya).",4.1482,,
MCWKUjMdpF4,MCWKUjMdpF4,5,"One of the labels given to the young man in the video is ""?????"" (whiner).",4.1482,,
MCWKUjMdpF4,MCWKUjMdpF4,6,"One of the labels given to the young man in the video is ""?????"" (Crybaby).",4.1482,,
MCWKUjMdpF4,MCWKUjMdpF4,7,"One of the labels given to the young man in the video is ""?????"" (whiner).",4.1482,,
MCWKUjMdpF4,MCWKUjMdpF4,8,"One of the labels given to the young man in the video is ""?????"" (Crybaby).",4.1482,,
MCWKUjMdpF4,MCWKUjMdpF4,9,"One of the labels given to this young man in the video is ""?????:"" which means ""Crybaby:"" in English.",4.1482,,
MCWKUjMdpF4,MCWKUjMdpF4,10,"One of the labels given to the young man in the video is ""??????????"" (Bold).",4.1482,,
MdCT-ky8_FM,MdCT-ky8_FM,1,"The video is about tips for improving endurance running performance during a physical test, including maintaining a consistent pace, not focusing on breathing, running with good posture, and doing warm-up exercises.",4.3505,,
MdCT-ky8_FM,MdCT-ky8_FM,2,"The video is mainly about tips for improving endurance running performance, including maintaining a steady pace, not focusing on breathing, running with good posture, and warming up before running.",4.3505,,
MdCT-ky8_FM,MdCT-ky8_FM,3,"The video is about tips for improving endurance running performance and includes advice on maintaining a consistent pace, not focusing on breathing, running with good posture, and warming up before the run.",4.3505,,
MdCT-ky8_FM,MdCT-ky8_FM,4,"The video is mainly about tips for improving endurance running performance, including maintaining a consistent pace, being mindful of breathing, running in a good posture, and performing a warm-up.",4.3505,,
MdCT-ky8_FM,MdCT-ky8_FM,5,"The video is about tips for improving endurance running performance before a physical fitness test, including maintaining a consistent pace, not focusing on breathing, running with good posture, and warming up properly.",4.3505,,
MdCT-ky8_FM,MdCT-ky8_FM,6,"The video is mainly about tips for improving endurance running performance, including maintaining a consistent pace, not focusing on breathing, maintaining good posture, and doing warm-up exercises.",4.3505,,
MdCT-ky8_FM,MdCT-ky8_FM,7,"The video is about tips for improving endurance and performance in a running test, including maintaining a consistent pace, focusing on breathing, maintaining good posture, and doing warm-up exercises.",4.3505,,
MdCT-ky8_FM,MdCT-ky8_FM,8,"The video is about tips for improving endurance running performance and includes advice on maintaining a consistent pace, breathing naturally, running with good posture, and doing warm-up exercises.",4.3505,,
MdCT-ky8_FM,MdCT-ky8_FM,9,"The video is a guide on how to improve endurance running performance, covering tips such as running at a consistent pace, breathing naturally, maintaining good posture, and warming up properly.",4.3505,,
MdCT-ky8_FM,MdCT-ky8_FM,10,The video is mainly about tips and techniques for improving performance in long-distance running during a fitness test.,4.3505,,
MdMKHhFFqJQ,MdMKHhFFqJQ,1,No instrument is heard during this video.,3.6026,,
MdMKHhFFqJQ,MdMKHhFFqJQ,2,"The video does not contain any audio, so no instrument can be heard.",3.6026,,
MdMKHhFFqJQ,MdMKHhFFqJQ,3,The video does not contain any instrument sounds.,3.6026,,
MdMKHhFFqJQ,MdMKHhFFqJQ,4,No instrument is heard in this video.,3.6026,,
MdMKHhFFqJQ,MdMKHhFFqJQ,5,No instrument is heard in the video; it features animated characters.,3.6026,,
MdMKHhFFqJQ,MdMKHhFFqJQ,6,No instrument is heard during this video.,3.6026,,
MdMKHhFFqJQ,MdMKHhFFqJQ,7,There is no instrument heard during this video; it features animated characters.,3.6026,,
MdMKHhFFqJQ,MdMKHhFFqJQ,8,No musical instrument is heard during this video.,3.6026,,
MdMKHhFFqJQ,MdMKHhFFqJQ,9,No instrument is heard during this video.,3.6026,,
MdMKHhFFqJQ,MdMKHhFFqJQ,10,"The video does not feature any audio, so no instrument is heard.",3.6026,,
MeUXjKoEoMs,MeUXjKoEoMs,1,Buddy,3.4391,,
MeUXjKoEoMs,MeUXjKoEoMs,2,"The last spoken word in this video is ""Buddy"".",3.4391,,
MeUXjKoEoMs,MeUXjKoEoMs,3,KICK THE BUDDY,3.4391,,
MeUXjKoEoMs,MeUXjKoEoMs,4,Buddy.,3.4391,,
MeUXjKoEoMs,MeUXjKoEoMs,5,"The last spoken word in the video is ""kick"".",3.4391,,
MeUXjKoEoMs,MeUXjKoEoMs,6,Buddy.,3.4391,,
MeUXjKoEoMs,MeUXjKoEoMs,7,"The last spoken word in this video is ""kick"".",3.4391,,
MeUXjKoEoMs,MeUXjKoEoMs,8,"The last spoken word in the video is ""kick.""",3.4391,,
MeUXjKoEoMs,MeUXjKoEoMs,9,"The last spoken word in the video is ""Kick"".",3.4391,,
MeUXjKoEoMs,MeUXjKoEoMs,10,Buddy.,3.4391,,
Mf0sSHQNBIM,Mf0sSHQNBIM,1,"The man in the video is engaged in various activities including sweeping the floor, eating a salad, watering a plant, and cleaning a toilet.",4.0522,,
Mf0sSHQNBIM,Mf0sSHQNBIM,2,"The man is cleaning the floor, eating a salad, watering a plant, and fixing a toilet.",4.0522,,
Mf0sSHQNBIM,Mf0sSHQNBIM,3,"The man is performing various tasks such as sweeping the floor, eating a salad, watering a plant, and cleaning a toilet.",4.0522,,
Mf0sSHQNBIM,Mf0sSHQNBIM,4,"The man is performing various household tasks such as sweeping, eating, watering plants, and cleaning a toilet.",4.0522,,
Mf0sSHQNBIM,Mf0sSHQNBIM,5,"The man is shown in various scenes performing different activities, including cleaning the floor, eating a salad, watering a plant, and cleaning the toilet.",4.0522,,
Mf0sSHQNBIM,Mf0sSHQNBIM,6,"The man in the video is cleaning up his living room, eating a salad, watering a plant, and cleaning a toilet.",4.0522,,
Mf0sSHQNBIM,Mf0sSHQNBIM,7,"The man is cleaning up a spill, eating, watering a plant, and fixing a toilet.",4.0522,,
Mf0sSHQNBIM,Mf0sSHQNBIM,8,"The man is cleaning the floor, eating a salad, watering a plant, and cleaning the toilet seat.",4.0522,,
Mf0sSHQNBIM,Mf0sSHQNBIM,9,"The man is shown performing various activities including sweeping, eating, watering plants, and cleaning a toilet.",4.0522,,
Mf0sSHQNBIM,Mf0sSHQNBIM,10,"The man is performing various household tasks, including cleaning the floor, eating, watering a plant, and cleaning the toilet.",4.0522,,
MGP3HAlVhDY,MGP3HAlVhDY,1,"The person is seen putting on a red blanket, which suggests they are trying to warm up, indicating they might be cold.",3.6418,,
MGP3HAlVhDY,MGP3HAlVhDY,2,"The person is wrapping themselves in a blanket, which suggests they are feeling cold.",3.6418,,
MGP3HAlVhDY,MGP3HAlVhDY,3,The unseen person is likely cold as they are wearing a warm sweater and are seen covering themselves with a blanket.,3.6418,,
MGP3HAlVhDY,MGP3HAlVhDY,4,"The person is seen pulling a blanket over themselves, indicating they might be feeling cold.",3.6418,,
MGP3HAlVhDY,MGP3HAlVhDY,5,"The woman is seen putting on a blanket, which suggests that she might be feeling cold.",3.6418,,
MGP3HAlVhDY,MGP3HAlVhDY,6,"The person is wrapped in a blanket and is holding a cup, which suggests they might be cold.",3.6418,,
MGP3HAlVhDY,MGP3HAlVhDY,7,"The person is covered with a blanket and is wearing a sweater, which suggests they are cold.",3.6418,,
MGP3HAlVhDY,MGP3HAlVhDY,8,"The unseen person is wearing a long-sleeved orange shirt and is making a bed, which suggests they are cold and trying to create a warm environment.",3.6418,,
MGP3HAlVhDY,MGP3HAlVhDY,9,"The unseen person is covering themselves with a blanket, which suggests they are cold.",3.6418,,
MGP3HAlVhDY,MGP3HAlVhDY,10,"The person is seen wearing a warm orange sweater and is wrapping themselves in a blanket, which suggests they might be feeling cold.",3.6418,,
MGrxiff_3Jc,MGrxiff_3Jc,1,The woman is dancing outside on a sunny day.,3.574,,
MGrxiff_3Jc,MGrxiff_3Jc,2,The woman is dancing outside on a sunny day.,3.574,,
MGrxiff_3Jc,MGrxiff_3Jc,3,The woman is dancing outside on a sunny day.,3.574,,
MGrxiff_3Jc,MGrxiff_3Jc,4,A woman is dancing outside on a sunny day.,3.574,,
MGrxiff_3Jc,MGrxiff_3Jc,5,The woman is dancing outside on a sunny day.,3.574,,
MGrxiff_3Jc,MGrxiff_3Jc,6,"A woman is dancing outdoors on a sunny day, smiling and moving her hands and arms in a rhythmic motion.",3.574,,
MGrxiff_3Jc,MGrxiff_3Jc,7,The woman is dancing outside on a sunny day.,3.574,,
MGrxiff_3Jc,MGrxiff_3Jc,8,The woman is dancing outside on a sunny day.,3.574,,
MGrxiff_3Jc,MGrxiff_3Jc,9,The woman is dancing outside on a sunny day.,3.574,,
MGrxiff_3Jc,MGrxiff_3Jc,10,The woman is dancing outside on a sunny day.,3.574,,
MgsGBZrPtLw,MgsGBZrPtLw,1,"A family is dancing together on a beach, with a man leading the dance and a boat visible in the background.",3.6829,,
MgsGBZrPtLw,MgsGBZrPtLw,2,A family is dancing joyfully on a beach with a boat in the background.,3.6829,,
MgsGBZrPtLw,MgsGBZrPtLw,3,A family is dancing joyfully on a beach with a yacht in the background.,3.6829,,
MgsGBZrPtLw,MgsGBZrPtLw,4,A family is dancing together in a vibrant beach setting.,3.6829,,
MgsGBZrPtLw,MgsGBZrPtLw,5,"A family is dancing together on a beach, enjoying a fun and lively moment.",3.6829,,
MgsGBZrPtLw,MgsGBZrPtLw,6,"The video shows a family of five, including two adults and three children, dancing joyfully on a beach with a luxurious yacht in the background.",3.6829,,
MgsGBZrPtLw,MgsGBZrPtLw,7,The video shows a family of six dancing joyfully on a beach with a yacht in the background.,3.6829,,
MgsGBZrPtLw,MgsGBZrPtLw,8,"A group of people, including a family, are dancing energetically on a beach under a clear blue sky.",3.6829,,
MgsGBZrPtLw,MgsGBZrPtLw,9,A family is dancing joyfully on a beach with a yacht in the background.,3.6829,,
MgsGBZrPtLw,MgsGBZrPtLw,10,"The video depicts a lively scene of a family dancing joyfully on a beach, with a boat visible in the background, suggesting a fun and carefree moment by the sea.",3.6829,,
Mi-NpnCBegw,Mi-NpnCBegw,1,"The actor demonstrates ""Mumble"" as the last synonym of ""say"".",3.9527,,
Mi-NpnCBegw,Mi-NpnCBegw,2,"The actor demonstrates the word ""mumble"" as the last synonym of ""say.""",3.9527,,
Mi-NpnCBegw,Mi-NpnCBegw,3,"The actor demonstrates the word ""mumble"" as the last synonym of ""say.""",3.9527,,
Mi-NpnCBegw,Mi-NpnCBegw,4,"The actor demonstrates the word ""mumble"" as the last synonym of ""say.""",3.9527,,
Mi-NpnCBegw,Mi-NpnCBegw,5,"The actor demonstrates the word ""mumble"" as the last synonym of ""say.""",3.9527,,
Mi-NpnCBegw,Mi-NpnCBegw,6,"The actor demonstrates the word ""mumble"" as the last synonym of ""say.""",3.9527,,
Mi-NpnCBegw,Mi-NpnCBegw,7,"The actor demonstrates the word ""mumble"" as the last synonym of ""say.""",3.9527,,
Mi-NpnCBegw,Mi-NpnCBegw,8,"The actor demonstrates the word ""mumble"" as the last synonym of ""say"".",3.9527,,
Mi-NpnCBegw,Mi-NpnCBegw,9,"The actor demonstrates ""Mumble"" as the last synonym of ""say.""",3.9527,,
Mi-NpnCBegw,Mi-NpnCBegw,10,"The actor demonstrates the word ""mumble"" as the last synonym of ""say.""",3.9527,,
Mj3kccs07fg,Mj3kccs07fg,1,There are five different dishes on the table.,3.9448,,
Mj3kccs07fg,Mj3kccs07fg,2,There are five different dishes on the table.,3.9448,,
Mj3kccs07fg,Mj3kccs07fg,3,There are five different dishes on the table.,3.9448,,
Mj3kccs07fg,Mj3kccs07fg,4,There are four different dishes on the table.,3.9448,,
Mj3kccs07fg,Mj3kccs07fg,5,There are 4 different dishes on the table.,3.9448,,
Mj3kccs07fg,Mj3kccs07fg,6,There are four different dishes on the table.,3.9448,,
Mj3kccs07fg,Mj3kccs07fg,7,There are four different dishes on the table.,3.9448,,
Mj3kccs07fg,Mj3kccs07fg,8,There are five different dishes on the table.,3.9448,,
Mj3kccs07fg,Mj3kccs07fg,9,There are four different dishes on the table.,3.9448,,
Mj3kccs07fg,Mj3kccs07fg,10,There are five different dishes on the table.,3.9448,,
MjV1CZxCOeE,MjV1CZxCOeE,1,"The young lady changes into different outfits, including a white top with jeans, a pink blazer, and various shoes, while the video provides fashion tips.",4.1777,,
MjV1CZxCOeE,MjV1CZxCOeE,2,The young lady changes her outfit and accessories to demonstrate different styling techniques.,4.1777,,
MjV1CZxCOeE,MjV1CZxCOeE,3,"The young lady changes her outfit and accessories, demonstrating how to improve one's look by choosing the right colors, shoes, and accessories.",4.1777,,
MjV1CZxCOeE,MjV1CZxCOeE,4,"The young lady changes her outfit and accessories as the video progresses, demonstrating different styles and tips for improving one's look.",4.1777,,
MjV1CZxCOeE,MjV1CZxCOeE,5,"The young lady changes her outfit, adding a blazer and accessories to enhance her look, and continues to pose and gesture in the room.",4.1777,,
MjV1CZxCOeE,MjV1CZxCOeE,6,"The young lady changes outfits and accessories while standing in a room, demonstrating different styling ideas.",4.1777,,
MjV1CZxCOeE,MjV1CZxCOeE,7,"The young lady changes her outfit by adding a pink blazer, a necklace, and different shoes to her look.",4.1777,,
MjV1CZxCOeE,MjV1CZxCOeE,8,"The young lady changes her outfit, adding a blazer and accessories to enhance her look.",4.1777,,
MjV1CZxCOeE,MjV1CZxCOeE,9,"The young lady changes her outfit and accessories, demonstrating different styles to improve her look.",4.1777,,
MjV1CZxCOeE,MjV1CZxCOeE,10,"The young lady changes her outfit and poses in different styles, showcasing various fashion tips.",4.1777,,
MLJ0wxf_cmw,MLJ0wxf_cmw,1,"The person performs a backflip off the ramp and lands on their feet, continuing to ride the skateboard.",3.9724,,
MLJ0wxf_cmw,MLJ0wxf_cmw,2,The person lands successfully after performing a backflip coming off the ramp.,3.9724,,
MLJ0wxf_cmw,MLJ0wxf_cmw,3,He skates while doing a backflip coming off of the ramp.,3.9724,,
MLJ0wxf_cmw,MLJ0wxf_cmw,4,The person does a backflip coming off of the ramp.,3.9724,,
MLJ0wxf_cmw,MLJ0wxf_cmw,5,Skateboarder does a backflip off the ramp.,3.9724,,
MLJ0wxf_cmw,MLJ0wxf_cmw,6,The person holds the skateboard in their hand while doing a backflip coming off the ramp.,3.9724,,
MLJ0wxf_cmw,MLJ0wxf_cmw,7,The person lands on a skateboard while doing a backflip coming off of the ramp.,3.9724,,
MLJ0wxf_cmw,MLJ0wxf_cmw,8,The person performs a backflip off the ramp while skateboarding.,3.9724,,
MLJ0wxf_cmw,MLJ0wxf_cmw,9,The person does a backflip coming off the ramp while skateboarding.,3.9724,,
MLJ0wxf_cmw,MLJ0wxf_cmw,10,The person skates down the ramp and then performs a backflip.,3.9724,,
MM19feoJGmM,MM19feoJGmM,1,"After using a knife, a nutcracker is used to crack open the walnut.",3.7562,,
MM19feoJGmM,MM19feoJGmM,2,A nutcracker is used on the walnut after using a knife.,3.7562,,
MM19feoJGmM,MM19feoJGmM,3,A nutcracker is used on the walnut after using a knife.,3.7562,,
MM19feoJGmM,MM19feoJGmM,4,"After using a knife to cut the walnut in half, a tool that looks like a nutcracker is used to crack it open further.",3.7562,,
MM19feoJGmM,MM19feoJGmM,5,"After using a knife, a nutcracker is used on the walnut.",3.7562,,
MM19feoJGmM,MM19feoJGmM,6,"After using a knife, a nutcracker is used on the walnut.",3.7562,,
MM19feoJGmM,MM19feoJGmM,7,"After using a knife, a nutcracker is used on the walnut.",3.7562,,
MM19feoJGmM,MM19feoJGmM,8,A nutcracker is used on the walnut after using a knife.,3.7562,,
MM19feoJGmM,MM19feoJGmM,9,"After using a knife, a nutcracker is used to open the walnut.",3.7562,,
MM19feoJGmM,MM19feoJGmM,10,"After using a knife, a nutcracker is used on the walnut.",3.7562,,
MnNCjbPsiek,MnNCjbPsiek,1,The card thrower is attempting to hit the pink candle on the table with the cards.,4.1143,,
MnNCjbPsiek,MnNCjbPsiek,2,"The card thrower is attempting to throw cards at a target, aiming to hit a pink candle mounted on a stand.",4.1143,,
MnNCjbPsiek,MnNCjbPsiek,3,"The card thrower is attempting to hit a lit candle with the cards, aiming to extinguish it.",4.1143,,
MnNCjbPsiek,MnNCjbPsiek,4,The card thrower is attempting to hit the lit candle with a card.,4.1143,,
MnNCjbPsiek,MnNCjbPsiek,5,The card thrower is attempting to hit a target with a thrown card while ensuring the candle on the card does not extinguish.,4.1143,,
MnNCjbPsiek,MnNCjbPsiek,6,The card thrower is aiming to hit a lit candle with the cards to extinguish it.,4.1143,,
MnNCjbPsiek,MnNCjbPsiek,7,"The card thrower is trying to hit a lit candle with a card, as part of a trick or experiment.",4.1143,,
MnNCjbPsiek,MnNCjbPsiek,8,"The card thrower is attempting to hit the candle with a card, possibly as part of a game or challenge.",4.1143,,
MnNCjbPsiek,MnNCjbPsiek,9,The card thrower is attempting to hit the candle with the cards to extinguish it.,4.1143,,
MnNCjbPsiek,MnNCjbPsiek,10,The card thrower is attempting to hit the lit candle with a thrown card.,4.1143,,
MphrquLK8gc,MphrquLK8gc,1,This video teaches how to add hair to braids.,3.3698,,
MphrquLK8gc,MphrquLK8gc,2,The video teaches how to add hair to braids.,3.3698,,
MphrquLK8gc,MphrquLK8gc,3,This video teaches how to add hair to braids.,3.3698,,
MphrquLK8gc,MphrquLK8gc,4,The video teaches how to add hair to braids.,3.3698,,
MphrquLK8gc,MphrquLK8gc,5,The video teaches how to add hair to braids.,3.3698,,
MphrquLK8gc,MphrquLK8gc,6,This video teaches how to add hair to braids.,3.3698,,
MphrquLK8gc,MphrquLK8gc,7,The video teaches how to add hair to braids.,3.3698,,
MphrquLK8gc,MphrquLK8gc,8,The video teaches how to add hair to braids.,3.3698,,
MphrquLK8gc,MphrquLK8gc,9,This video teaches how to add hair to braids.,3.3698,,
MphrquLK8gc,MphrquLK8gc,10,The video teaches how to add hair to braids.,3.3698,,
MQg3_AIydkw,MQg3_AIydkw,1,The sound of the camera panning and zooming in on the person is heard during this video.,3.6335,,
MQg3_AIydkw,MQg3_AIydkw,2,The sound of the door closing can be heard during this video.,3.6335,,
MQg3_AIydkw,MQg3_AIydkw,3,"There is no audio provided in the video, so no sound can be heard.",3.6335,,
MQg3_AIydkw,MQg3_AIydkw,4,The sound of people talking and the rustling of papers can be heard during this video.,3.6335,,
MQg3_AIydkw,MQg3_AIydkw,5,The sound of a crowd and the occasional bell chime can be heard in the background.,3.6335,,
MQg3_AIydkw,MQg3_AIydkw,6,The sound of people talking and the occasional rustling of fabric can be heard during this video.,3.6335,,
MQg3_AIydkw,MQg3_AIydkw,7,"The video does not provide audio, so no sound is heard.",3.6335,,
MQg3_AIydkw,MQg3_AIydkw,8,The sound of the door closing is heard during this video.,3.6335,,
MQg3_AIydkw,MQg3_AIydkw,9,The sound of a door closing is heard during the video.,3.6335,,
MQg3_AIydkw,MQg3_AIydkw,10,The video does not contain any audio.,3.6335,,
MQlY_bh3Hkk,MQlY_bh3Hkk,1,"The young man intervenes by standing over the boy, who is lying on the ground, and appears to be protecting him from the group of individuals.",4.1031,,
MQlY_bh3Hkk,MQlY_bh3Hkk,2,"The young man intervenes and helps the boy, leading to a physical altercation where the boy is eventually knocked down and the young man is seen walking away.",4.1031,,
MQlY_bh3Hkk,MQlY_bh3Hkk,3,"The young man tries to intervene to stop the beating, but is himself attacked and ends up lying on the ground.",4.1031,,
MQlY_bh3Hkk,MQlY_bh3Hkk,4,"The young man is quickly subdued and falls to the ground, joining the boy who is lying on the grass.",4.1031,,
MQlY_bh3Hkk,MQlY_bh3Hkk,5,"The young man intervenes to stop the beating and helps the boy up, showing a moment of intervention and support.",4.1031,,
MQlY_bh3Hkk,MQlY_bh3Hkk,6,The young man intervenes to stop the boy from being beaten up.,4.1031,,
MQlY_bh3Hkk,MQlY_bh3Hkk,7,The young man intervenes to help the boy being beaten up.,4.1031,,
MQlY_bh3Hkk,MQlY_bh3Hkk,8,"The young man intervenes, leading to a chase and a staged fight scene that mimics a battle royale game.",4.1031,,
MQlY_bh3Hkk,MQlY_bh3Hkk,9,"The young man intervenes and stops the boy from being beaten up, demonstrating a moment of intervention and support.",4.1031,,
MQlY_bh3Hkk,MQlY_bh3Hkk,10,The young man attempts to intervene but gets knocked down himself.,4.1031,,
Mr5ajtVsATc,Mr5ajtVsATc,1,Two scoops of food are taken out of the pot.,3.4808,,
Mr5ajtVsATc,Mr5ajtVsATc,2,Two scoops of food are taken out of the pot.,3.4808,,
Mr5ajtVsATc,Mr5ajtVsATc,3,Two scoops of food are taken out of the pot.,3.4808,,
Mr5ajtVsATc,Mr5ajtVsATc,4,One scoop of food is taken out of the pot.,3.4808,,
Mr5ajtVsATc,Mr5ajtVsATc,5,One scoop of food is taken out of the pot.,3.4808,,
Mr5ajtVsATc,Mr5ajtVsATc,6,Two scoops of food are taken out of the pot.,3.4808,,
Mr5ajtVsATc,Mr5ajtVsATc,7,One,3.4808,,
Mr5ajtVsATc,Mr5ajtVsATc,8,Two.,3.4808,,
Mr5ajtVsATc,Mr5ajtVsATc,9,Two scoops of food are taken out of the pot.,3.4808,,
Mr5ajtVsATc,Mr5ajtVsATc,10,Two scoops of food are taken out of the pot.,3.4808,,
MRBm4oGh6Xk,MRBm4oGh6Xk,1,The cyclist was not paying attention and did not see the car coming.,3.807,,
MRBm4oGh6Xk,MRBm4oGh6Xk,2,"The cyclist lost control of the bike, possibly due to the speed or the road conditions, leading to a collision with the car.",3.807,,
MRBm4oGh6Xk,MRBm4oGh6Xk,3,"The cyclist may have not yielded the right of way to the car or the car may have not given the cyclist enough space to pass, leading to the collision.",3.807,,
MRBm4oGh6Xk,MRBm4oGh6Xk,4,"The cyclist may have crashed with the car due to a sudden and unpredictable maneuver by the car, which could have been caused by the car driver's distraction or a sudden stop or turn.",3.807,,
MRBm4oGh6Xk,MRBm4oGh6Xk,5,"The cyclist lost control of the bike, possibly due to an uneven surface or a sudden change in speed, leading to a collision with the car.",3.807,,
MRBm4oGh6Xk,MRBm4oGh6Xk,6,"The cyclist was likely not paying attention to the traffic and failed to stop in time, leading to a collision with the car.",3.807,,
MRBm4oGh6Xk,MRBm4oGh6Xk,7,"The cyclist was likely traveling too fast for the conditions, which made it difficult to stop or avoid the car.",3.807,,
MRBm4oGh6Xk,MRBm4oGh6Xk,8,The cyclist crashed with the car because the car was not paying attention to the cyclist on the road.,3.807,,
MRBm4oGh6Xk,MRBm4oGh6Xk,9,"The cyclist crashed with the car because the car suddenly appeared in the cyclist's path, and there was not enough time to avoid the collision.",3.807,,
MRBm4oGh6Xk,MRBm4oGh6Xk,10,"The cyclist crashed with the car because the car pulled in front of the cyclist unexpectedly, causing the cyclist to lose control and collide with the vehicle.",3.807,,
MRMbXhOIFJM,MRMbXhOIFJM,1,The woman polishes her fingernail in the video.,3.5053,,
MRMbXhOIFJM,MRMbXhOIFJM,2,The woman polishes her fingernail in the video.,3.5053,,
MRMbXhOIFJM,MRMbXhOIFJM,3,The woman polishes her left thumb nail in the video.,3.5053,,
MRMbXhOIFJM,MRMbXhOIFJM,4,The woman polishes her fingernail in the video.,3.5053,,
MRMbXhOIFJM,MRMbXhOIFJM,5,The woman polishes her left thumb nail in the video.,3.5053,,
MRMbXhOIFJM,MRMbXhOIFJM,6,The woman polishes her right hand nail in the video.,3.5053,,
MRMbXhOIFJM,MRMbXhOIFJM,7,The woman polishes her right thumb nail in the video.,3.5053,,
MRMbXhOIFJM,MRMbXhOIFJM,8,The woman polishes her right thumb nail in the video.,3.5053,,
MRMbXhOIFJM,MRMbXhOIFJM,9,The woman polishes her left thumb nail in the video.,3.5053,,
MRMbXhOIFJM,MRMbXhOIFJM,10,The woman polishes her thumb nail in the video.,3.5053,,
MS3Ybxlb2LQ,MS3Ybxlb2LQ,1,The video shows the process of attaching a hinge to a door using a screwdriver.,3.7603,,
MS3Ybxlb2LQ,MS3Ybxlb2LQ,2,"After using an electric tool to drive a screw to attach a hinge to a door, the man removes the screw with his hand.",3.7603,,
MS3Ybxlb2LQ,MS3Ybxlb2LQ,3,"The person then uses a screwdriver to drive a screw into the hinge, securing it further.",3.7603,,
MS3Ybxlb2LQ,MS3Ybxlb2LQ,4,"After using an electric tool to drive a screw, the man picks up a longer screw and drives it into the hinge, reinforcing the attachment to the door.",3.7603,,
MS3Ybxlb2LQ,MS3Ybxlb2LQ,5,The man removes the screw from the hinge and replaces it with a new one.,3.7603,,
MS3Ybxlb2LQ,MS3Ybxlb2LQ,6,"The man then uses a screw to tighten the screw further, ensuring the hinge is securely attached to the door.",3.7603,,
MS3Ybxlb2LQ,MS3Ybxlb2LQ,7,"The man then uses a screw to attach the hinge to the door, ensuring it is properly secured.",3.7603,,
MS3Ybxlb2LQ,MS3Ybxlb2LQ,8,"After using an electric tool to drive a screw to attach a hinge to a door, the man places another screw into the hinge and drives it in with the same tool.",3.7603,,
MS3Ybxlb2LQ,MS3Ybxlb2LQ,9,"The man places a metal screw into the hinge and then uses the electric tool again to drive the screw into the hinge, securing it to the door.",3.7603,,
MS3Ybxlb2LQ,MS3Ybxlb2LQ,10,The man places a spring around the screw before using the electric tool again to secure the hinge.,3.7603,,
Msbpqv5aOxk,Msbpqv5aOxk,1,RESEX,3.5499,,
Msbpqv5aOxk,Msbpqv5aOxk,2,"The back of the man's hand has ""Press"" written on it.",3.5499,,
Msbpqv5aOxk,Msbpqv5aOxk,3,"The back of the man's hand has the word ""REVERSE"" written on it.",3.5499,,
Msbpqv5aOxk,Msbpqv5aOxk,4,"The man's hand has the words ""REMEMBER"" written on it.",3.5499,,
Msbpqv5aOxk,Msbpqv5aOxk,5,"The back of the man's hand has the word ""PRESS"" written on it.",3.5499,,
Msbpqv5aOxk,Msbpqv5aOxk,6,"The back of the man's hand has ""REVIEW"" written on it.",3.5499,,
Msbpqv5aOxk,Msbpqv5aOxk,7,REMEMBER,3.5499,,
Msbpqv5aOxk,Msbpqv5aOxk,8,"The back of the man's hand has a tattoo that says ""Press"".",3.5499,,
Msbpqv5aOxk,Msbpqv5aOxk,9,"The text on the back of the man's hand reads ""CHEATING PRANK ON WIFE"".",3.5499,,
Msbpqv5aOxk,Msbpqv5aOxk,10,REBEL,3.5499,,
MUQK3vhVOiw,MUQK3vhVOiw,1,"In the first part of the video, there are two flags visible.",4.0966,,
MUQK3vhVOiw,MUQK3vhVOiw,2,"In the first part of the video, there are three flags visible.",4.0966,,
MUQK3vhVOiw,MUQK3vhVOiw,3,There are two Chinese flags in the first part of the video.,4.0966,,
MUQK3vhVOiw,MUQK3vhVOiw,4,"In the first part of the video, we see two flags in the background of the scene with the large building and red flags.",4.0966,,
MUQK3vhVOiw,MUQK3vhVOiw,5,There are three flags visible in the first part of the video.,4.0966,,
MUQK3vhVOiw,MUQK3vhVOiw,6,"In the first part of the video, there are five flags.",4.0966,,
MUQK3vhVOiw,MUQK3vhVOiw,7,There are four Chinese flags in the first part of the video.,4.0966,,
MUQK3vhVOiw,MUQK3vhVOiw,8,"In the first part of the video, there are three Chinese flags visible.",4.0966,,
MUQK3vhVOiw,MUQK3vhVOiw,9,"In the first part of the video, there are multiple flags, but specifically, there are at least 3 flags visible.",4.0966,,
MUQK3vhVOiw,MUQK3vhVOiw,10,"In the first part of the video, we see a large number of Chinese flags, but the exact count is not specified.",4.0966,,
MuRg3XtN_38,MuRg3XtN_38,1,"The little girl walked up to a stroller, played with the doll, and then sat down in the stroller with the other child.",3.6223,,
MuRg3XtN_38,MuRg3XtN_38,2,"The little girl was seen sitting in a stroller with her doll, which implies she was eventually placed in the stroller, likely by an adult.",3.6223,,
MuRg3XtN_38,MuRg3XtN_38,3,The little girl walked up to a stroller and got into it.,3.6223,,
MuRg3XtN_38,MuRg3XtN_38,4,"The little girl walked over to a stroller, sat down, and began to play with the doll.",3.6223,,
MuRg3XtN_38,MuRg3XtN_38,5,The little girl was lifted into a stroller by an adult.,3.6223,,
MuRg3XtN_38,MuRg3XtN_38,6,The little girl sitting in a stroller at the beginning of the video is seen sitting in a stroller again at the end of the video.,3.6223,,
MuRg3XtN_38,MuRg3XtN_38,7,The little girl was helped into a stroller by an adult.,3.6223,,
MuRg3XtN_38,MuRg3XtN_38,8,The little girl sitting in the stroller with her doll by the end of the video.,3.6223,,
MuRg3XtN_38,MuRg3XtN_38,9,The little girl was lifted into the stroller by an adult.,3.6223,,
MuRg3XtN_38,MuRg3XtN_38,10,The little girl eventually joined a child in a stroller.,3.6223,,
MW8YVwrY6_0,MW8YVwrY6_0,1,Two beds are shown in the video.,3.6246,,
MW8YVwrY6_0,MW8YVwrY6_0,2,Two beds are shown in the video.,3.6246,,
MW8YVwrY6_0,MW8YVwrY6_0,3,2,3.6246,,
MW8YVwrY6_0,MW8YVwrY6_0,4,There are two beds shown in the image.,3.6246,,
MW8YVwrY6_0,MW8YVwrY6_0,5,Two beds are shown in the video.,3.6246,,
MW8YVwrY6_0,MW8YVwrY6_0,6,Two beds are shown.,3.6246,,
MW8YVwrY6_0,MW8YVwrY6_0,7,There are two beds shown in the image.,3.6246,,
MW8YVwrY6_0,MW8YVwrY6_0,8,Two beds are shown in the image.,3.6246,,
MW8YVwrY6_0,MW8YVwrY6_0,9,Two beds are shown in the video.,3.6246,,
MW8YVwrY6_0,MW8YVwrY6_0,10,Two beds are shown.,3.6246,,
MWYG4ljwoJI,MWYG4ljwoJI,1,"The video is a humorous cartoon featuring two dogs discussing their preferences in life, with one dog humorously suggesting simple pleasures like smelling poop and eating it.",4.0816,,
MWYG4ljwoJI,MWYG4ljwoJI,2,"The video is a humorous cartoon featuring two dogs discussing simple pleasures in life, with one dog humorously suggesting to ""smell poop"" and ""eat poop.""",4.0816,,
MWYG4ljwoJI,MWYG4ljwoJI,3,"The video is a humorous cartoon featuring two dogs discussing simple pleasures in life, with one dog preferring to smell and eat poop.",4.0816,,
MWYG4ljwoJI,MWYG4ljwoJI,4,"The video is a humorous cartoon featuring two dogs discussing simple pleasures in life, with one dog humorously suggesting eating vomit.",4.0816,,
MWYG4ljwoJI,MWYG4ljwoJI,5,"The video is a humorous cartoon featuring two dogs discussing simple pleasures in life, with one dog preferring to smell dog poop over more adventurous activities like skydiving.",4.0816,,
MWYG4ljwoJI,MWYG4ljwoJI,6,"The video is a humorous cartoon depicting a conversation between two dogs where one expresses a preference for simple pleasures in life, such as sniffing and eating poop.",4.0816,,
MWYG4ljwoJI,MWYG4ljwoJI,7,"The video is a humorous cartoon featuring two dogs discussing simple pleasures in life, with one dog suggesting enjoying dog poop.",4.0816,,
MWYG4ljwoJI,MWYG4ljwoJI,8,"The video is a humorous cartoon featuring two dogs discussing their preferences for simple pleasures in life, with one dog humorously suggesting eating vomit.",4.0816,,
MWYG4ljwoJI,MWYG4ljwoJI,9,The video is a cartoon featuring two dogs having a conversation where one dog expresses a preference for simple pleasures like sniffing poop and eating it.,4.0816,,
MWYG4ljwoJI,MWYG4ljwoJI,10,"The video is a humorous cartoon featuring two dogs having a conversation about their preferences for simple pleasures in life, such as sniffing poop and eating poop.",4.0816,,
MXU4K2gyFvk,MXU4K2gyFvk,1,"The video shows a person performing land surfing, a form of skateboarding where the rider uses their legs to pump and maintain speed.",3.9647,,
MXU4K2gyFvk,MXU4K2gyFvk,2,"The video shows a person engaging in land surfing, a recreational activity where a skateboarder glides on a long, flat surface.",3.9647,,
MXU4K2gyFvk,MXU4K2gyFvk,3,Land surfing.,3.9647,,
MXU4K2gyFvk,MXU4K2gyFvk,4,"The video shows a person land surfing, which involves pumping their legs to keep going and is described as super relaxing.",3.9647,,
MXU4K2gyFvk,MXU4K2gyFvk,5,"The video shows a person land surfing, which involves using a skateboard to ride down a slope.",3.9647,,
MXU4K2gyFvk,MXU4K2gyFvk,6,The video shows a person engaged in the activity of land surfing.,3.9647,,
MXU4K2gyFvk,MXU4K2gyFvk,7,"The video shows a person engaging in land surfing, a form of skateboarding where the rider uses their legs to generate speed and control.",3.9647,,
MXU4K2gyFvk,MXU4K2gyFvk,8,"The video shows a person land surfing, a type of skateboarding where they use a skateboard to glide down ramps and rails.",3.9647,,
MXU4K2gyFvk,MXU4K2gyFvk,9,Land surfing.,3.9647,,
MXU4K2gyFvk,MXU4K2gyFvk,10,"The video shows a person engaging in land surfing, which involves riding a longboard on a paved road.",3.9647,,
MY7bx0IsNbo,MY7bx0IsNbo,1,There is one electrical outlet behind the table.,3.403,,
MY7bx0IsNbo,MY7bx0IsNbo,2,There are two electrical outlets behind the table.,3.403,,
MY7bx0IsNbo,MY7bx0IsNbo,3,1,3.403,,
MY7bx0IsNbo,MY7bx0IsNbo,4,There are two electrical outlets behind the table.,3.403,,
MY7bx0IsNbo,MY7bx0IsNbo,5,There are two electrical outlets behind the table.,3.403,,
MY7bx0IsNbo,MY7bx0IsNbo,6,There is one electrical outlet behind the table.,3.403,,
MY7bx0IsNbo,MY7bx0IsNbo,7,1,3.403,,
MY7bx0IsNbo,MY7bx0IsNbo,8,There is one electrical outlet behind the table.,3.403,,
MY7bx0IsNbo,MY7bx0IsNbo,9,There is one electrical outlet behind the table.,3.403,,
MY7bx0IsNbo,MY7bx0IsNbo,10,There are two electrical outlets behind the table.,3.403,,
MZLX5Y17EgU,MZLX5Y17EgU,1,The video shows a person making a loud noise with their mouth and then appearing to interact with the camera in a humorous way.,3.739,,
MZLX5Y17EgU,MZLX5Y17EgU,2,"The video shows a person coming over and jumping on the porch, which the poster finds amusing.",3.739,,
MZLX5Y17EgU,MZLX5Y17EgU,3,"The video shows a humorous moment of a person reacting to their sister coming over, which the poster wants to share with the audience.",3.739,,
MZLX5Y17EgU,MZLX5Y17EgU,4,"The video shows a humorous and exaggerated reaction to a sister's arrival, as indicated by the text overlay and the exaggerated facial expressions.",3.739,,
MZLX5Y17EgU,MZLX5Y17EgU,5,"The video shows a humorous moment where the poster's sister's unexpected visit is captured, with the sister appearing to be in a playful or excited state.",3.739,,
MZLX5Y17EgU,MZLX5Y17EgU,6,"The video shows a humorous and exaggerated reaction of the person's sister arriving, with a close-up of a nose and a tilted camera angle adding to the comedic effect.",3.739,,
MZLX5Y17EgU,MZLX5Y17EgU,7,"The video shows a person's sister coming over, and the person posting it wants to highlight the humorous or surprising nature of her arrival, as indicated by the text overlay.",3.739,,
MZLX5Y17EgU,MZLX5Y17EgU,8,"The video shows a porch where a person is excitedly running towards the camera and making playful gestures, with the caption suggesting it's how the poster's sister behaves when visiting.",3.739,,
MZLX5Y17EgU,MZLX5Y17EgU,9,"The video shows a person being surprised and playfully reacting to their sister coming over, with a humorous text overlay.",3.739,,
MZLX5Y17EgU,MZLX5Y17EgU,10,"The video shows a humorous moment of a person coming over, with a close-up of a dog's nose and a playful caption, highlighting the sister's arrival.",3.739,,
MZQzSUEgp1U,MZQzSUEgp1U,1,There is one red backpack in the video.,3.3479,,
MZQzSUEgp1U,MZQzSUEgp1U,2,One red backpack is seen in the video.,3.3479,,
MZQzSUEgp1U,MZQzSUEgp1U,3,One,3.3479,,
MZQzSUEgp1U,MZQzSUEgp1U,4,One,3.3479,,
MZQzSUEgp1U,MZQzSUEgp1U,5,There is one red backpack visible in the video.,3.3479,,
MZQzSUEgp1U,MZQzSUEgp1U,6,One red backpack.,3.3479,,
MZQzSUEgp1U,MZQzSUEgp1U,7,One red backpack is seen in the video.,3.3479,,
MZQzSUEgp1U,MZQzSUEgp1U,8,There are no red backpacks visible in the video.,3.3479,,
MZQzSUEgp1U,MZQzSUEgp1U,9,There are no red backpacks visible in the video.,3.3479,,
MZQzSUEgp1U,MZQzSUEgp1U,10,1,3.3479,,
N2ApImsBgDI,N2ApImsBgDI,1,The bus has its headlights and possibly its turn signal lights blinking.,3.467,,
N2ApImsBgDI,N2ApImsBgDI,2,1,3.467,,
N2ApImsBgDI,N2ApImsBgDI,3,2,3.467,,
N2ApImsBgDI,N2ApImsBgDI,4,The bus has two lights blinking on the front.,3.467,,
N2ApImsBgDI,N2ApImsBgDI,5,2,3.467,,
N2ApImsBgDI,N2ApImsBgDI,6,4,3.467,,
N2ApImsBgDI,N2ApImsBgDI,7,3,3.467,,
N2ApImsBgDI,N2ApImsBgDI,8,2,3.467,,
N2ApImsBgDI,N2ApImsBgDI,9,Two,3.467,,
N2ApImsBgDI,N2ApImsBgDI,10,4,3.467,,
N3fVfEAst_s,N3fVfEAst_s,1,The school girl made a bracelet from surgical face masks and markers.,4.0325,,
N3fVfEAst_s,N3fVfEAst_s,2,She made a bracelet.,4.0325,,
N3fVfEAst_s,N3fVfEAst_s,3,A bracelet.,4.0325,,
N3fVfEAst_s,N3fVfEAst_s,4,The school girl made a bracelet from surgical face masks and markers.,4.0325,,
N3fVfEAst_s,N3fVfEAst_s,5,The school girl made a bracelet from surgical face masks and markers.,4.0325,,
N3fVfEAst_s,N3fVfEAst_s,6,The school girl made a bracelet from surgical face masks and markers.,4.0325,,
N3fVfEAst_s,N3fVfEAst_s,7,The school girl made a bracelet from discarded surgical face masks and markers.,4.0325,,
N3fVfEAst_s,N3fVfEAst_s,8,The school girl made a bracelet using surgical face masks and markers.,4.0325,,
N3fVfEAst_s,N3fVfEAst_s,9,A bracelet.,4.0325,,
N3fVfEAst_s,N3fVfEAst_s,10,The school girl made a bracelet from surgical face masks and markers.,4.0325,,
N5-nI2V_GS0,N5-nI2V_GS0,1,1,3.3249,,
N5-nI2V_GS0,N5-nI2V_GS0,2,1,3.3249,,
N5-nI2V_GS0,N5-nI2V_GS0,3,3,3.3249,,
N5-nI2V_GS0,N5-nI2V_GS0,4,3,3.3249,,
N5-nI2V_GS0,N5-nI2V_GS0,5,2,3.3249,,
N5-nI2V_GS0,N5-nI2V_GS0,6,2,3.3249,,
N5-nI2V_GS0,N5-nI2V_GS0,7,1,3.3249,,
N5-nI2V_GS0,N5-nI2V_GS0,8,1,3.3249,,
N5-nI2V_GS0,N5-nI2V_GS0,9,1,3.3249,,
N5-nI2V_GS0,N5-nI2V_GS0,10,1,3.3249,,
N623MG6xnak,N623MG6xnak,1,We see a laptop two times in the video.,3.3881,,
N623MG6xnak,N623MG6xnak,2,We see a laptop twice in the video.,3.3881,,
N623MG6xnak,N623MG6xnak,3,We see a laptop twice in the video.,3.3881,,
N623MG6xnak,N623MG6xnak,4,We see a laptop twice in the video.,3.3881,,
N623MG6xnak,N623MG6xnak,5,We see a laptop twice in the video.,3.3881,,
N623MG6xnak,N623MG6xnak,6,We see a laptop twice in the video.,3.3881,,
N623MG6xnak,N623MG6xnak,7,We see a laptop once in the video.,3.3881,,
N623MG6xnak,N623MG6xnak,8,We see a laptop twice in the video.,3.3881,,
N623MG6xnak,N623MG6xnak,9,We see a laptop twice in the video.,3.3881,,
N623MG6xnak,N623MG6xnak,10,We see a laptop twice in the video.,3.3881,,
N6OwNSQplrE,N6OwNSQplrE,1,The car driver exits the vehicle and walks towards the motorcycle to confront the rider.,3.9448,,
N6OwNSQplrE,N6OwNSQplrE,2,The car driver gets out of the vehicle and confronts the motorcycle rider.,3.9448,,
N6OwNSQplrE,N6OwNSQplrE,3,The car driver gets out of the car and confronts the motorcycle rider.,3.9448,,
N6OwNSQplrE,N6OwNSQplrE,4,The car driver gets out of the car and approaches the motorcycle rider.,3.9448,,
N6OwNSQplrE,N6OwNSQplrE,5,The car driver opens the door to exit the car and confront the motorcycle rider.,3.9448,,
N6OwNSQplrE,N6OwNSQplrE,6,The car driver gets out of the car and confronts the motorcycle rider.,3.9448,,
N6OwNSQplrE,N6OwNSQplrE,7,The car driver gets out of the vehicle and confronts the motorcycle rider.,3.9448,,
N6OwNSQplrE,N6OwNSQplrE,8,The car driver gets out of the vehicle and approaches the motorcycle rider in an aggressive manner.,3.9448,,
N6OwNSQplrE,N6OwNSQplrE,9,"The car driver gets out of the car, approaches the motorcycle, and pushes it away.",3.9448,,
N6OwNSQplrE,N6OwNSQplrE,10,"The car driver gets out of the car and approaches the motorcycle, confronting the rider.",3.9448,,
N7pUP__a5FM,N7pUP__a5FM,1,"The man walks through the store aisle while talking, indicating a casual shopping experience.",3.985,,
N7pUP__a5FM,N7pUP__a5FM,2,"The man continues to walk through the store aisle, possibly looking for items to purchase.",3.985,,
N7pUP__a5FM,N7pUP__a5FM,3,"The man continues to walk down the aisle, possibly looking for something or browsing items.",3.985,,
N7pUP__a5FM,N7pUP__a5FM,4,"The man walks through the store aisle while talking, possibly continuing his conversation or exploring the products.",3.985,,
N7pUP__a5FM,N7pUP__a5FM,5,"The man walks through the store aisle, possibly to continue shopping or to find a different item.",3.985,,
N7pUP__a5FM,N7pUP__a5FM,6,The man takes a selfie in the aisle of the store after having a conversation with a woman.,3.985,,
N7pUP__a5FM,N7pUP__a5FM,7,"The man walks through the store aisle, looking around and possibly checking items on the shelves.",3.985,,
N7pUP__a5FM,N7pUP__a5FM,8,"The man walks through the store aisle, continuing his conversation.",3.985,,
N7pUP__a5FM,N7pUP__a5FM,9,"The man in the video walks down the aisle of a store, possibly after having a conversation with a woman.",3.985,,
N7pUP__a5FM,N7pUP__a5FM,10,"The man walks down the aisle of a store, continuing his conversation as he moves.",3.985,,
N7rvWwZX_ZM,N7rvWwZX_ZM,1,"The man appears to be shouting because he is expressing strong emotions, possibly frustration or excitement, in a lively or intense manner.",3.9321,,
N7rvWwZX_ZM,N7rvWwZX_ZM,2,The guy is shouting possibly to express strong emotions or to emphasize a point in his conversation.,3.9321,,
N7rvWwZX_ZM,N7rvWwZX_ZM,3,"The man appears to be shouting or speaking loudly, possibly to emphasize a point or express strong emotions.",3.9321,,
N7rvWwZX_ZM,N7rvWwZX_ZM,4,"The man appears to be in a state of excitement or frustration, indicated by his animated gestures and the way he is holding the books, which could suggest he is passionate about something he is discussing.",3.9321,,
N7rvWwZX_ZM,N7rvWwZX_ZM,5,The video description does not provide specific reasons for why the man is shouting. It only shows him speaking and gesturing.,3.9321,,
N7rvWwZX_ZM,N7rvWwZX_ZM,6,"The video does not provide specific context for why the man is shouting, but it appears he might be emphasizing a point or expressing strong emotions.",3.9321,,
N7rvWwZX_ZM,N7rvWwZX_ZM,7,"The man is likely shouting to express excitement or frustration, possibly due to a conversation or a situation he is experiencing.",3.9321,,
N7rvWwZX_ZM,N7rvWwZX_ZM,8,"The man appears to be shouting or speaking with enthusiasm, possibly to emphasize a point or express strong emotions.",3.9321,,
N7rvWwZX_ZM,N7rvWwZX_ZM,9,"The man appears to be shouting in frustration or anger, possibly due to a misunderstanding or a conflict.",3.9321,,
N7rvWwZX_ZM,N7rvWwZX_ZM,10,"The man in the video appears to be in a heated discussion or expressing strong emotions, possibly shouting due to frustration or excitement.",3.9321,,
N8cBmFGn7do,N8cBmFGn7do,1,"The person in the second video is holding a red rose and then is seen standing outdoors in a suit, looking frustrated as someone helps them fix their hair.",4.1313,,
N8cBmFGn7do,N8cBmFGn7do,2,A man in a blue suit is shown adjusting his hair in front of a mirror.,4.1313,,
N8cBmFGn7do,N8cBmFGn7do,3,"The person in the second video is seen holding a red rose in a desert-like environment, and later, they are shown with their hair in disarray, possibly due to wind or an accident.",4.1313,,
N8cBmFGn7do,N8cBmFGn7do,4,A man in a blue suit adjusts his hair while holding a black umbrella.,4.1313,,
N8cBmFGn7do,N8cBmFGn7do,5,"The second video shows a person in a blue suit holding a red rose, with a background that changes to a snowy scene and Korean text appears, indicating a shift from expectation to reality.",4.1313,,
N8cBmFGn7do,N8cBmFGn7do,6,"The person in the blue suit is being adjusted by another person, and the text ""???"" appears on the screen.",4.1313,,
N8cBmFGn7do,N8cBmFGn7do,7,"In the second video, a man in a suit is shown holding a red rose, standing outdoors, and then the scene shifts to him holding a black umbrella with a distressed expression.",4.1313,,
N8cBmFGn7do,N8cBmFGn7do,8,"In the second video, a person dressed in a formal blue suit is seen holding a red rose and then appearing distressed as they adjust their hair and headwear.",4.1313,,
N8cBmFGn7do,N8cBmFGn7do,9,"The video shows a man in a blue suit holding a red rose, standing in a desert-like environment, and then reacting to something by placing his hands on his head.",4.1313,,
N8cBmFGn7do,N8cBmFGn7do,10,"The person in the second video is seen holding a red rose, then standing in a desert-like environment, and finally holding a black object, possibly a hat, while adjusting their hair.",4.1313,,
N9oznAO-AGE,N9oznAO-AGE,1,"Tyson's evolution as a boxer progressed from a young fighter in 1984 to a professional boxer in the ring by 1987, showcasing his growth and development over the years.",4.4884,,
N9oznAO-AGE,N9oznAO-AGE,2,"Tyson's evolution as a boxer spans decades, starting from his early years in the ring, where he showed immense talent and strength, to his rise as a world champion in the 1980s and 1990s, culminating in his dominance in the sport.",4.4884,,
N9oznAO-AGE,N9oznAO-AGE,3,"Tyson's evolution as a boxer began with his rise to prominence in the 1980s, where he showcased his powerful and aggressive style, transitioning through various eras to maintain his status as a formidable and iconic figure in boxing, culminating in his more recent appearances where he continues to inspire admiration and respect",4.4884,,
N9oznAO-AGE,N9oznAO-AGE,4,"Tyson's evolution as a boxer spans from his early amateur career in 1975 to his peak dominance in the 1980s, where he won multiple world championships and became the youngest heavyweight champion of all time, showcasing his skill, power, and fighting spirit throughout the decades.",4.4884,,
N9oznAO-AGE,N9oznAO-AGE,5,"Tyson's evolution as a boxer is evident from his early years, where he was recognized as a boxing prodigy, to his peak in the late 1980s and early 1990s, where he dominated the heavyweight division, and finally to his later years, where he transitioned into",4.4884,,
N9oznAO-AGE,N9oznAO-AGE,6,"Tyson's evolution as a boxer showcases his journey from a young, raw talent in the ring in 1987 to becoming a formidable force in 1984, and ultimately becoming a boxing legend in 2022.",4.4884,,
N9oznAO-AGE,N9oznAO-AGE,7,"Tyson's evolution as a boxer spans from a young, skilled fighter in 1984 to a prominent figure in the sport, recognized for his impact and achievements from 1987 to 2022.",4.4884,,
N9oznAO-AGE,N9oznAO-AGE,8,"Tyson's evolution as a boxer is marked by his career spanning from 1975 to 2022, showcasing his rise from a young boxer to a legendary figure in the sport, with highlights including his title wins in 1984 and 1987, and his continued presence",4.4884,,
N9oznAO-AGE,N9oznAO-AGE,9,"Tyson's evolution as a boxer spans from his early years in the ring, where he is seen training and competing, to his peak years as a champion, as indicated by the high number of years and his victory stance, to his later appearances, showing his enduring presence and influence in the sport.",4.4884,,
N9oznAO-AGE,N9oznAO-AGE,10,"Tyson's evolution as a boxer is marked by his rise to prominence in the 1980s, his dominance in the 1990s, a hiatus in the 2000s, and a return to the ring in 2015, showcasing his enduring presence and legacy",4.4884,,
NbhaZCj6cVE,NbhaZCj6cVE,1,"The cartoon figures represent the numbers 7, 8, and 9.",3.299,,
NbhaZCj6cVE,NbhaZCj6cVE,2,"The cartoon figures represent the numbers 7, 8, and 9.",3.299,,
NbhaZCj6cVE,NbhaZCj6cVE,3,"The cartoon figures represent the numbers 7, 8, and 9.",3.299,,
NbhaZCj6cVE,NbhaZCj6cVE,4,"The cartoon figures represent the numbers 7, 8, and 9.",3.299,,
NbhaZCj6cVE,NbhaZCj6cVE,5,"The cartoon figures represent the numbers 7, 8, 9, and 1.",3.299,,
NbhaZCj6cVE,NbhaZCj6cVE,6,"The cartoon figures represent the numbers 7, 8, and 9.",3.299,,
NbhaZCj6cVE,NbhaZCj6cVE,7,"The cartoon figures represent the numbers 7, 8, and 9.",3.299,,
NbhaZCj6cVE,NbhaZCj6cVE,8,"The cartoon figures represent the numbers 7, 8, 1, and 9.",3.299,,
NbhaZCj6cVE,NbhaZCj6cVE,9,"The cartoon figures represent the numbers 7, 8, and 9.",3.299,,
NbhaZCj6cVE,NbhaZCj6cVE,10,"The cartoon figures represent the numbers 7, 8, 9, and 1.",3.299,,
NBNC_NWBy9Y,NBNC_NWBy9Y,1,"The images are humorously suggesting a playful comparison between a cat's life (referred to as ""cat life"") and the iconic Disney movie ""The Lion King,"" using the term ""Hetao King"" as a pun, alluding to a Chinese version of the lion king.",4.4833,,
NBNC_NWBy9Y,NBNC_NWBy9Y,2,"The images are humorously comparing a cat's calm demeanor to the majestic nature of the lion king, suggesting that the cat is ""living like a king.""",4.4833,,
NBNC_NWBy9Y,NBNC_NWBy9Y,3,"The images suggest an analogy between a cat's relaxed state and the calm leadership of the lion king, humorously implying that the cat can be as regal as a lion king, comparing its serene demeanor to the majestic nature of a lion king's rule.",4.4833,,
NBNC_NWBy9Y,NBNC_NWBy9Y,4,"The images suggest an analogy between the iconic ""The Lion King"" and the lesser-known ""The Hetao King,"" comparing the beloved Disney classic with a fictional or lesser-known counterpart.",4.4833,,
NBNC_NWBy9Y,NBNC_NWBy9Y,5,"The images are suggesting a playful analogy comparing a cat's life to the classic Disney movie ""The Lion King,"" humorously calling the cat ""The Hetao King"" in a reference to the character Mufasa.",4.4833,,
NBNC_NWBy9Y,NBNC_NWBy9Y,6,"The images suggest an analogy between a fluffy cat and a lion, implying that the cat is being ""crowned"" or symbolically elevated to a king-like status, much like the lion in ""The Lion King"" movie.",4.4833,,
NBNC_NWBy9Y,NBNC_NWBy9Y,7,"The images suggest a humorous analogy between a human's experience of being petted and the fictional lion king, with the text indicating a playful comparison to the character's journey or reign.",4.4833,,
NBNC_NWBy9Y,NBNC_NWBy9Y,8,"The images suggest a playful comparison between a human interacting with a cat and the classic movie ""The Lion King,"" humorously labeling the cat as ""The Hetao King"" to mimic the film's title and theme.",4.4833,,
NBNC_NWBy9Y,NBNC_NWBy9Y,9,"The images suggest an analogy where the cat is humorously compared to the iconic character Simba from ""The Lion King,"" playfully imagining the cat as a ""Hetao King"" or a cat version of the lion king.",4.4833,,
NBNC_NWBy9Y,NBNC_NWBy9Y,10,"The images suggest a playful analogy comparing a cat's life to a lion's journey, referencing ""The Lion King"" and humorously renaming it ""The Hetao King,"" implying a transformation from a pet to a regal figure.",4.4833,,
NBxr52ifOcA,NBxr52ifOcA,1,The boxer in the white shorts lost the fight.,3.5512,,
NBxr52ifOcA,NBxr52ifOcA,2,The fighter wearing the red gloves lost the fight.,3.5512,,
NBxr52ifOcA,NBxr52ifOcA,3,Davis,3.5512,,
NBxr52ifOcA,NBxr52ifOcA,4,SAITTA,3.5512,,
NBxr52ifOcA,NBxr52ifOcA,5,The boxer wearing white shorts lost the fight.,3.5512,,
NBxr52ifOcA,NBxr52ifOcA,6,The boxer in white shorts lost the fight.,3.5512,,
NBxr52ifOcA,NBxr52ifOcA,7,The boxer in the white shorts and red gloves lost the fight.,3.5512,,
NBxr52ifOcA,NBxr52ifOcA,8,The boxer in white shorts lost the fight.,3.5512,,
NBxr52ifOcA,NBxr52ifOcA,9,Davis,3.5512,,
NBxr52ifOcA,NBxr52ifOcA,10,DAVIS,3.5512,,
NFd2lPoV8Wo,NFd2lPoV8Wo,1,"The last robot, labeled ""1/3,"" is shown at the end of the video, suggesting a progression or a sequence of events.",3.7146,,
NFd2lPoV8Wo,NFd2lPoV8Wo,2,"The last robot, labeled ""JUST A NORMAL PERSON,"" reappears in the doorway with a different expression, suggesting a change in the situation or the robot's mood.",3.7146,,
NFd2lPoV8Wo,NFd2lPoV8Wo,3,"The last robot, which is labeled as ""JUST A NORMAL PERSON,"" appears to be the final character in the sequence and is standing in the doorway.",3.7146,,
NFd2lPoV8Wo,NFd2lPoV8Wo,4,"The last robot, who is labeled ""JUST A NORMAL PERSON,"" exits the doorway and is shown with a neutral expression, indicating that he is just a normal person in this context.",3.7146,,
NFd2lPoV8Wo,NFd2lPoV8Wo,5,The last robot appears to be floating or hovering in the air at the end of the video.,3.7146,,
NFd2lPoV8Wo,NFd2lPoV8Wo,6,"The last robot, with dreadlocks and a sad expression, is shown at the end of the video, likely indicating a moment of realization or contemplation.",3.7146,,
NFd2lPoV8Wo,NFd2lPoV8Wo,7,"The last robot, wearing a hat, stands in the doorway, looking surprised or confused.",3.7146,,
NFd2lPoV8Wo,NFd2lPoV8Wo,8,The last robot floats away at the end of the video.,3.7146,,
NFd2lPoV8Wo,NFd2lPoV8Wo,9,"The last robot, with dreadlocks, enters the doorway.",3.7146,,
NFd2lPoV8Wo,NFd2lPoV8Wo,10,The last robot jumps out of the doorway.,3.7146,,
NhrHBFbw9Uo,NhrHBFbw9Uo,1,"After the new SUV is backed down the driveway, a man walks in front of it while another person takes a photo of it.",3.8689,,
NhrHBFbw9Uo,NhrHBFbw9Uo,2,The new SUV is shown driving away down the street.,3.8689,,
NhrHBFbw9Uo,NhrHBFbw9Uo,3,"After the new SUV is backed down the driveway, two men walk past it and into a building.",3.8689,,
NhrHBFbw9Uo,NhrHBFbw9Uo,4,The SUV exits the driveway and drives away.,3.8689,,
NhrHBFbw9Uo,NhrHBFbw9Uo,5,"After the new SUV is backed down the driveway, two men walk in the same direction, one taking a photo with a phone.",3.8689,,
NhrHBFbw9Uo,NhrHBFbw9Uo,6,"After the new SUV is backed down the driveway, a man in a striped shirt is seen taking a picture of the car as it drives away.",3.8689,,
NhrHBFbw9Uo,NhrHBFbw9Uo,7,"After the new SUV is backed down the driveway, a man in a black shirt walks towards the vehicle, followed by another man in a striped shirt.",3.8689,,
NhrHBFbw9Uo,NhrHBFbw9Uo,8,"After the new SUV is backed down the driveway, a man in a striped shirt walks by while another man in a white shirt is seen in the background.",3.8689,,
NhrHBFbw9Uo,NhrHBFbw9Uo,9,The SUV is then parked in front of a white door with a person entering the vehicle.,3.8689,,
NhrHBFbw9Uo,NhrHBFbw9Uo,10,A man in a striped shirt walks out from a doorway.,3.8689,,
NjfNx1uhEJE,NjfNx1uhEJE,1,The tall young man at the ticket counter responds to the girls' voices and sees them by reaching for his ticket and checking his ID.,3.8842,,
NjfNx1uhEJE,NjfNx1uhEJE,2,The tall young man at the ticket counter walks away after hearing the girls' voices and seeing them.,3.8842,,
NjfNx1uhEJE,NjfNx1uhEJE,3,The tall young man at the ticket counter looks up and smiles at the girls after hearing their voices and seeing them.,3.8842,,
NjfNx1uhEJE,NjfNx1uhEJE,4,"The tall young man at the ticket counter looks up and sees the girls, indicating his awareness of their presence.",3.8842,,
NjfNx1uhEJE,NjfNx1uhEJE,5,The tall young man at the ticket counter turns around and walks away after hearing the girls' voices and seeing them.,3.8842,,
NjfNx1uhEJE,NjfNx1uhEJE,6,The tall young man at the ticket counter starts to walk away after hearing the girls' voices and seeing them.,3.8842,,
NjfNx1uhEJE,NjfNx1uhEJE,7,"The tall young man at the ticket counter turns around and walks towards the girls, likely to assist them with their query or transaction.",3.8842,,
NjfNx1uhEJE,NjfNx1uhEJE,8,"The tall young man at the ticket counter looks up, hears the girls' voices, and sees them, indicating he is aware of their presence and may be preparing to assist them.",3.8842,,
NjfNx1uhEJE,NjfNx1uhEJE,9,"The tall young man at the ticket counter hands over his ticket to the attendant and then moves to the side, appearing to be in a hurry.",3.8842,,
NjfNx1uhEJE,NjfNx1uhEJE,10,"The tall young man at the ticket counter interacts with the girls by taking their tickets and proceeds to a different counter, likely to continue assisting them with their travel arrangements.",3.8842,,
NK5Ln-1tVGc,NK5Ln-1tVGc,1,"The young girl is speaking in front of the camera to introduce herself and share her excitement about performing ""Part of Your World"" from The Little Mermaid at Disneyland.",3.7704,,
NK5Ln-1tVGc,NK5Ln-1tVGc,2,"The young girl is speaking in front of the camera to introduce herself and share her excitement about performing ""Part of Your World"" from ""The Little Mermaid"" at Disneyland.",3.7704,,
NK5Ln-1tVGc,NK5Ln-1tVGc,3,"The young girl is speaking in front of the camera to introduce herself and share her excitement about performing ""Part of Your World"" from The Little Mermaid at Disneyland.",3.7704,,
NK5Ln-1tVGc,NK5Ln-1tVGc,4,The young girl is speaking in front of the camera to introduce herself and express her excitement about performing a song at Disneyland.,3.7704,,
NK5Ln-1tVGc,NK5Ln-1tVGc,5,"The young girl is speaking in front of the camera to introduce herself, express her excitement about performing, and invite the audience to watch her performance of ""Part of Your World"" from ""The Little Mermaid"" at Disneyland.",3.7704,,
NK5Ln-1tVGc,NK5Ln-1tVGc,6,"The young girl is speaking in front of the camera to introduce herself and share that she will be performing ""Part of Your World"" from The Little Mermaid at Disneyland.",3.7704,,
NK5Ln-1tVGc,NK5Ln-1tVGc,7,"The young girl is speaking in front of the camera to introduce herself and share her excitement about performing ""Part of Your World"" from The Little Mermaid at Disneyland.",3.7704,,
NK5Ln-1tVGc,NK5Ln-1tVGc,8,"The young girl is speaking in front of the camera to introduce herself and share her excitement about performing ""Part of Your World"" from ""The Little Mermaid"" at Disneyland.",3.7704,,
NK5Ln-1tVGc,NK5Ln-1tVGc,9,"The young girl is speaking in front of the camera to introduce herself and share her excitement about performing ""Part of Your World"" from The Little Mermaid at Disneyland.",3.7704,,
NK5Ln-1tVGc,NK5Ln-1tVGc,10,"The young girl is speaking in front of the camera to introduce her performance of ""Part of Your World"" from ""The Little Mermaid"" at Disneyland.",3.7704,,
NkXPPJoZ-h8,NkXPPJoZ-h8,1,The video does not provide any sound.,3.5026,,
NkXPPJoZ-h8,NkXPPJoZ-h8,2,A cat's purring sound is heard.,3.5026,,
NkXPPJoZ-h8,NkXPPJoZ-h8,3,A cat's meowing sound is heard in the video.,3.5026,,
NkXPPJoZ-h8,NkXPPJoZ-h8,4,"The video does not provide any sound, only visuals.",3.5026,,
NkXPPJoZ-h8,NkXPPJoZ-h8,5,The sound of a cat meowing is heard.,3.5026,,
NkXPPJoZ-h8,NkXPPJoZ-h8,6,The video does not provide any sound.,3.5026,,
NkXPPJoZ-h8,NkXPPJoZ-h8,7,The video does not contain any sound.,3.5026,,
NkXPPJoZ-h8,NkXPPJoZ-h8,8,The sound heard in the video is the cat's meowing.,3.5026,,
NkXPPJoZ-h8,NkXPPJoZ-h8,9,The sound of a kitten meowing is heard in the video.,3.5026,,
NkXPPJoZ-h8,NkXPPJoZ-h8,10,The sound of a cat's paw tapping on the glass.,3.5026,,
NM3dmMD45iI,NM3dmMD45iI,1,"The men are expressing disappointment and humor about the train taking them into the water, suggesting it was not as expected.",4.1777,,
NM3dmMD45iI,NM3dmMD45iI,2,"The men seem to be expressing disappointment and dissatisfaction with the train ride, as indicated by the text overlay ""Jsuis d??u du train"" which translates to ""I'm disappointed with the train.""",4.1777,,
NM3dmMD45iI,NM3dmMD45iI,3,"The men are humorously expressing disappointment and finding it amusing that the train is in the water, as indicated by the text ""Inoxtag prend le train dans l'eau"" with a laughing emoji.",4.1777,,
NM3dmMD45iI,NM3dmMD45iI,4,"The men are expressing disappointment with the train and humorously suggesting that Inoxtag might be taking the train into the water, which is a playful exaggeration.",4.1777,,
NM3dmMD45iI,NM3dmMD45iI,5,The men are clearly disappointed and feel that the train should not be taking them into the water.,4.1777,,
NM3dmMD45iI,NM3dmMD45iI,6,"The men seem disappointed with the train ride, as indicated by the text overlay and their expressions.",4.1777,,
NM3dmMD45iI,NM3dmMD45iI,7,The men are expressing disappointment and finding the idea of taking the train into the water amusing.,4.1777,,
NM3dmMD45iI,NM3dmMD45iI,8,"The men are expressing disappointment with taking the train into the water, as indicated by the text overlay ""Jsuis d??u du train"" which means ""I'm disappointed with the train"" in French.",4.1777,,
NM3dmMD45iI,NM3dmMD45iI,9,The men seem to be disappointed with the train as they mention taking the train into the water.,4.1777,,
NM3dmMD45iI,NM3dmMD45iI,10,"The men appear to be jokingly expressing disappointment about taking the train into the water, as indicated by the text overlay ""J'suis d??u du train"" and the laughing emoji.",4.1777,,
NN7G28sBOlY,NN7G28sBOlY,1,The woman pets the horse's nose and asks the bystander how old the horse is.,4.056,,
NN7G28sBOlY,NN7G28sBOlY,2,"The woman asks the bystander, ""How old is this horse?""",4.056,,
NN7G28sBOlY,NN7G28sBOlY,3,"The bystander, who claims to be a horse expert, informs the woman that the horse is 30 years old.",4.056,,
NN7G28sBOlY,NN7G28sBOlY,4,"The woman pets the white horse and asks the bystander how old the horse is, but the bystander responds that she doesn't know.",4.056,,
NN7G28sBOlY,NN7G28sBOlY,5,"The bystander responds that the horse's age is not written on its stall door and suggests that it was born in 1981, subtracting one year to account for the non-consideration of the year of birth.",4.056,,
NN7G28sBOlY,NN7G28sBOlY,6,"The bystander, wearing a floral shirt and vest, responds by saying the horse is from 1981, so it is 39 years old.",4.056,,
NN7G28sBOlY,NN7G28sBOlY,7,The bystander mentions that the horse's age is written on its door.,4.056,,
NN7G28sBOlY,NN7G28sBOlY,8,"The woman pets the horse's nose and asks the bystander, ""How old is the horse?""",4.056,,
NN7G28sBOlY,NN7G28sBOlY,9,"The bystander, labeled as ""les autres,"" responds humorously by stating that the horse is 23 years old, counting backwards from the year 1991 when the pony's mother was born.",4.056,,
NN7G28sBOlY,NN7G28sBOlY,10,The bystander humorously responds by pointing out that the horse's age is written on its stall door.,4.056,,
NNtFFnEXrjw,NNtFFnEXrjw,1,The woman demonstrates a method of rolling a paper towel from both ends and wrapping it with tape to securely dispose of it.,4.1847,,
NNtFFnEXrjw,NNtFFnEXrjw,2,The woman demonstrates a genius way to dispose of a napkin by rolling it from both ends and taping the edges together.,4.1847,,
NNtFFnEXrjw,NNtFFnEXrjw,3,The woman demonstrates a new method of disposing of a sanitary pad by rolling it tightly from both ends and taping it securely.,4.1847,,
NNtFFnEXrjw,NNtFFnEXrjw,4,The woman demonstrates a method for disposing of a sanitary pad that involves wrapping it tightly with tape to ensure it cannot be opened.,4.1847,,
NNtFFnEXrjw,NNtFFnEXrjw,5,"The woman demonstrates a more efficient and secure method of disposing of a sanitary pad by rolling it from both ends, ensuring the tape faces each other, and wrapping it in a way that prevents it from opening.",4.1847,,
NNtFFnEXrjw,NNtFFnEXrjw,6,The woman demonstrates a method to dispose of a sanitary pad by rolling it from both ends and wrapping it in tape to ensure it cannot be opened.,4.1847,,
NNtFFnEXrjw,NNtFFnEXrjw,7,The woman demonstrates a new and effective method for disposing of a sanitary pad.,4.1847,,
NNtFFnEXrjw,NNtFFnEXrjw,8,The woman demonstrates a method of disposing of a napkin that ensures the contents are concealed and won't come undone.,4.1847,,
NNtFFnEXrjw,NNtFFnEXrjw,9,The woman demonstrates a new method of disposing of a sanitary pad by wrapping it in toilet paper and then rolling it tightly.,4.1847,,
NNtFFnEXrjw,NNtFFnEXrjw,10,"The woman demonstrates a genius way to dispose of a sanitary pad by rolling it from both ends, sticking the tape surfaces together, and then wrapping it tightly.",4.1847,,
NQM30GUj_7s,NQM30GUj_7s,1,The speaker gestures with his hand once.,4.0331,,
NQM30GUj_7s,NQM30GUj_7s,2,The speaker gestures with his hand once.,4.0331,,
NQM30GUj_7s,NQM30GUj_7s,3,The speaker gestures with his hand once.,4.0331,,
NQM30GUj_7s,NQM30GUj_7s,4,The speaker gestures with his hand once.,4.0331,,
NQM30GUj_7s,NQM30GUj_7s,5,"The speaker gestures with his hand once, pointing upwards.",4.0331,,
NQM30GUj_7s,NQM30GUj_7s,6,The speaker gestures with his hand once.,4.0331,,
NQM30GUj_7s,NQM30GUj_7s,7,"The speaker gestures with his hand once, pointing to himself.",4.0331,,
NQM30GUj_7s,NQM30GUj_7s,8,The speaker gestures with his hand once.,4.0331,,
NQM30GUj_7s,NQM30GUj_7s,9,"The speaker gestures with his hand once, at the beginning of the video.",4.0331,,
NQM30GUj_7s,NQM30GUj_7s,10,The speaker gestures with his hand once.,4.0331,,
NrB4LPosWBk,NrB4LPosWBk,1,JUSTICE,3.5645,,
NrB4LPosWBk,NrB4LPosWBk,2,Justice,3.5645,,
NrB4LPosWBk,NrB4LPosWBk,3,Justice,3.5645,,
NrB4LPosWBk,NrB4LPosWBk,4,JUSTICE,3.5645,,
NrB4LPosWBk,NrB4LPosWBk,5,JUSTICE,3.5645,,
NrB4LPosWBk,NrB4LPosWBk,6,JUSTICE,3.5645,,
NrB4LPosWBk,NrB4LPosWBk,7,JUSTICE,3.5645,,
NrB4LPosWBk,NrB4LPosWBk,8,Justice,3.5645,,
NrB4LPosWBk,NrB4LPosWBk,9,Justice.,3.5645,,
NrB4LPosWBk,NrB4LPosWBk,10,JUSTICE,3.5645,,
NS4xBlXvjVY,NS4xBlXvjVY,1,"The video humorously depicts a scenario where Aang's words are misunderstood by Ozai, highlighting a communication gap.",4.1556,,
NS4xBlXvjVY,NS4xBlXvjVY,2,"The video humorously depicts a scenario where Aang's words are misinterpreted by Ozai, creating a comedic misunderstanding.",4.1556,,
NS4xBlXvjVY,NS4xBlXvjVY,3,"The video humorously depicts a scenario where Aang's words are misinterpreted by Ozai, showcasing a mix of confusion and frustration.",4.1556,,
NS4xBlXvjVY,NS4xBlXvjVY,4,"The video humorously depicts a character's literal interpretation of another character's speech, showcasing the misunderstanding between the two.",4.1556,,
NS4xBlXvjVY,NS4xBlXvjVY,5,"The video humorously depicts a scenario where Aang's words are misinterpreted by Ozai, creating a comedic misunderstanding.",4.1556,,
NS4xBlXvjVY,NS4xBlXvjVY,6,"The video humorously contrasts what a character, Aang, said with how Ozai interpreted it, showcasing a misunderstanding or miscommunication.",4.1556,,
NS4xBlXvjVY,NS4xBlXvjVY,7,"The video humorously contrasts what Aang said with what Ozai heard, highlighting a miscommunication.",4.1556,,
NS4xBlXvjVY,NS4xBlXvjVY,8,"The video humorously contrasts what Aang (from Avatar: The Last Airbender) says with what Ozai (another character) hears, highlighting a communication gap.",4.1556,,
NS4xBlXvjVY,NS4xBlXvjVY,9,"The video humorously depicts the miscommunication between Aang and Ozai, where Aang's words are distorted and misinterpreted by Ozai.",4.1556,,
NS4xBlXvjVY,NS4xBlXvjVY,10,"The video humorously depicts a scenario where Aang's words are misinterpreted by Ozai, leading to a misunderstanding.",4.1556,,
NsF80sL5wy4,NsF80sL5wy4,1,"The ghosts are saying ""Boo!"" in a playful and eerie manner, adding to the Halloween ambiance.",3.6625,,
NsF80sL5wy4,NsF80sL5wy4,2,The ghosts are not saying anything; they are merely props in the video.,3.6625,,
NsF80sL5wy4,NsF80sL5wy4,3,"The ghosts are saying ""Boo!"" in a playful manner.",3.6625,,
NsF80sL5wy4,NsF80sL5wy4,4,"The ghosts are saying ""Boo!"" in a playful manner.",3.6625,,
NsF80sL5wy4,NsF80sL5wy4,5,"The ghosts are saying ""trick or treat"" in response to the person's actions.",3.6625,,
NsF80sL5wy4,NsF80sL5wy4,6,The ghosts are not saying anything in this video.,3.6625,,
NsF80sL5wy4,NsF80sL5wy4,7,"The ghosts are saying ""Boo!"" and ""Happy Halloween!"" in this video.",3.6625,,
NsF80sL5wy4,NsF80sL5wy4,8,The ghosts are not saying anything; they are just standing there.,3.6625,,
NsF80sL5wy4,NsF80sL5wy4,9,"The ghosts are saying ""Boo!"" in a playful manner.",3.6625,,
NsF80sL5wy4,NsF80sL5wy4,10,The ghosts are not saying anything in this video.,3.6625,,
NTFy32oOlsU,NTFy32oOlsU,1,"They successfully outsmarted the opposing team by making them believe they had given up on the play, allowing them to safely reach second base.",3.8332,,
NTFy32oOlsU,NTFy32oOlsU,2,"The runner in the blue jersey managed to stay ahead of the base runner, allowing him to safely reach second base.",3.8332,,
NTFy32oOlsU,NTFy32oOlsU,3,"The runner in the blue jersey made the other team think he'd given up on the play, allowing him to safely reach second base.",3.8332,,
NTFy32oOlsU,NTFy32oOlsU,4,"The runner in the blue jersey made the other team think he had given up on the play, allowing the runner on second base to safely reach third base.",3.8332,,
NTFy32oOlsU,NTFy32oOlsU,5,"The runner in the blue jersey successfully avoided being tagged out by the baseman, allowing him to safely reach second base.",3.8332,,
NTFy32oOlsU,NTFy32oOlsU,6,"The runner in the blue jersey successfully made the other team think he had given up on the play, allowing him to remain safe at second base.",3.8332,,
NTFy32oOlsU,NTFy32oOlsU,7,"The runner in the blue jersey managed to get the other team to think he had given up on the play, allowing him to remain safe and reach second base.",3.8332,,
NTFy32oOlsU,NTFy32oOlsU,8,"The runner in the blue jersey successfully reached second base without being tagged by the opposing player, who was attempting to make the play.",3.8332,,
NTFy32oOlsU,NTFy32oOlsU,9,"The runner in the blue uniform successfully made the other team think he had given up on the play, allowing him to remain safe and reach second base.",3.8332,,
NTFy32oOlsU,NTFy32oOlsU,10,"The runner in the blue uniform skillfully evaded the tag from the opposing player by feinting the play, making the other team think he had given up on the play, thus allowing him to safely reach second base.",3.8332,,
NUmb2P3Bzu8,NUmb2P3Bzu8,1,The speaker's expressive hand gestures and passionate delivery suggest they are deeply engaged and emotionally invested in the topic.,4.2246,,
NUmb2P3Bzu8,NUmb2P3Bzu8,2,The speaker's hand gestures and facial expressions convey a sense of emotional engagement and passion about the topic.,4.2246,,
NUmb2P3Bzu8,NUmb2P3Bzu8,3,The speaker is getting emotional about the topic as evidenced by their expressive hand gestures and animated facial movements.,4.2246,,
NUmb2P3Bzu8,NUmb2P3Bzu8,4,"The speaker's hand gestures and facial expressions, such as raising a finger and speaking with emphasis, indicate emotional engagement with the topic.",4.2246,,
NUmb2P3Bzu8,NUmb2P3Bzu8,5,The speaker is getting emotional about the topic as indicated by their expressive hand gestures and animated facial expressions.,4.2246,,
NUmb2P3Bzu8,NUmb2P3Bzu8,6,The speaker is getting emotional about the topic as evidenced by their expressive hand gestures and the intensity with which they hold the microphone.,4.2246,,
NUmb2P3Bzu8,NUmb2P3Bzu8,7,The speaker's hand gestures and expressive face convey a sense of emotional engagement with the topic.,4.2246,,
NUmb2P3Bzu8,NUmb2P3Bzu8,8,"The speaker's hand gestures and facial expressions, such as leaning forward and emphasizing points with their hands, indicate they are becoming emotional about the topic.",4.2246,,
NUmb2P3Bzu8,NUmb2P3Bzu8,9,The speaker's hand gestures and facial expressions suggest they are emotionally engaged with the topic.,4.2246,,
NUmb2P3Bzu8,NUmb2P3Bzu8,10,"The speaker's hand gestures become more animated and expressive, indicating a growing emotional connection to the topic.",4.2246,,
Nvg0mgGelUU,Nvg0mgGelUU,1,"The sign on the refrigerator door says ""Ice Cream"".",3.8664,,
Nvg0mgGelUU,Nvg0mgGelUU,2,"The sign on the refrigerator door says ""Milk"" and ""Cheese"".",3.8664,,
Nvg0mgGelUU,Nvg0mgGelUU,3,"The sign on the refrigerator door says ""EAT ME"".",3.8664,,
Nvg0mgGelUU,Nvg0mgGelUU,4,"The sign on the refrigerator door says ""How many ice creams did you eat?""",3.8664,,
Nvg0mgGelUU,Nvg0mgGelUU,5,"The sign on the refrigerator door says ""FRESH"".",3.8664,,
Nvg0mgGelUU,Nvg0mgGelUU,6,"The sign on the refrigerator door says ""EAT.""",3.8664,,
Nvg0mgGelUU,Nvg0mgGelUU,7,"The sign says ""Pierre how many ice creams did you eat?""",3.8664,,
Nvg0mgGelUU,Nvg0mgGelUU,8,"The sign on the refrigerator door says ""No Ice Creams"".",3.8664,,
Nvg0mgGelUU,Nvg0mgGelUU,9,"The sign on the refrigerator door says ""FRESH"".",3.8664,,
Nvg0mgGelUU,Nvg0mgGelUU,10,"The sign on the refrigerator door says ""Please keep this door closed.""",3.8664,,
Nvg87OLVObE,Nvg87OLVObE,1,The cartoon characters are shouting at each other because they are competing for the soccer trophy.,3.8088,,
Nvg87OLVObE,Nvg87OLVObE,2,"The cartoon characters are shouting at each other likely because they are competing over the World Cup trophy, which is the central focus of their interaction.",3.8088,,
Nvg87OLVObE,Nvg87OLVObE,3,"The cartoon characters are shouting at each other because they are competing over the World Cup trophy, indicating a rivalry or intense competition between the two teams.",3.8088,,
Nvg87OLVObE,Nvg87OLVObE,4,"The cartoon characters are shouting at each other because they are competing for the World Cup trophy, symbolizing the rivalry between Brazil and Argentina in soccer.",3.8088,,
Nvg87OLVObE,Nvg87OLVObE,5,The cartoon characters are shouting at each other because they are competing for the World Cup trophy.,3.8088,,
Nvg87OLVObE,Nvg87OLVObE,6,"The cartoon characters are shouting at each other because they are engaged in a heated debate or disagreement, possibly about the World Cup trophy.",3.8088,,
Nvg87OLVObE,Nvg87OLVObE,7,"The cartoon characters are shouting at each other because they are competing for the soccer trophy, showing intense rivalry and determination.",3.8088,,
Nvg87OLVObE,Nvg87OLVObE,8,"The cartoon characters are shouting at each other because they are competing for the World Cup trophy, which is in the center of the scene.",3.8088,,
Nvg87OLVObE,Nvg87OLVObE,9,"The cartoon characters are shouting at each other because they are engaged in a heated argument, likely about a soccer match, as indicated by the soccer ball and the context of the characters' attire and expressions.",3.8088,,
Nvg87OLVObE,Nvg87OLVObE,10,The cartoon characters are shouting at each other because they are competing for the World Cup trophy.,3.8088,,
NVkXXOpygeg,NVkXXOpygeg,1,There are two fish in the drawing.,3.8735,,
NVkXXOpygeg,NVkXXOpygeg,2,There are two fish in the drawing.,3.8735,,
NVkXXOpygeg,NVkXXOpygeg,3,There are two fish in the drawing.,3.8735,,
NVkXXOpygeg,NVkXXOpygeg,4,Two fish.,3.8735,,
NVkXXOpygeg,NVkXXOpygeg,5,There are two fish in the drawing.,3.8735,,
NVkXXOpygeg,NVkXXOpygeg,6,There are two fish in the drawing.,3.8735,,
NVkXXOpygeg,NVkXXOpygeg,7,There are two fish in the drawing.,3.8735,,
NVkXXOpygeg,NVkXXOpygeg,8,There are two fish in the drawing.,3.8735,,
NVkXXOpygeg,NVkXXOpygeg,9,Two.,3.8735,,
NVkXXOpygeg,NVkXXOpygeg,10,There are two fish in the drawing.,3.8735,,
NW3Mhr76ClM,NW3Mhr76ClM,1,The video does not contain any dialogue or audio from W2S.,4.0607,,
NW3Mhr76ClM,NW3Mhr76ClM,2,W2S doesn't say anything in this video; the video focuses on a person riding a golf cart through a grassy yard.,4.0607,,
NW3Mhr76ClM,NW3Mhr76ClM,3,"W2S says ""wait"" in this video.",4.0607,,
NW3Mhr76ClM,NW3Mhr76ClM,4,"The video shows a person riding a go-kart in a backyard, but it does not provide any audio or dialogue from W2S.",4.0607,,
NW3Mhr76ClM,NW3Mhr76ClM,5,The video does not contain any audio or spoken words from W2S.,4.0607,,
NW3Mhr76ClM,NW3Mhr76ClM,6,"W2S says ""ahhh"" once in the video.",4.0607,,
NW3Mhr76ClM,NW3Mhr76ClM,7,"W2S is not present in the video, and therefore cannot be heard or seen making any statement.",4.0607,,
NW3Mhr76ClM,NW3Mhr76ClM,8,W2S is silent throughout the video.,4.0607,,
NW3Mhr76ClM,NW3Mhr76ClM,9,"W2S says ""You're on your own"" in the video.",4.0607,,
NW3Mhr76ClM,NW3Mhr76ClM,10,W2S remains silent throughout the video.,4.0607,,
NwUjBfzE7CU,NwUjBfzE7CU,1,Two people are working on the roof.,4.0531,,
NwUjBfzE7CU,NwUjBfzE7CU,2,There are two people working on the roof.,4.0531,,
NwUjBfzE7CU,NwUjBfzE7CU,3,Two people are working on the roof.,4.0531,,
NwUjBfzE7CU,NwUjBfzE7CU,4,There are two people working on the roof.,4.0531,,
NwUjBfzE7CU,NwUjBfzE7CU,5,There are two people working on the roof.,4.0531,,
NwUjBfzE7CU,NwUjBfzE7CU,6,There are two people working on the roof.,4.0531,,
NwUjBfzE7CU,NwUjBfzE7CU,7,Two people are working on the roof.,4.0531,,
NwUjBfzE7CU,NwUjBfzE7CU,8,There are two people working on the roof.,4.0531,,
NwUjBfzE7CU,NwUjBfzE7CU,9,There are two people working on the roof.,4.0531,,
NwUjBfzE7CU,NwUjBfzE7CU,10,Two people are working on the roof.,4.0531,,
NzCvq05qJlo,NzCvq05qJlo,1,The man in black proceeds to pin the man in red shorts to the mat.,4.0346,,
NzCvq05qJlo,NzCvq05qJlo,2,The person in the black outfit gains control and pins the individual in red shorts to the mat.,4.0346,,
NzCvq05qJlo,NzCvq05qJlo,3,The guy in black is then flipped over by the guy in red shorts.,4.0346,,
NzCvq05qJlo,NzCvq05qJlo,4,"The wrestler in black maintains a dominant position, controlling the opponent's legs and upper body.",4.0346,,
NzCvq05qJlo,NzCvq05qJlo,5,"The person in black clothes gains the upper hand and pins the red shorts person down, applying a hold.",4.0346,,
NzCvq05qJlo,NzCvq05qJlo,6,"The wrestler in black maintains control, securing a pinning position on the red shorts wrestler.",4.0346,,
NzCvq05qJlo,NzCvq05qJlo,7,"The wrestler in black successfully pins the opponent in red shorts to the mat, signifying a victory in the wrestling match.",4.0346,,
NzCvq05qJlo,NzCvq05qJlo,8,The guy in red shorts is pinned down by the opponent in black.,4.0346,,
NzCvq05qJlo,NzCvq05qJlo,9,"The guy in red shorts is pinned to the ground by the other wrestler, who is wearing black.",4.0346,,
NzCvq05qJlo,NzCvq05qJlo,10,The man in black and red shorts grapples on the ground with the man in black.,4.0346,,
Nzi5IMGq-p8,Nzi5IMGq-p8,1,There is one heart on the screen.,3.4206,,
Nzi5IMGq-p8,Nzi5IMGq-p8,2,There is one heart on the screen.,3.4206,,
Nzi5IMGq-p8,Nzi5IMGq-p8,3,There is one heart on the screen.,3.4206,,
Nzi5IMGq-p8,Nzi5IMGq-p8,4,There are two hearts on the screen.,3.4206,,
Nzi5IMGq-p8,Nzi5IMGq-p8,5,There are two hearts on the screen.,3.4206,,
Nzi5IMGq-p8,Nzi5IMGq-p8,6,There is one heart on the screen.,3.4206,,
Nzi5IMGq-p8,Nzi5IMGq-p8,7,There are two hearts on the screen.,3.4206,,
Nzi5IMGq-p8,Nzi5IMGq-p8,8,There is one heart on the screen.,3.4206,,
Nzi5IMGq-p8,Nzi5IMGq-p8,9,There is one heart on the screen.,3.4206,,
Nzi5IMGq-p8,Nzi5IMGq-p8,10,There is one heart on the screen.,3.4206,,
O-d2M-zIMPo,O-d2M-zIMPo,1,"To take an aerial video, you can use a drone or a camera mounted on a vehicle, such as a car or a bicycle. Ensure that you are in a safe and legal area to capture the footage.",3.9892,,
O-d2M-zIMPo,O-d2M-zIMPo,2,"To take an aerial video, you can use a drone or a camera mounted on a drone, and then fly it over the area you want to capture. Ensure you have permission to fly a drone in the area and that you are not violating any laws or regulations.",3.9892,,
O-d2M-zIMPo,O-d2M-zIMPo,3,"To take an aerial video, you typically need a drone or a similar device capable of capturing footage from above. Ensure the drone is controlled safely and respect any local laws or regulations regarding drone use.",3.9892,,
O-d2M-zIMPo,O-d2M-zIMPo,4,"To take an aerial video, you can use a drone or a camera attached to a remote-controlled vehicle.",3.9892,,
O-d2M-zIMPo,O-d2M-zIMPo,5,"To take an aerial video, you can use a drone or a camera mounted on a vehicle, such as a car or a helicopter, to capture footage from above.",3.9892,,
O-d2M-zIMPo,O-d2M-zIMPo,6,"To take an aerial video, you can use a drone to capture footage from above.",3.9892,,
O-d2M-zIMPo,O-d2M-zIMPo,7,"To take an aerial video, you can use a drone to capture footage from above.",3.9892,,
O-d2M-zIMPo,O-d2M-zIMPo,8,"To take an aerial video, you can use a drone or a camera mounted on a kite, balloon, or other flying object.",3.9892,,
O-d2M-zIMPo,O-d2M-zIMPo,9,"To take an aerial video, you would typically use a drone or a camera mounted on a vehicle, such as a car or a boat. Ensure the drone is operated legally and safely within the airspace regulations of your location.",3.9892,,
O-d2M-zIMPo,O-d2M-zIMPo,10,"To take an aerial video, you can use a drone or a camera mounted on a vehicle, such as a car or a helicopter, to capture footage from above.",3.9892,,
O44HmlgDbTs,O44HmlgDbTs,1,"The machine is processing documents, possibly scanning or printing, as indicated by the presence of a stack of papers and the active screen displaying a document.",3.7466,,
O44HmlgDbTs,O44HmlgDbTs,2,The machine is printing out a document.,3.7466,,
O44HmlgDbTs,O44HmlgDbTs,3,The machine is printing a document.,3.7466,,
O44HmlgDbTs,O44HmlgDbTs,4,The machine is printing a document.,3.7466,,
O44HmlgDbTs,O44HmlgDbTs,5,The machine is scanning a document and sending it to a computer.,3.7466,,
O44HmlgDbTs,O44HmlgDbTs,6,The machine is printing a document with Braille.,3.7466,,
O44HmlgDbTs,O44HmlgDbTs,7,The machine is printing a document.,3.7466,,
O44HmlgDbTs,O44HmlgDbTs,8,The machine is printing a document.,3.7466,,
O44HmlgDbTs,O44HmlgDbTs,9,The machine is processing and printing out a document with Braille and printed text.,3.7466,,
O44HmlgDbTs,O44HmlgDbTs,10,The machine is printing out a document.,3.7466,,
O5Qh7EZ3M1I,O5Qh7EZ3M1I,1,The second character is holding a cat.,3.6159,,
O5Qh7EZ3M1I,O5Qh7EZ3M1I,2,The second character is holding two cats.,3.6159,,
O5Qh7EZ3M1I,O5Qh7EZ3M1I,3,The second character is holding two mice.,3.6159,,
O5Qh7EZ3M1I,O5Qh7EZ3M1I,4,The second character is holding two smaller animal-like creatures.,3.6159,,
O5Qh7EZ3M1I,O5Qh7EZ3M1I,5,The second character is holding two kittens.,3.6159,,
O5Qh7EZ3M1I,O5Qh7EZ3M1I,6,The second character is holding multiple mice.,3.6159,,
O5Qh7EZ3M1I,O5Qh7EZ3M1I,7,"The second character is holding a group of smaller animals, which appear to be cats.",3.6159,,
O5Qh7EZ3M1I,O5Qh7EZ3M1I,8,The second character is holding two small dogs.,3.6159,,
O5Qh7EZ3M1I,O5Qh7EZ3M1I,9,"The second character is holding two small, white, cat-like animals.",3.6159,,
O5Qh7EZ3M1I,O5Qh7EZ3M1I,10,The second character is holding two cats.,3.6159,,
O60MtMuSpf8,O60MtMuSpf8,1,"The image of the herpes virus is not provided in the image, but it is typically depicted in medical illustrations as a small, red, raised bump or blister.",4.0684,,
O60MtMuSpf8,O60MtMuSpf8,2,The image of the herpes virus is in a red color.,4.0684,,
O60MtMuSpf8,O60MtMuSpf8,3,"The image of the herpes virus is in a pink and white color scheme, with a pink background and a white center.",4.0684,,
O60MtMuSpf8,O60MtMuSpf8,4,The image of the herpes virus is not provided as it is a visual representation and not a physical object with a color.,4.0684,,
O60MtMuSpf8,O60MtMuSpf8,5,The image of the herpes virus is in a reddish-brown color.,4.0684,,
O60MtMuSpf8,O60MtMuSpf8,6,The image of the herpes virus is in red.,4.0684,,
O60MtMuSpf8,O60MtMuSpf8,7,The image of the herpes virus is red.,4.0684,,
O60MtMuSpf8,O60MtMuSpf8,8,"The image of the herpes virus is not provided in the image, as it is a text-based image with no visual representation of the virus.",4.0684,,
O60MtMuSpf8,O60MtMuSpf8,9,The image of the herpes virus is red.,4.0684,,
O60MtMuSpf8,O60MtMuSpf8,10,"The image of the herpes virus is shown in a close-up, but the color is not specified in the image itself.",4.0684,,
O6VNkADtKV4,O6VNkADtKV4,1,This is called Mixed Martial Arts (MMA).,3.6094,,
O6VNkADtKV4,O6VNkADtKV4,2,"This league of ring fights is called UFC, which stands for Ultimate Fighting Championship.",3.6094,,
O6VNkADtKV4,O6VNkADtKV4,3,"The league of ring fights is called UFC, which stands for Ultimate Fighting Championship.",3.6094,,
O6VNkADtKV4,O6VNkADtKV4,4,"This is a Mixed Martial Arts (MMA) fight, which is a league of ring fights that includes a variety of combat sports disciplines.",3.6094,,
O6VNkADtKV4,O6VNkADtKV4,5,UFC,3.6094,,
O6VNkADtKV4,O6VNkADtKV4,6,"This is a UFC, which stands for Ultimate Fighting Championship, a league of ring fights.",3.6094,,
O6VNkADtKV4,O6VNkADtKV4,7,This is a Mixed Martial Arts (MMA) fight.,3.6094,,
O6VNkADtKV4,O6VNkADtKV4,8,This league of ring fights is called Mixed Martial Arts (MMA).,3.6094,,
O6VNkADtKV4,O6VNkADtKV4,9,This league of ring fights is called Mixed Martial Arts (MMA).,3.6094,,
O6VNkADtKV4,O6VNkADtKV4,10,The league of ring fights you are referring to is called the Ultimate Fighting Championship (UFC).,3.6094,,
O7lBcBruXHM,O7lBcBruXHM,1,"The stewardess likely asks the man to put on his shoes to ensure his safety and comfort during the flight, as it is standard procedure to wear shoes on an airplane.",4.2398,,
O7lBcBruXHM,O7lBcBruXHM,2,"The stewardess asks the man to put on his shoes likely to ensure his safety and comfort during the flight, as wearing shoes is generally safer and more comfortable than going barefoot, especially during turbulence or when walking around the plane.",4.2398,,
O7lBcBruXHM,O7lBcBruXHM,3,"The stewardess likely asked the man to put on his shoes to ensure his comfort and safety during the flight, as it is standard practice for passengers to wear their shoes when seated.",4.2398,,
O7lBcBruXHM,O7lBcBruXHM,4,"The stewardess asks the man to put on his shoes likely because he is in an airplane and should be seated with his shoes on for safety and comfort, as well as to maintain the cabin's cleanliness.",4.2398,,
O7lBcBruXHM,O7lBcBruXHM,5,"The stewardess asks the man to put on his shoes to ensure his safety and comfort during the flight, as proper footwear is required for walking around the aircraft.",4.2398,,
O7lBcBruXHM,O7lBcBruXHM,6,"The stewardess asks the man to put on his shoes to ensure safety and comfort during the flight, as it is a standard procedure for all passengers.",4.2398,,
O7lBcBruXHM,O7lBcBruXHM,7,The stewardess is likely ensuring the man's safety and comfort by asking him to put on his shoes before the plane takes off.,4.2398,,
O7lBcBruXHM,O7lBcBruXHM,8,"The stewardess asks the man to put on his shoes likely to ensure his safety and comfort during the flight, as it is customary for passengers to wear shoes while seated to avoid accidents and to maintain a comfortable environment for everyone on the plane.",4.2398,,
O7lBcBruXHM,O7lBcBruXHM,9,"The stewardess likely asked the man to put on his shoes to ensure his safety and comfort during the flight, as it's important for passengers to be seated with their feet in a secure position.",4.2398,,
O7lBcBruXHM,O7lBcBruXHM,10,"The stewardess likely asks the man to put on his shoes to ensure his safety and comfort during the flight, as it's important to wear shoes when standing and moving around the aircraft.",4.2398,,
OCaOr_BQxhs,OCaOr_BQxhs,1,To perform a synchronized dance routine in front of a white car.,3.9827,,
OCaOr_BQxhs,OCaOr_BQxhs,2,The two men join the original man to perform a synchronized dance routine in front of a white car.,3.9827,,
OCaOr_BQxhs,OCaOr_BQxhs,3,The two men join the original man on the street to perform a synchronized dance routine in front of a white car.,3.9827,,
OCaOr_BQxhs,OCaOr_BQxhs,4,"The two men join the original man on the street to dance together, creating a lively and energetic scene.",3.9827,,
OCaOr_BQxhs,OCaOr_BQxhs,5,The two men join the original man on the street to participate in a coordinated dance routine.,3.9827,,
OCaOr_BQxhs,OCaOr_BQxhs,6,To perform a synchronized dance routine in front of a parked car.,3.9827,,
OCaOr_BQxhs,OCaOr_BQxhs,7,To participate in the choreographed dance routine alongside the original man on the street.,3.9827,,
OCaOr_BQxhs,OCaOr_BQxhs,8,The two men join the original man on the street to perform a synchronized dance routine.,3.9827,,
OCaOr_BQxhs,OCaOr_BQxhs,9,"The two men join the original man on the street to dance together, creating a lively and entertaining scene.",3.9827,,
OCaOr_BQxhs,OCaOr_BQxhs,10,To join the original man in performing a synchronized dance routine.,3.9827,,
OcqojDJjc48,OcqojDJjc48,1,"The young person is watching the horizon, likely reflecting or enjoying the vast, open landscape.",3.6043,,
OcqojDJjc48,OcqojDJjc48,2,"The young person appears to be watching something in the distance, possibly the horizon in the desert landscape.",3.6043,,
OcqojDJjc48,OcqojDJjc48,3,"The young person appears to be gazing into the distance, possibly at the expansive desert landscape.",3.6043,,
OcqojDJjc48,OcqojDJjc48,4,The young person is watching the vast desert landscape.,3.6043,,
OcqojDJjc48,OcqojDJjc48,5,The young person is gazing into the distance in a desert landscape.,3.6043,,
OcqojDJjc48,OcqojDJjc48,6,"The young person appears to be watching the vast, serene desert landscape.",3.6043,,
OcqojDJjc48,OcqojDJjc48,7,The young person is watching the desert landscape.,3.6043,,
OcqojDJjc48,OcqojDJjc48,8,"The young person is watching the poster for the album ""Yet to Come.""",3.6043,,
OcqojDJjc48,OcqojDJjc48,9,The young person is looking out over a vast desert landscape.,3.6043,,
OcqojDJjc48,OcqojDJjc48,10,The young person appears to be watching the camera.,3.6043,,
ODMhTBX1kSk,ODMhTBX1kSk,1,"After the man and woman climb onto the platform, they stand together and address the audience with microphones.",3.9684,,
ODMhTBX1kSk,ODMhTBX1kSk,2,"After the man and woman climb onto the platform, they are seen standing on the stage, possibly preparing for a performance or presentation.",3.9684,,
ODMhTBX1kSk,ODMhTBX1kSk,3,"After the man and woman climb onto the platform, they start dancing together in front of the audience.",3.9684,,
ODMhTBX1kSk,ODMhTBX1kSk,4,"After the man and woman climb onto the platform, they begin performing a traditional dance in front of an audience.",3.9684,,
ODMhTBX1kSk,ODMhTBX1kSk,5,"After the man and woman climb onto the platform, they stand together, seemingly ready to perform or address the audience.",3.9684,,
ODMhTBX1kSk,ODMhTBX1kSk,6,The man and woman engage in a dance performance on the platform.,3.9684,,
ODMhTBX1kSk,ODMhTBX1kSk,7,"After the man and woman climb onto the platform, they stand together in front of a large screen displaying the words ""Maverick"" and ""Maverick"" with a logo, engaging with the audience.",3.9684,,
ODMhTBX1kSk,ODMhTBX1kSk,8,The man and woman start dancing on the stage.,3.9684,,
ODMhTBX1kSk,ODMhTBX1kSk,9,"After the man and woman climb onto the platform, they begin to dance together.",3.9684,,
ODMhTBX1kSk,ODMhTBX1kSk,10,"After the man and woman climb onto the platform, they appear to be performing or presenting something, as they are holding microphones and the woman is gesturing towards the audience.",3.9684,,
OdvR45DCdWo,OdvR45DCdWo,1,"The last word in the song sung in this video is not provided, as the video does not show the end of the song.",3.9177,,
OdvR45DCdWo,OdvR45DCdWo,2,"The last word in the song sung in this video is ""love"".",3.9177,,
OdvR45DCdWo,OdvR45DCdWo,3,"The last word in the song sung in this video is ""love.""",3.9177,,
OdvR45DCdWo,OdvR45DCdWo,4,"The last word in the song sung in this video is ""love.""",3.9177,,
OdvR45DCdWo,OdvR45DCdWo,5,"The last word in the song sung in this video is ""love"".",3.9177,,
OdvR45DCdWo,OdvR45DCdWo,6,"The last word in the song sung in this video is ""love"".",3.9177,,
OdvR45DCdWo,OdvR45DCdWo,7,"The last word in the song sung in this video is ""love"".",3.9177,,
OdvR45DCdWo,OdvR45DCdWo,8,"The last word in the song sung in this video is ""love"".",3.9177,,
OdvR45DCdWo,OdvR45DCdWo,9,"The last word in the song sung in this video is ""blue"".",3.9177,,
OdvR45DCdWo,OdvR45DCdWo,10,"The last word in the song sung in this video is ""light.""",3.9177,,
Od_pstVp5Sk,Od_pstVp5Sk,1,There are two light fixtures by the door.,3.3226,,
Od_pstVp5Sk,Od_pstVp5Sk,2,There is one light fixture by the door.,3.3226,,
Od_pstVp5Sk,Od_pstVp5Sk,3,There are two light fixtures by the door.,3.3226,,
Od_pstVp5Sk,Od_pstVp5Sk,4,There are two light fixtures by the door in the picture.,3.3226,,
Od_pstVp5Sk,Od_pstVp5Sk,5,There are two light fixtures by the door.,3.3226,,
Od_pstVp5Sk,Od_pstVp5Sk,6,There is one light fixture by the door.,3.3226,,
Od_pstVp5Sk,Od_pstVp5Sk,7,There are two light fixtures by the door.,3.3226,,
Od_pstVp5Sk,Od_pstVp5Sk,8,There are two light fixtures by the door.,3.3226,,
Od_pstVp5Sk,Od_pstVp5Sk,9,There is one light fixture by the door.,3.3226,,
Od_pstVp5Sk,Od_pstVp5Sk,10,One.,3.3226,,
OegrkuMK4Mc,OegrkuMK4Mc,1,"The men spin around because the person in the red shirt is spinning the glass with a straw in it, creating a whirlpool effect.",3.9683,,
OegrkuMK4Mc,OegrkuMK4Mc,2,"The men spin around after the person in the red shirt adds a straw to the glass of red liquid, which appears to be a drink, and then the person in the striped shirt pours water into it.",3.9683,,
OegrkuMK4Mc,OegrkuMK4Mc,3,"The men spin around because they are playing a game of drinking a large amount of water quickly, as seen in the video.",3.9683,,
OegrkuMK4Mc,OegrkuMK4Mc,4,The men spin around after the person in the red shirt pours a liquid into a glass and stirs it.,3.9683,,
OegrkuMK4Mc,OegrkuMK4Mc,5,"The men spin around because the man in the red shirt mixed the contents of the glass and bottle, creating a drink that likely tasted good.",3.9683,,
OegrkuMK4Mc,OegrkuMK4Mc,6,"The men spin around after the man in the red shirt pours a red liquid into a glass and adds a straw, then walks away.",3.9683,,
OegrkuMK4Mc,OegrkuMK4Mc,7,The men spin around because they are playing a game that involves mixing a drink using a straw and then quickly mixing it with a large bottle of water.,3.9683,,
OegrkuMK4Mc,OegrkuMK4Mc,8,"The men spin around because the young man in the red shirt added a straw to a glass of red liquid, causing the drink to spin rapidly.",3.9683,,
OegrkuMK4Mc,OegrkuMK4Mc,9,"The men spin around after the man in the red shirt adds a straw to the glass of water and red liquid, and the liquid starts swirling.",3.9683,,
OegrkuMK4Mc,OegrkuMK4Mc,10,The men spin around because they are surprised by the drink's reaction after mixing the red liquid with water.,3.9683,,
Oepj9j_fkO4,Oepj9j_fkO4,1,The man unscrewed the cap of a can of Smartwhip before blowing up the balloon.,3.8128,,
Oepj9j_fkO4,Oepj9j_fkO4,2,The man inserted a nozzle into a Smartwhip can and secured it with a green cap.,3.8128,,
Oepj9j_fkO4,Oepj9j_fkO4,3,The man held a can of Smartwhip and squeezed it to blow up a balloon.,3.8128,,
Oepj9j_fkO4,Oepj9j_fkO4,4,The man held a can of Smartwhip and used a white nozzle to blow air into a green balloon.,3.8128,,
Oepj9j_fkO4,Oepj9j_fkO4,5,The man opened a can of Smartwhip and sprayed it into a balloon.,3.8128,,
Oepj9j_fkO4,Oepj9j_fkO4,6,The man unscrewed the cap of a can of Smartwhip and opened it.,3.8128,,
Oepj9j_fkO4,Oepj9j_fkO4,7,The man removed the cap from a Smartwhip canister and unscrewed the nozzle.,3.8128,,
Oepj9j_fkO4,Oepj9j_fkO4,8,The man unscrewed the cap from the Smartwhip can.,3.8128,,
Oepj9j_fkO4,Oepj9j_fkO4,9,The man inserted a nozzle into a Smartwhip canister and blew air into the balloon.,3.8128,,
Oepj9j_fkO4,Oepj9j_fkO4,10,The man removed the cap from a can of Smartwhip.,3.8128,,
OGTZn0v_g1I,OGTZn0v_g1I,1,The Sheet Bend knot is used for joining two ropes together.,4.01,,
OGTZn0v_g1I,OGTZn0v_g1I,2,The Sheet Bend knot is typically used for joining two ropes of different thicknesses and to connect a line to a ring.,4.01,,
OGTZn0v_g1I,OGTZn0v_g1I,3,"This knot, known as the Sheet Bend, is primarily used for joining two ropes of different thicknesses. It is versatile and often used in sailing and other maritime applications where the strength and reliability of the connection are crucial.",4.01,,
OGTZn0v_g1I,OGTZn0v_g1I,4,"This knot, known as the Sheet Bend, is used for joining two ropes of different thicknesses.",4.01,,
OGTZn0v_g1I,OGTZn0v_g1I,5,"This is a Sheet Bend knot, used for joining two ropes of different thicknesses or materials.",4.01,,
OGTZn0v_g1I,OGTZn0v_g1I,6,"This is the Sheet Bend knot, which is commonly used to join two ropes of different thicknesses or materials.",4.01,,
OGTZn0v_g1I,OGTZn0v_g1I,7,"The Sheet Bend knot is commonly used to join two ropes of different thicknesses or to attach a rope to a ring or cleat. It is also known as the ""Bent Knot"" and is a versatile knot that can be used in various applications, such as sailing, climbing, and general rope handling.",4.01,,
OGTZn0v_g1I,OGTZn0v_g1I,8,The Sheet Bend knot is used for joining two ropes of different thicknesses.,4.01,,
OGTZn0v_g1I,OGTZn0v_g1I,9,"The Sheet Bend knot is used to connect two ropes of different thicknesses, allowing them to be tied together securely.",4.01,,
OGTZn0v_g1I,OGTZn0v_g1I,10,The Sheet Bend knot is used to connect two ropes of different thicknesses.,4.01,,
OHIPf6PUzfk,OHIPf6PUzfk,1,"The first two pitches were called strikes because the batter did not swing at them, indicating that the pitches were outside the strike zone.",4.1468,,
OHIPf6PUzfk,OHIPf6PUzfk,2,"The first two pitches were called strikes because the batter did not swing at them, indicating that he was not ready to hit the ball when it was thrown.",4.1468,,
OHIPf6PUzfk,OHIPf6PUzfk,3,"The first two pitches were called strikes because the batter did not swing at them, indicating that he did not want to hit the ball.",4.1468,,
OHIPf6PUzfk,OHIPf6PUzfk,4,"The first two pitches were called strikes because the batter did not swing at them, even though he was in the batter's box.",4.1468,,
OHIPf6PUzfk,OHIPf6PUzfk,5,"The first two pitches were called strikes because the batter did not swing, indicating he was not trying to hit the ball.",4.1468,,
OHIPf6PUzfk,OHIPf6PUzfk,6,"The batter was not swinging, so the first two pitches were called strikes.",4.1468,,
OHIPf6PUzfk,OHIPf6PUzfk,7,"The pitcher threw the ball within the strike zone, and the batter did not swing, indicating that he did not intend to hit the ball.",4.1468,,
OHIPf6PUzfk,OHIPf6PUzfk,8,"The first two pitches were called strikes because the batter did not swing, indicating that they were not attempting to hit the ball.",4.1468,,
OHIPf6PUzfk,OHIPf6PUzfk,9,"The first two pitches were called strikes because the batter did not swing at them, even though they were within the strike zone.",4.1468,,
OHIPf6PUzfk,OHIPf6PUzfk,10,"The first two pitches were called strikes because the batter did not swing at them, even though the pitches were in the strike zone.",4.1468,,
OJ7Cf6IlTfM,OJ7Cf6IlTfM,1,"After the woman sneezes and blows the doll away, she then covers her nose and mouth with a red mask.",3.63,,
OJ7Cf6IlTfM,OJ7Cf6IlTfM,2,"After the woman sneezes and blows the doll away, she sits back down on the couch and continues to interact with the man.",3.63,,
OJ7Cf6IlTfM,OJ7Cf6IlTfM,3,"After the woman sneezes and blows the doll away, the man reacts by moving his head, and the woman sits on the couch, appearing amused.",3.63,,
OJ7Cf6IlTfM,OJ7Cf6IlTfM,4,"After the woman sneezes and blows the doll away, she sits back down on the couch, looks around, and then walks towards the door.",3.63,,
OJ7Cf6IlTfM,OJ7Cf6IlTfM,5,"The woman removes her sunglasses, and the scene transitions to her standing outside a house.",3.63,,
OJ7Cf6IlTfM,OJ7Cf6IlTfM,6,"After the woman sneezes and blows the doll away, she sits back on the couch and covers her nose with her hand.",3.63,,
OJ7Cf6IlTfM,OJ7Cf6IlTfM,7,"The man reacts to the sneeze by moving the doll, and the woman ends up standing up with a smile, holding a red object.",3.63,,
OJ7Cf6IlTfM,OJ7Cf6IlTfM,8,The woman gets up from the couch and walks towards a glass door.,3.63,,
OJ7Cf6IlTfM,OJ7Cf6IlTfM,9,"After the woman sneezes and blows the doll away, she looks surprised and then covers her face with her hand.",3.63,,
OJ7Cf6IlTfM,OJ7Cf6IlTfM,10,"After the woman sneezes and blows the doll away, she puts on a face mask while the man looks surprised and confused.",3.63,,
OKy74dEPaaw,OKy74dEPaaw,1,There is one camera in the video.,3.4427,,
OKy74dEPaaw,OKy74dEPaaw,2,There is one camera in the video.,3.4427,,
OKy74dEPaaw,OKy74dEPaaw,3,There is one camera in the video.,3.4427,,
OKy74dEPaaw,OKy74dEPaaw,4,There is one camera in the video.,3.4427,,
OKy74dEPaaw,OKy74dEPaaw,5,There is one camera in the video.,3.4427,,
OKy74dEPaaw,OKy74dEPaaw,6,There is one camera in the video.,3.4427,,
OKy74dEPaaw,OKy74dEPaaw,7,There is one camera in the video.,3.4427,,
OKy74dEPaaw,OKy74dEPaaw,8,There is one camera in the video.,3.4427,,
OKy74dEPaaw,OKy74dEPaaw,9,There is one camera in the video.,3.4427,,
OKy74dEPaaw,OKy74dEPaaw,10,There is one camera in the video.,3.4427,,
OQ1nmIuImes,OQ1nmIuImes,1,"The black guy's reaction, where he stopped using his phone and gestured towards the white guy, suggests that he might have felt uncomfortable or irritated by the white guy squatting on the bench in the same way he was. This could indicate a concern for personal space or a desire for the bench to be used in a",4.1595,,
OQ1nmIuImes,OQ1nmIuImes,2,The black guy's reaction suggests he is upset or annoyed by the white guy squatting on the bench in the same manner.,4.1595,,
OQ1nmIuImes,OQ1nmIuImes,3,The black guy's reaction suggests he might have been uncomfortable or inconvenienced by the white guy squatting on the bench in the same way he was sitting.,4.1595,,
OQ1nmIuImes,OQ1nmIuImes,4,"The black guy appeared to be surprised or taken aback by the white guy squatting on the bench the same way, as he quickly stood up and walked away.",4.1595,,
OQ1nmIuImes,OQ1nmIuImes,5,"The black guy reacted by standing up and walking away, indicating he was uncomfortable or disturbed by the white guy squatting on the bench.",4.1595,,
OQ1nmIuImes,OQ1nmIuImes,6,"The black guy appeared to be frustrated or annoyed by the white guy squatting on the bench in the same manner, as indicated by his body language and gestures.",4.1595,,
OQ1nmIuImes,OQ1nmIuImes,7,"The black guy seemed to mirror the white guy's behavior by squatting on the bench in the same manner, possibly indicating a shared understanding or playful interaction.",4.1595,,
OQ1nmIuImes,OQ1nmIuImes,8,The black guy's reaction suggests he might have felt uncomfortable or annoyed by the white guy squatting on the bench in the same way.,4.1595,,
OQ1nmIuImes,OQ1nmIuImes,9,"The black guy seemed to be disappointed or annoyed by the white guy squatting on the bench in the same manner, as he moved to stand up and then sat back down in frustration.",4.1595,,
OQ1nmIuImes,OQ1nmIuImes,10,The black guy's reaction suggests that he is less bothered by the white guy squatting on the bench than he was by the original person who did the same action.,4.1595,,
Ord-GrcULgE,Ord-GrcULgE,1,The video does not show any instrument being played.,3.927,,
Ord-GrcULgE,Ord-GrcULgE,2,The video ends without showing any instrument being played.,3.927,,
Ord-GrcULgE,Ord-GrcULgE,3,A guitar is being played at the end of the video.,3.927,,
Ord-GrcULgE,Ord-GrcULgE,4,A piano is being played at the end of the video.,3.927,,
Ord-GrcULgE,Ord-GrcULgE,5,There is no instrument being played at the end of the video.,3.927,,
Ord-GrcULgE,Ord-GrcULgE,6,The video ends with a person playing a violin.,3.927,,
Ord-GrcULgE,Ord-GrcULgE,7,There is no instrument being played at the end of the video.,3.927,,
Ord-GrcULgE,Ord-GrcULgE,8,The video does not show any instrument being played at the end.,3.927,,
Ord-GrcULgE,Ord-GrcULgE,9,A guitar is being played at the end of the video.,3.927,,
Ord-GrcULgE,Ord-GrcULgE,10,The video does not show any instrument being played at the end.,3.927,,
OtBRqhlx97A,OtBRqhlx97A,1,The man is holding his phone up to record content while he is running.,3.8396,,
OtBRqhlx97A,OtBRqhlx97A,2,The man is holding his phone up to record himself while he is running.,3.8396,,
OtBRqhlx97A,OtBRqhlx97A,3,"The man is holding his phone up to record content while running, as indicated by the text overlay that says, ""POV: You're running and trying to record content at the same time.""",3.8396,,
OtBRqhlx97A,OtBRqhlx97A,4,The man is holding his phone up to record himself while running.,3.8396,,
OtBRqhlx97A,OtBRqhlx97A,5,The man is holding his phone up to record content while he is running.,3.8396,,
OtBRqhlx97A,OtBRqhlx97A,6,The man is holding his phone up to record content while running.,3.8396,,
OtBRqhlx97A,OtBRqhlx97A,7,The man is holding his phone up to record content while running.,3.8396,,
OtBRqhlx97A,OtBRqhlx97A,8,The man is holding his phone up to record content while he is running.,3.8396,,
OtBRqhlx97A,OtBRqhlx97A,9,The man is holding his phone up while running to record content as he runs.,3.8396,,
OtBRqhlx97A,OtBRqhlx97A,10,The man is holding his phone up to record content while he is running.,3.8396,,
OThOm8Gyfv0,OThOm8Gyfv0,1,The speaker is holding and describing a special edition fidget spinner made of a special alloy with a built-in shield-like design.,3.8965,,
OThOm8Gyfv0,OThOm8Gyfv0,2,"The speaker is holding and describing a special edition fidget spinner called ""Pill Bug"" by Gobigger, which is made of a special alloy with a built-in shield-like design.",3.8965,,
OThOm8Gyfv0,OThOm8Gyfv0,3,It is a special edition Pill Bug fidget spinner made of a special alloy with a built-in shield-like design.,3.8965,,
OThOm8Gyfv0,OThOm8Gyfv0,4,The speaker is holding and describing a special edition fidget spinner made of a special alloy with a built-in shield-like design.,3.8965,,
OThOm8Gyfv0,OThOm8Gyfv0,5,"The special thing the speaker is holding and describing is a fidget spinner made of a special alloy with a built-in shield-like design, which is described as mesmerizing to look at and listen to.",3.8965,,
OThOm8Gyfv0,OThOm8Gyfv0,6,"The speaker is holding and describing a fidget spinner made of a special alloy with a built-in shield-like design, which is both mesmerizing to look at and satisfying to listen to.",3.8965,,
OThOm8Gyfv0,OThOm8Gyfv0,7,"The speaker is holding and describing a special edition fidget spinner, the Pill Bug by Gobigger, which is made of a special alloy with a built-in shield-like design.",3.8965,,
OThOm8Gyfv0,OThOm8Gyfv0,8,"The speaker is holding and describing a special edition fidget spinner called ""Pill Bug"" by Gobigger, which is made of a special alloy and has a built-in shield-like design.",3.8965,,
OThOm8Gyfv0,OThOm8Gyfv0,9,"The speaker is holding and describing a special edition Pill Bug fidget spinner by Gobigger, which is made of a special alloy and has a built-in shield-like design.",3.8965,,
OThOm8Gyfv0,OThOm8Gyfv0,10,"The speaker is holding and describing a special edition fidget spinner called a ""Pill Bug"" by GoBigger, which is made of a special alloy and has a built-in shield-like design, making it highly satisfying to spin.",3.8965,,
Ou68W-kNQvg,Ou68W-kNQvg,1,"The drawing depicts an anime-style character with a split face, one side showing a close-up of an eye and the other side showing a more detailed view of the character's face and expression, inviting viewers to provide feedback.",4.4436,,
Ou68W-kNQvg,Ou68W-kNQvg,2,"The drawing depicts a detailed sketch of an anime character with a split face, one side showing an eye with a clock face and the other side showing a more expressive eye. The artist is in the process of adding details, as indicated by the text ""SOME DETAILS,"" and encourages viewers to share their opinions.",4.4436,,
Ou68W-kNQvg,Ou68W-kNQvg,3,"The drawing depicts a detailed anime-style character with intricate shading and expressive eyes, showcasing the artist's skill in creating dynamic and engaging artwork.",4.4436,,
Ou68W-kNQvg,Ou68W-kNQvg,4,"The drawing depicts a detailed anime-style character with distinct features and intricate shading, and the artist is adding final touches to the artwork, inviting viewers to share their opinions.",4.4436,,
Ou68W-kNQvg,Ou68W-kNQvg,5,"The drawing appears to be an anime-style illustration of a character with distinctive features, including a large eye, a mouth with a single tooth, and a split face, suggesting a unique or fantastical character design.",4.4436,,
Ou68W-kNQvg,Ou68W-kNQvg,6,"The drawing appears to be in progress, with a pencil adding details to an anime-style character, and the artist invites viewers to share their opinions.",4.4436,,
Ou68W-kNQvg,Ou68W-kNQvg,7,"The drawing depicts an anime-style character with detailed eyes and hair, and the artist is adding final touches with a pencil, showcasing intricate details.",4.4436,,
Ou68W-kNQvg,Ou68W-kNQvg,8,"The drawing appears to be an anime-style illustration in progress, with details being added to the character's face and hair, and a prompt for viewers to share their opinions in the comments.",4.4436,,
Ou68W-kNQvg,Ou68W-kNQvg,9,"The drawing depicts a character with detailed features, including a large eye, intricate hair, and a mask-like face, with a pencil being used to add or refine details.",4.4436,,
Ou68W-kNQvg,Ou68W-kNQvg,10,"The drawing appears to be an anime-style artwork in progress, showing a character with detailed features and vibrant colors, including a yellow eye and red eyes. The artist is using a pencil to add details to the character's face and body.",4.4436,,
OUwnypSOteg,OUwnypSOteg,1,"The tractor is balancing on its rear wheels because the front wheels are lifted off the ground, possibly due to an unstable or uneven surface.",4.2048,,
OUwnypSOteg,OUwnypSOteg,2,"The tractor is balancing on its rear wheels because the front wheels are lifted off the ground, likely as part of a stunt or to perform a specific task.",4.2048,,
OUwnypSOteg,OUwnypSOteg,3,"The tractor is balancing on its rear wheels because the front wheels are lifted off the ground, likely due to a misalignment or a playful maneuver by the person driving it.",4.2048,,
OUwnypSOteg,OUwnypSOteg,4,"The tractor is balancing on its rear wheels because the front wheels have been removed, which creates a dramatic effect as the man rides it.",4.2048,,
OUwnypSOteg,OUwnypSOteg,5,"The tractor is balancing on its rear wheels because the front wheels have lifted off the ground, possibly due to an uneven surface or an attempt to perform a wheelie.",4.2048,,
OUwnypSOteg,OUwnypSOteg,6,"The tractor is balancing on its rear wheels because the front wheels have been removed, likely for maintenance or repair.",4.2048,,
OUwnypSOteg,OUwnypSOteg,7,"The tractor is balancing on its rear wheels because the front wheels are off the ground, likely due to a loss of traction or an uneven surface.",4.2048,,
OUwnypSOteg,OUwnypSOteg,8,"The tractor is balancing on its rear wheels because the front wheels are lifted off the ground, likely due to the employee's reckless driving.",4.2048,,
OUwnypSOteg,OUwnypSOteg,9,"The tractor is balancing on its rear wheels as a humorous or exaggerated display of skill or fun, possibly mimicking the behavior of a skilled driver or performing a stunt.",4.2048,,
OUwnypSOteg,OUwnypSOteg,10,"The tractor is balancing on its rear wheels because the front wheels have come off, as indicated by the text ""Patr?o saiu:"" which suggests that the owner has left, leaving the worker to handle the situation.",4.2048,,
OV6VkWpi_0M,OV6VkWpi_0M,1,"The men appear to be running in a tense or urgent manner, possibly as part of a staged event or a scene from a film or drama.",4.1817,,
OV6VkWpi_0M,OV6VkWpi_0M,2,"The men are running in a coordinated manner, possibly as part of a training exercise or a tactical drill, in front of a caravan of cars.",4.1817,,
OV6VkWpi_0M,OV6VkWpi_0M,3,The men are running in front of a caravan of cars as part of a staged event or performance.,4.1817,,
OV6VkWpi_0M,OV6VkWpi_0M,4,"The men are running in front of the caravan of cars, possibly as part of a staged action scene or a playful scenario.",4.1817,,
OV6VkWpi_0M,OV6VkWpi_0M,5,"The men appear to be running in a coordinated manner, possibly as part of a training exercise or a staged event, given the context of the scene with the pink tent and the presence of vehicles.",4.1817,,
OV6VkWpi_0M,OV6VkWpi_0M,6,"The men appear to be running, possibly as part of a training exercise or a performance, given the context of the setting and their attire.",4.1817,,
OV6VkWpi_0M,OV6VkWpi_0M,7,"The men are running in front of the caravan of cars, possibly as part of a coordinated activity or performance.",4.1817,,
OV6VkWpi_0M,OV6VkWpi_0M,8,"The men appear to be running in a coordinated manner, possibly as part of a performance or an event, given the presence of the pink canopy and the cars in the background.",4.1817,,
OV6VkWpi_0M,OV6VkWpi_0M,9,"The men appear to be running in a direction away from the camera, potentially as part of a coordinated action or event, given the presence of the large caravan of cars and the red canopy structure in the background.",4.1817,,
OV6VkWpi_0M,OV6VkWpi_0M,10,"The men appear to be running as if in a hurry or escaping something, which might suggest a sense of urgency or danger in the scene.",4.1817,,
OVAy9Y-zh1E,OVAy9Y-zh1E,1,2,3.2397,,
OVAy9Y-zh1E,OVAy9Y-zh1E,2,1,3.2397,,
OVAy9Y-zh1E,OVAy9Y-zh1E,3,1,3.2397,,
OVAy9Y-zh1E,OVAy9Y-zh1E,4,2,3.2397,,
OVAy9Y-zh1E,OVAy9Y-zh1E,5,1,3.2397,,
OVAy9Y-zh1E,OVAy9Y-zh1E,6,We see one catch in the video.,3.2397,,
OVAy9Y-zh1E,OVAy9Y-zh1E,7,1,3.2397,,
OVAy9Y-zh1E,OVAy9Y-zh1E,8,1,3.2397,,
OVAy9Y-zh1E,OVAy9Y-zh1E,9,2,3.2397,,
OVAy9Y-zh1E,OVAy9Y-zh1E,10,1,3.2397,,
OvGHkeKuLNk,OvGHkeKuLNk,1,The video does not provide enough information to answer the question accurately.,3.5918,,
OvGHkeKuLNk,OvGHkeKuLNk,2,The cany box is placed on a colorful striped fabric.,3.5918,,
OvGHkeKuLNk,OvGHkeKuLNk,3,There is a wall lamp behind the candy box.,3.5918,,
OvGHkeKuLNk,OvGHkeKuLNk,4,There is a striped pillow behind the candy box.,3.5918,,
OvGHkeKuLNk,OvGHkeKuLNk,5,"Behind the candy box is a colorful striped fabric, possibly a tablecloth or a piece of clothing.",3.5918,,
OvGHkeKuLNk,OvGHkeKuLNk,6,"Behind the candy box, there is a colorful striped blanket.",3.5918,,
OvGHkeKuLNk,OvGHkeKuLNk,7,A wall with a poster and a string of colorful beads.,3.5918,,
OvGHkeKuLNk,OvGHkeKuLNk,8,There is a striped pillow behind the candy box.,3.5918,,
OvGHkeKuLNk,OvGHkeKuLNk,9,"Behind the candy box, there is a colorful striped pillow.",3.5918,,
OvGHkeKuLNk,OvGHkeKuLNk,10,A striped pillow is behind the candy box.,3.5918,,
OVMLkh4we3c,OVMLkh4we3c,1,"Yes, the defensive technique demonstrated in the video appears to be a controlled takedown, which is a common defensive move in martial arts, especially in Brazilian Jiu-Jitsu.",3.9314,,
OVMLkh4we3c,OVMLkh4we3c,2,"Yes, the technique shown appears to be a well-executed defensive maneuver in Brazilian Jiu-Jitsu, where the individual maintains control and successfully transitions to a dominant position on the mat.",3.9314,,
OVMLkh4we3c,OVMLkh4we3c,3,"The technique demonstrated in the video appears to be a defensive move where the person in the red shirt uses their arm to grab the other person's arm and throws them to the ground, which can be effective in a real defensive scenario. However, the effectiveness can vary based on the context and the individuals involved.",3.9314,,
OVMLkh4we3c,OVMLkh4we3c,4,"The defensive technique shown in the video appears to be effective in countering a grab from behind and transitioning into a takedown, which is a common defensive maneuver in martial arts.",3.9314,,
OVMLkh4we3c,OVMLkh4we3c,5,"Yes, the technique demonstrated appears to be a good defensive maneuver, as it successfully counters the opponent's attack and leads to a takedown.",3.9314,,
OVMLkh4we3c,OVMLkh4we3c,6,"Yes, the defensive technique demonstrated in the video appears to be effective for countering a grab and maintaining control.",3.9314,,
OVMLkh4we3c,OVMLkh4we3c,7,"Yes, the defensive technique shown in the video appears to be effective, as it allows the person in the red shirt to successfully take down the person in the striped shirt.",3.9314,,
OVMLkh4we3c,OVMLkh4we3c,8,"Yes, the technique demonstrated appears to be a good defensive maneuver, as it involves a takedown and a position that can be used to control the opponent.",3.9314,,
OVMLkh4we3c,OVMLkh4we3c,9,"The defensive technique shown in the video appears to be effective, as it successfully throws the opponent to the ground.",3.9314,,
OVMLkh4we3c,OVMLkh4we3c,10,"The defensive technique demonstrated in the video appears to be effective, as it successfully counters the opponent's throw and maintains control.",3.9314,,
OWN6O_7_Zro,OWN6O_7_Zro,1,"The phone app used in the video is a messaging app, likely WhatsApp, as indicated by the layout and features such as the chat interface and keyboard.",3.999,,
OWN6O_7_Zro,OWN6O_7_Zro,2,"The video shows a text conversation being typed on a messaging app, but the specific app name is not clearly visible or identifiable from the image provided.",3.999,,
OWN6O_7_Zro,OWN6O_7_Zro,3,The phone app used in the video is KakaoTalk.,3.999,,
OWN6O_7_Zro,OWN6O_7_Zro,4,"The phone app used in the video is a messaging app, likely WhatsApp.",3.999,,
OWN6O_7_Zro,OWN6O_7_Zro,5,The phone app used in the video is KakaoTalk.,3.999,,
OWN6O_7_Zro,OWN6O_7_Zro,6,"The phone app used in the video is a messaging app, likely WhatsApp, as indicated by the layout and features such as the keyboard, send button, and chat interface.",3.999,,
OWN6O_7_Zro,OWN6O_7_Zro,7,"The phone app used in the video is a messaging app, likely WhatsApp, based on the interface and layout.",3.999,,
OWN6O_7_Zro,OWN6O_7_Zro,8,"The phone app used in the video is a messaging app, likely WhatsApp, based on the interface and the presence of a keyboard at the bottom.",3.999,,
OWN6O_7_Zro,OWN6O_7_Zro,9,"The video shows a conversation on a messaging app, likely WhatsApp, given the layout and keyboard interface.",3.999,,
OWN6O_7_Zro,OWN6O_7_Zro,10,"The phone app used in the video is a messaging app, likely WhatsApp, as indicated by the chat interface and the presence of a keyboard with a ""Send"" button.",3.999,,
OxBUQ5pV5X8,OxBUQ5pV5X8,1,The car hit 2 road signs.,3.6208,,
OxBUQ5pV5X8,OxBUQ5pV5X8,2,The car hit 4 road signs in the video.,3.6208,,
OxBUQ5pV5X8,OxBUQ5pV5X8,3,The car hit 1 road sign in the video.,3.6208,,
OxBUQ5pV5X8,OxBUQ5pV5X8,4,The car hit 3 road signs in the video.,3.6208,,
OxBUQ5pV5X8,OxBUQ5pV5X8,5,The car hit 1 road sign.,3.6208,,
OxBUQ5pV5X8,OxBUQ5pV5X8,6,The car hit 1 road sign.,3.6208,,
OxBUQ5pV5X8,OxBUQ5pV5X8,7,The car hit 3 road signs.,3.6208,,
OxBUQ5pV5X8,OxBUQ5pV5X8,8,The car hit 1 road sign in the video.,3.6208,,
OxBUQ5pV5X8,OxBUQ5pV5X8,9,The car hit 1 road sign.,3.6208,,
OxBUQ5pV5X8,OxBUQ5pV5X8,10,The car hit 2 road signs.,3.6208,,
OXW2JaSW1GE,OXW2JaSW1GE,1,"The video shows a dental procedure for the removal of a wisdom tooth, highlighting the preparation, anesthetic application, and the quick, painless extraction process.",4.1766,,
OXW2JaSW1GE,OXW2JaSW1GE,2,"The video shows the process of extracting a wisdom tooth in a dental clinic setting, highlighting the use of anesthesia and the duration of the procedure.",4.1766,,
OXW2JaSW1GE,OXW2JaSW1GE,3,"The video shows the process of wisdom tooth extraction, including the x-ray, preparation, and the actual extraction procedure in a dental clinic.",4.1766,,
OXW2JaSW1GE,OXW2JaSW1GE,4,"The video shows a dental procedure involving the removal of a wisdom tooth, highlighting the process from preparation to the actual extraction.",4.1766,,
OXW2JaSW1GE,OXW2JaSW1GE,5,"The video shows a dental procedure, specifically the removal of wisdom teeth, depicted in an x-ray and a clinical setting.",4.1766,,
OXW2JaSW1GE,OXW2JaSW1GE,6,"The video shows a step-by-step process of extracting a wisdom tooth, including the x-ray, anesthetic application, and the procedure itself.",4.1766,,
OXW2JaSW1GE,OXW2JaSW1GE,7,"The video shows a dental procedure, specifically the removal of a wisdom tooth, conducted in a professional dental setting.",4.1766,,
OXW2JaSW1GE,OXW2JaSW1GE,8,"The video shows a dental procedure, specifically the removal of a wisdom tooth, in a clinical setting.",4.1766,,
OXW2JaSW1GE,OXW2JaSW1GE,9,"The video shows a dental procedure involving the extraction of a wisdom tooth, with a focus on the preparation and the actual removal process.",4.1766,,
OXW2JaSW1GE,OXW2JaSW1GE,10,"The video shows a dental procedure, specifically the removal of a wisdom tooth, depicted through an x-ray and a clinical setting.",4.1766,,
OYGEa7yHiXQ,OYGEa7yHiXQ,1,"Using a concrete sprayer is efficient for building walls as it allows for a uniform application of concrete, ensuring structural integrity and a smooth finish.",3.7571,,
OYGEa7yHiXQ,OYGEa7yHiXQ,2,"This method is effective for building the wall as it ensures a strong and uniform structure by filling the gaps between the rebar mesh with concrete, which helps in distributing the load evenly and provides additional strength.",3.7571,,
OYGEa7yHiXQ,OYGEa7yHiXQ,3,"Using a hose to apply concrete is efficient and ensures a smooth, even application, which is crucial for structural integrity.",3.7571,,
OYGEa7yHiXQ,OYGEa7yHiXQ,4,"This method is effective for building the wall as it ensures a uniform and dense layer of concrete, which is crucial for structural integrity and durability.",3.7571,,
OYGEa7yHiXQ,OYGEa7yHiXQ,5,"This method allows for a smooth and even application of concrete, which helps in creating a strong and durable wall.",3.7571,,
OYGEa7yHiXQ,OYGEa7yHiXQ,6,"This method is effective for building the wall as it ensures a smooth and even application of concrete, which can enhance the durability and stability of the structure.",3.7571,,
OYGEa7yHiXQ,OYGEa7yHiXQ,7,"Using this method, the concrete is applied directly to the rebar structure, ensuring a strong bond and even distribution, which is crucial for the wall's structural integrity.",3.7571,,
OYGEa7yHiXQ,OYGEa7yHiXQ,8,"Using a spray gun to apply concrete to a wall helps in creating a uniform and consistent layer, which is crucial for the strength and durability of the wall.",3.7571,,
OYGEa7yHiXQ,OYGEa7yHiXQ,9,"Using a concrete spray gun allows for a more efficient and uniform application of concrete, which can lead to a stronger and more durable wall structure.",3.7571,,
OYGEa7yHiXQ,OYGEa7yHiXQ,10,"Using a concrete spraying machine is a good way to build the wall as it allows for a more efficient and uniform application of concrete, which can help in creating a stronger and more durable structure.",3.7571,,
OZDiRSO0tm8,OZDiRSO0tm8,1,Two.,3.5403,,
OZDiRSO0tm8,OZDiRSO0tm8,2,We see one braid in the video.,3.5403,,
OZDiRSO0tm8,OZDiRSO0tm8,3,Two braids.,3.5403,,
OZDiRSO0tm8,OZDiRSO0tm8,4,We see one braid in the video.,3.5403,,
OZDiRSO0tm8,OZDiRSO0tm8,5,One braid is visible in the video.,3.5403,,
OZDiRSO0tm8,OZDiRSO0tm8,6,Two braids.,3.5403,,
OZDiRSO0tm8,OZDiRSO0tm8,7,One braid is visible in the video.,3.5403,,
OZDiRSO0tm8,OZDiRSO0tm8,8,"In the video, we see one braid.",3.5403,,
OZDiRSO0tm8,OZDiRSO0tm8,9,One braid is visible in the video.,3.5403,,
OZDiRSO0tm8,OZDiRSO0tm8,10,"In the video, we see one braid.",3.5403,,
OzlqFYX6rVU,OzlqFYX6rVU,1,The third video shows a girl kissing another girl.,3.5105,,
OzlqFYX6rVU,OzlqFYX6rVU,2,The third video has a girl kissing another girl.,3.5105,,
OzlqFYX6rVU,OzlqFYX6rVU,3,The video in the top left corner shows a girl kissing another girl.,3.5105,,
OzlqFYX6rVU,OzlqFYX6rVU,4,The third video shows a girl kissing another girl.,3.5105,,
OzlqFYX6rVU,OzlqFYX6rVU,5,The third video in the compilation features a girl kissing another girl.,3.5105,,
OzlqFYX6rVU,OzlqFYX6rVU,6,The third video in the compilation shows a girl kissing another girl.,3.5105,,
OzlqFYX6rVU,OzlqFYX6rVU,7,The second video in the top row shows a girl kissing another girl.,3.5105,,
OzlqFYX6rVU,OzlqFYX6rVU,8,The video in the bottom left corner shows a girl kissing another girl.,3.5105,,
OzlqFYX6rVU,OzlqFYX6rVU,9,The third video in the top row shows a girl kissing another girl.,3.5105,,
OzlqFYX6rVU,OzlqFYX6rVU,10,The third video in the compilation shows a girl kissing another girl.,3.5105,,
OzNdzgQi1CA,OzNdzgQi1CA,1,"The musical piece being played in the background is ""The Star-Spangled Banner.""",4.0416,,
OzNdzgQi1CA,OzNdzgQi1CA,2,The video does not provide any information about the musical piece being played in the background.,4.0416,,
OzNdzgQi1CA,OzNdzgQi1CA,3,The video does not provide information about the musical piece being played in the background.,4.0416,,
OzNdzgQi1CA,OzNdzgQi1CA,4,"The musical piece being played in the background is ""Happy Birthday.""",4.0416,,
OzNdzgQi1CA,OzNdzgQi1CA,5,The video does not provide information about the musical piece being played in the background.,4.0416,,
OzNdzgQi1CA,OzNdzgQi1CA,6,The video does not provide information about the musical piece being played in the background.,4.0416,,
OzNdzgQi1CA,OzNdzgQi1CA,7,The video does not provide any information about the musical piece being played in the background.,4.0416,,
OzNdzgQi1CA,OzNdzgQi1CA,8,The video does not provide any information about the musical piece being played in the background.,4.0416,,
OzNdzgQi1CA,OzNdzgQi1CA,9,The video does not provide information about the musical piece being played in the background.,4.0416,,
OzNdzgQi1CA,OzNdzgQi1CA,10,"The musical piece being played in the background is ""All About That Bass"" by Meghan Trainor.",4.0416,,
P8LJTv-cqIw,P8LJTv-cqIw,1,"No, the instructions from this video are specific to IKEA products and may not be applicable to products from other stores.",3.5878,,
P8LJTv-cqIw,P8LJTv-cqIw,2,"No, the instructions are specific to IKEA products.",3.5878,,
P8LJTv-cqIw,P8LJTv-cqIw,3,"No, the instructions are specific to IKEA products.",3.5878,,
P8LJTv-cqIw,P8LJTv-cqIw,4,"No, the instructions in the video are specific to IKEA products and cannot be used with products from other stores.",3.5878,,
P8LJTv-cqIw,P8LJTv-cqIw,5,"No, the instructions are specific to IKEA products.",3.5878,,
P8LJTv-cqIw,P8LJTv-cqIw,6,"No, the instructions are specifically for products from IKEA, as indicated by the IKEA logo and website in the video.",3.5878,,
P8LJTv-cqIw,P8LJTv-cqIw,7,"No, the instructions are specific to IKEA products and may not be applicable to products from other stores.",3.5878,,
P8LJTv-cqIw,P8LJTv-cqIw,8,"No, the instructions are specific to IKEA products and cannot be used with products from other stores.",3.5878,,
P8LJTv-cqIw,P8LJTv-cqIw,9,"No, the instructions are specific to IKEA products.",3.5878,,
P8LJTv-cqIw,P8LJTv-cqIw,10,"No, the instructions are specific to IKEA products.",3.5878,,
PAmo_TwQvOI,PAmo_TwQvOI,1,There is one street lamp visible in the video.,3.7671,,
PAmo_TwQvOI,PAmo_TwQvOI,2,There is one street lamp visible in the video.,3.7671,,
PAmo_TwQvOI,PAmo_TwQvOI,3,There is one street lamp visible in the video.,3.7671,,
PAmo_TwQvOI,PAmo_TwQvOI,4,There is one street lamp visible in the video.,3.7671,,
PAmo_TwQvOI,PAmo_TwQvOI,5,There is one street lamp visible in the video.,3.7671,,
PAmo_TwQvOI,PAmo_TwQvOI,6,There is one street lamp visible in the video.,3.7671,,
PAmo_TwQvOI,PAmo_TwQvOI,7,There is one street lamp in the video.,3.7671,,
PAmo_TwQvOI,PAmo_TwQvOI,8,There is one street lamp visible in the video.,3.7671,,
PAmo_TwQvOI,PAmo_TwQvOI,9,There is one street lamp visible in the video.,3.7671,,
PAmo_TwQvOI,PAmo_TwQvOI,10,There is one street lamp in the video.,3.7671,,
PC2QTvV7DKY,PC2QTvV7DKY,1,"The weapon shown in the video is the AGS-17 Plamya, which is a Russian 30mm caliber grenade launcher.",3.7508,,
PC2QTvV7DKY,PC2QTvV7DKY,2,The grenade launcher in the video is the AGS-17 Plamya.,3.7508,,
PC2QTvV7DKY,PC2QTvV7DKY,3,The grenade launcher shown in the video is the MK 19.,3.7508,,
PC2QTvV7DKY,PC2QTvV7DKY,4,The weapon shown in the video is the MK 19 Grenade Launcher.,3.7508,,
PC2QTvV7DKY,PC2QTvV7DKY,5,The weapon shown in the video is the MK 19 Grenade Launcher.,3.7508,,
PC2QTvV7DKY,PC2QTvV7DKY,6,The grenade launcher in the video is the MK 19.,3.7508,,
PC2QTvV7DKY,PC2QTvV7DKY,7,"The weapon shown in the video is the MK 19 Grenade Launcher, which is used by the USA military.",3.7508,,
PC2QTvV7DKY,PC2QTvV7DKY,8,The MK 19 Grenade Launcher is the weapon being referred to in the image.,3.7508,,
PC2QTvV7DKY,PC2QTvV7DKY,9,The grenade launcher shown in the video is the MK 19.,3.7508,,
PC2QTvV7DKY,PC2QTvV7DKY,10,The MK 19 Grenade Launcher.,3.7508,,
PcDuz7j9LL8,PcDuz7j9LL8,1,The man uses a pressure washer to rinse the cleaning solution off the driveway.,3.9995,,
PcDuz7j9LL8,PcDuz7j9LL8,2,"After using the cleaning solution and machine, the man uses a high-pressure hose to rinse the driveway clean.",3.9995,,
PcDuz7j9LL8,PcDuz7j9LL8,3,The man uses a pressure washer to rinse off the cleaning solution from the driveway.,3.9995,,
PcDuz7j9LL8,PcDuz7j9LL8,4,"After using a machine to dispense a cleaning solution and scrub his driveway, the man rinses it with a hose.",3.9995,,
PcDuz7j9LL8,PcDuz7j9LL8,5,"After using a machine to dispense a cleaning solution and scrub his driveway, the man rinses the driveway with a hose.",3.9995,,
PcDuz7j9LL8,PcDuz7j9LL8,6,"After using a machine to dispense a cleaning solution and scrub his driveway, the man rinses the driveway with a hose to clean off the solution.",3.9995,,
PcDuz7j9LL8,PcDuz7j9LL8,7,"After using a machine to dispense a cleaning solution and scrub his driveway, the man uses a high-pressure water hose to rinse the driveway clean.",3.9995,,
PcDuz7j9LL8,PcDuz7j9LL8,8,"After using a machine to dispense a cleaning solution and scrub his driveway, the man uses a hose to rinse the solution off.",3.9995,,
PcDuz7j9LL8,PcDuz7j9LL8,9,"After using a machine to dispense a cleaning solution and scrub his driveway, the man uses a hose to rinse off the cleaning solution, leaving the driveway spotless.",3.9995,,
PcDuz7j9LL8,PcDuz7j9LL8,10,"After using a machine to dispense a cleaning solution and scrub his driveway, the man rinses the driveway with a hose to clean away the solution and dirt.",3.9995,,
PgKOzRgYMAI,PgKOzRgYMAI,1,twice,3.5703,,
PgKOzRgYMAI,PgKOzRgYMAI,2,3,3.5703,,
PgKOzRgYMAI,PgKOzRgYMAI,3,twice,3.5703,,
PgKOzRgYMAI,PgKOzRgYMAI,4,3,3.5703,,
PgKOzRgYMAI,PgKOzRgYMAI,5,2,3.5703,,
PgKOzRgYMAI,PgKOzRgYMAI,6,The colorful screen with lines appears twice in the video.,3.5703,,
PgKOzRgYMAI,PgKOzRgYMAI,7,twice,3.5703,,
PgKOzRgYMAI,PgKOzRgYMAI,8,Two times.,3.5703,,
PgKOzRgYMAI,PgKOzRgYMAI,9,twice,3.5703,,
PgKOzRgYMAI,PgKOzRgYMAI,10,two,3.5703,,
Ph5M5xWoPRE,Ph5M5xWoPRE,1,"The crying boy appears to be mouthing words or singing along, though the exact content of what he is saying is not clear from the image.",3.9694,,
Ph5M5xWoPRE,Ph5M5xWoPRE,2,The crying boy appears to be mouthing words or singing along to the music during the chorus performance.,3.9694,,
Ph5M5xWoPRE,Ph5M5xWoPRE,3,"The crying boy could be seen mouthing words or singing along during the chorus performance, even though he is crying.",3.9694,,
Ph5M5xWoPRE,Ph5M5xWoPRE,4,"The crying boy could be seen mouthing lyrics or singing along enthusiastically during the chorus performance, even though he is visibly upset.",3.9694,,
Ph5M5xWoPRE,Ph5M5xWoPRE,5,"The crying boy appears to be mouthing words or singing along enthusiastically, possibly repeating the lyrics of the song being performed.",3.9694,,
Ph5M5xWoPRE,Ph5M5xWoPRE,6,The crying boy appears to be mouthing words or singing along to the music during the chorus performance.,3.9694,,
Ph5M5xWoPRE,Ph5M5xWoPRE,7,"The crying boy appears to be mouthing words or singing along enthusiastically during the chorus performance, despite his emotional state.",3.9694,,
Ph5M5xWoPRE,Ph5M5xWoPRE,8,"The crying boy appears to be mouthing lyrics or singing along with the chorus performance, though the specific words are not audible in the image.",3.9694,,
Ph5M5xWoPRE,Ph5M5xWoPRE,9,"The crying boy appears to be mouthing words or singing along, but the exact content of his mouth movements cannot be determined from the image.",3.9694,,
Ph5M5xWoPRE,Ph5M5xWoPRE,10,"The crying boy appears to be mouthing words or singing along with the performance, though the exact words are not clear from the image.",3.9694,,
Pi8HvqoDxX8,Pi8HvqoDxX8,1,The presence of a large crowd in the background suggests that this is a competitive game rather than a practice session.,4.0398,,
Pi8HvqoDxX8,Pi8HvqoDxX8,2,The presence of a large crowd in the stands and the players' focused expressions indicate that this is a competitive game rather than a practice session.,4.0398,,
Pi8HvqoDxX8,Pi8HvqoDxX8,3,"The presence of a large, attentive crowd in the background indicates that this is a competitive game rather than a practice session.",4.0398,,
Pi8HvqoDxX8,Pi8HvqoDxX8,4,The presence of a crowd and the players' focused expressions suggest that this is a competitive game rather than a practice session.,4.0398,,
Pi8HvqoDxX8,Pi8HvqoDxX8,5,The presence of a crowd and the players' focused and skilled movements suggest that this is a competitive game rather than a practice session.,4.0398,,
Pi8HvqoDxX8,Pi8HvqoDxX8,6,"The presence of a large audience in the background suggests that this is a competitive game, as they would not be present in large numbers for a practice session.",4.0398,,
Pi8HvqoDxX8,Pi8HvqoDxX8,7,"The presence of a large crowd and the players' focused expressions indicate that this is a competitive game, not a practice session.",4.0398,,
Pi8HvqoDxX8,Pi8HvqoDxX8,8,"The presence of a large crowd in the background indicates that this is a competitive game, as practice sessions typically do not have spectators.",4.0398,,
Pi8HvqoDxX8,Pi8HvqoDxX8,9,The presence of a large crowd and the players' focused and skilled movements suggest that this is a competitive game rather than a practice session.,4.0398,,
Pi8HvqoDxX8,Pi8HvqoDxX8,10,The presence of a large crowd in the background and the players' focused and athletic movements indicate that this is a competitive game.,4.0398,,
PiIrinu42DQ,PiIrinu42DQ,1,The person is using a soldering iron to melt and connect wires.,3.8884,,
PiIrinu42DQ,PiIrinu42DQ,2,soldering iron,3.8884,,
PiIrinu42DQ,PiIrinu42DQ,3,The person is using a soldering iron.,3.8884,,
PiIrinu42DQ,PiIrinu42DQ,4,soldering iron,3.8884,,
PiIrinu42DQ,PiIrinu42DQ,5,The person is using a soldering iron to solder a wire onto the object.,3.8884,,
PiIrinu42DQ,PiIrinu42DQ,6,soldering iron,3.8884,,
PiIrinu42DQ,PiIrinu42DQ,7,soldering iron,3.8884,,
PiIrinu42DQ,PiIrinu42DQ,8,The person is using a soldering iron.,3.8884,,
PiIrinu42DQ,PiIrinu42DQ,9,The person is using a soldering iron to solder wires together.,3.8884,,
PiIrinu42DQ,PiIrinu42DQ,10,The person is using a soldering iron.,3.8884,,
PJPqGJzIwfg,PJPqGJzIwfg,1,The bong is a smoking device that is typically used to inhale marijuana smoke.,4.1336,,
PJPqGJzIwfg,PJPqGJzIwfg,2,The bong is for smoking marijuana.,4.1336,,
PJPqGJzIwfg,PJPqGJzIwfg,3,"The bong is a device used for smoking marijuana, typically designed to filter smoke and provide a smoother inhalation experience.",4.1336,,
PJPqGJzIwfg,PJPqGJzIwfg,4,The bong in the video is a wine bottle repurposed as a smoking device.,4.1336,,
PJPqGJzIwfg,PJPqGJzIwfg,5,The bong in the picture is a water pipe typically used to smoke marijuana.,4.1336,,
PJPqGJzIwfg,PJPqGJzIwfg,6,"The bong in the video is likely a homemade water pipe designed to cool and filter the smoke, allowing the user to inhale the smoke through a water pipe, which can be a more pleasant experience.",4.1336,,
PJPqGJzIwfg,PJPqGJzIwfg,7,"The bong in the image is likely a DIY water pipe made from a wine bottle, as indicated by the video title ""Bottle2bong.""",4.1336,,
PJPqGJzIwfg,PJPqGJzIwfg,8,The bong in the video is being prepared by a person using a drill and a sink to potentially create a homemade smoking device.,4.1336,,
PJPqGJzIwfg,PJPqGJzIwfg,9,"The bong in the video is a repurposed wine bottle, likely used for smoking marijuana.",4.1336,,
PJPqGJzIwfg,PJPqGJzIwfg,10,The bong in the picture is used for smoking.,4.1336,,
PJxUqMJWo0w,PJxUqMJWo0w,1,The woman is doubting whether her husband takes candid photos of her.,3.9293,,
PJxUqMJWo0w,PJxUqMJWo0w,2,The woman is doubting whether her husband takes candid photos of her.,3.9293,,
PJxUqMJWo0w,PJxUqMJWo0w,3,The woman is doubting whether her husband takes candid photos of her or not.,3.9293,,
PJxUqMJWo0w,PJxUqMJWo0w,4,The woman is doubting that her husband takes candid photos of her.,3.9293,,
PJxUqMJWo0w,PJxUqMJWo0w,5,The woman is doubting whether her husband takes candid photos of her.,3.9293,,
PJxUqMJWo0w,PJxUqMJWo0w,6,The woman is doubting whether her husband takes candid photos of her.,3.9293,,
PJxUqMJWo0w,PJxUqMJWo0w,7,The woman is doubting whether her husband takes candid photos of her.,3.9293,,
PJxUqMJWo0w,PJxUqMJWo0w,8,The woman is doubting whether her husband takes candid photos of her.,3.9293,,
PJxUqMJWo0w,PJxUqMJWo0w,9,The woman is doubting whether her husband takes candid photos of her.,3.9293,,
PJxUqMJWo0w,PJxUqMJWo0w,10,The woman is doubting whether her husband takes candid photos of her or not.,3.9293,,
PKgoIkEP_6c,PKgoIkEP_6c,1,The flower in the video is red.,3.962,,
PKgoIkEP_6c,PKgoIkEP_6c,2,The flower in the picture is red.,3.962,,
PKgoIkEP_6c,PKgoIkEP_6c,3,The flower is red.,3.962,,
PKgoIkEP_6c,PKgoIkEP_6c,4,The flower is red.,3.962,,
PKgoIkEP_6c,PKgoIkEP_6c,5,The flower is red.,3.962,,
PKgoIkEP_6c,PKgoIkEP_6c,6,The flower is red.,3.962,,
PKgoIkEP_6c,PKgoIkEP_6c,7,The flower is red.,3.962,,
PKgoIkEP_6c,PKgoIkEP_6c,8,The flower is red.,3.962,,
PKgoIkEP_6c,PKgoIkEP_6c,9,The flower is red.,3.962,,
PKgoIkEP_6c,PKgoIkEP_6c,10,The flower is red.,3.962,,
Pkjvnn7lJEo,Pkjvnn7lJEo,1,"The girl is wearing a light pink sweatshirt with the word ""giant"" written on it.",3.4959,,
Pkjvnn7lJEo,Pkjvnn7lJEo,2,"The girl is wearing a pink sleeveless top with the word ""giant"" written on it in rhinestones.",3.4959,,
Pkjvnn7lJEo,Pkjvnn7lJEo,3,"The girl is wearing a pink sweatshirt with the word ""girl"" written on it.",3.4959,,
Pkjvnn7lJEo,Pkjvnn7lJEo,4,"The girl is wearing a pink sleeveless top with the word ""giant"" written on it and pink pants.",3.4959,,
Pkjvnn7lJEo,Pkjvnn7lJEo,5,"The girl is wearing a pink sweatshirt with the word ""giant"" written on it.",3.4959,,
Pkjvnn7lJEo,Pkjvnn7lJEo,6,"The girl is wearing a pink sweatshirt with the word ""giant"" on it.",3.4959,,
Pkjvnn7lJEo,Pkjvnn7lJEo,7,"The girl is wearing a pink sweatshirt with the word ""giant"" written on it.",3.4959,,
Pkjvnn7lJEo,Pkjvnn7lJEo,8,"The girl is wearing a pink sleeveless top with the word ""giant"" written on it.",3.4959,,
Pkjvnn7lJEo,Pkjvnn7lJEo,9,"The girl is wearing a pink sleeveless top with the word ""giant"" written on it.",3.4959,,
Pkjvnn7lJEo,Pkjvnn7lJEo,10,"The girl is wearing a pink sweatshirt with the word ""girl"" written on it in glittery letters.",3.4959,,
PMbimV2LIbE,PMbimV2LIbE,1,"The couple's elegant attire, the romantic setting with a red polka-dotted tablecloth, and the presence of a must-try dish on a beautifully designed menu indicate they are on a special date.",4.0255,,
PMbimV2LIbE,PMbimV2LIbE,2,"The couple is dressed in formal attire, seated at a table adorned with a red and white checkered tablecloth, and enjoying a meal together, which suggests they are on a special date.",4.0255,,
PMbimV2LIbE,PMbimV2LIbE,3,"The couple is dressed elegantly, the setting appears to be a fancy restaurant with a romantic ambiance, and the man is holding a phone with a restaurant app, suggesting a planned and special occasion.",4.0255,,
PMbimV2LIbE,PMbimV2LIbE,4,"The couple is dressed elegantly, the setting is a restaurant with a romantic atmosphere, and the man holds up a smartphone displaying a menu, suggesting they are making a special selection for their date.",4.0255,,
PMbimV2LIbE,PMbimV2LIbE,5,"The couple is dressed elegantly, the setting is a fancy restaurant, and the man is using a smartphone app to order food, indicating a special occasion.",4.0255,,
PMbimV2LIbE,PMbimV2LIbE,6,"The clues suggesting this couple is on a special date include the man in a white suit and the woman in a blue dress, which are often worn for formal or special occasions, and the cozy restaurant setting with a menu in hand and a smartphone displaying restaurant options, indicating they are selecting a special meal together.",4.0255,,
PMbimV2LIbE,PMbimV2LIbE,7,"The couple is dressed elegantly, holding a menu together, and the setting is a restaurant, suggesting a special date.",4.0255,,
PMbimV2LIbE,PMbimV2LIbE,8,"The couple is dressed formally, and the setting is a cozy restaurant with a romantic ambiance, suggesting they are on a special date.",4.0255,,
PMbimV2LIbE,PMbimV2LIbE,9,"The couple is dressed formally, with the woman in a blue dress and the man in a white suit, indicating a special occasion, and they are holding a menu, suggesting they are choosing their meal for the evening.",4.0255,,
PMbimV2LIbE,PMbimV2LIbE,10,"The couple is dressed formally, the setting is a restaurant with a festive atmosphere, and they are holding a menu together, indicating a planned and special occasion.",4.0255,,
Pne0cC8Zn70,Pne0cC8Zn70,1,two,3.4006,,
Pne0cC8Zn70,Pne0cC8Zn70,2,2,3.4006,,
Pne0cC8Zn70,Pne0cC8Zn70,3,1,3.4006,,
Pne0cC8Zn70,Pne0cC8Zn70,4,Two.,3.4006,,
Pne0cC8Zn70,Pne0cC8Zn70,5,There are two chairs in the video.,3.4006,,
Pne0cC8Zn70,Pne0cC8Zn70,6,1,3.4006,,
Pne0cC8Zn70,Pne0cC8Zn70,7,2,3.4006,,
Pne0cC8Zn70,Pne0cC8Zn70,8,2,3.4006,,
Pne0cC8Zn70,Pne0cC8Zn70,9,2,3.4006,,
Pne0cC8Zn70,Pne0cC8Zn70,10,2,3.4006,,
POH-lLoKOLs,POH-lLoKOLs,1,There is one clipboard in the video.,3.7603,,
POH-lLoKOLs,POH-lLoKOLs,2,There is one clipboard in the video.,3.7603,,
POH-lLoKOLs,POH-lLoKOLs,3,There is one clipboard in the video.,3.7603,,
POH-lLoKOLs,POH-lLoKOLs,4,There is one clipboard in the video.,3.7603,,
POH-lLoKOLs,POH-lLoKOLs,5,There is one clipboard in the video.,3.7603,,
POH-lLoKOLs,POH-lLoKOLs,6,There is one clipboard in the video.,3.7603,,
POH-lLoKOLs,POH-lLoKOLs,7,There is one clipboard in the video.,3.7603,,
POH-lLoKOLs,POH-lLoKOLs,8,There is one clipboard in the video.,3.7603,,
POH-lLoKOLs,POH-lLoKOLs,9,There is one clipboard in the video.,3.7603,,
POH-lLoKOLs,POH-lLoKOLs,10,There is one clipboard in the video.,3.7603,,
PplfkMi3JFs,PplfkMi3JFs,1,"After the couple sit on the floor, they transform into ballet dancers, standing up and performing a ballet routine.",3.681,,
PplfkMi3JFs,PplfkMi3JFs,2,"After the couple sits on the floor, they stand up and perform a ballet routine together.",3.681,,
PplfkMi3JFs,PplfkMi3JFs,3,"After the couple sit on the floor, they transform into ballet dancers and begin to dance.",3.681,,
PplfkMi3JFs,PplfkMi3JFs,4,"The couple stands up, changes into ballet costumes, and begins to dance together.",3.681,,
PplfkMi3JFs,PplfkMi3JFs,5,"After the couple sits on the floor, they stand up and transition into a ballet pose, continuing to dance gracefully.",3.681,,
PplfkMi3JFs,PplfkMi3JFs,6,The woman transforms into a ballerina in a blue tutu while the man changes into a matching outfit.,3.681,,
PplfkMi3JFs,PplfkMi3JFs,7,"After the couple sits on the floor, they transition into ballet costumes and perform a dance routine.",3.681,,
PplfkMi3JFs,PplfkMi3JFs,8,"The couple stands up and begins to dance, transitioning into ballet poses and movements.",3.681,,
PplfkMi3JFs,PplfkMi3JFs,9,"After the couple sit on the floor, they transform into dancers wearing ballet costumes and perform a ballet routine.",3.681,,
PplfkMi3JFs,PplfkMi3JFs,10,"After the couple sit on the floor, they transition into a ballet-like pose and begin to dance together, with the woman wearing a blue tutu and the man in a light blue outfit.",3.681,,
Ppp5gODf8PU,Ppp5gODf8PU,1,6,3.7539,,
Ppp5gODf8PU,Ppp5gODf8PU,2,10,3.7539,,
Ppp5gODf8PU,Ppp5gODf8PU,3,6,3.7539,,
Ppp5gODf8PU,Ppp5gODf8PU,4,10,3.7539,,
Ppp5gODf8PU,Ppp5gODf8PU,5,10,3.7539,,
Ppp5gODf8PU,Ppp5gODf8PU,6,8,3.7539,,
Ppp5gODf8PU,Ppp5gODf8PU,7,12,3.7539,,
Ppp5gODf8PU,Ppp5gODf8PU,8,10,3.7539,,
Ppp5gODf8PU,Ppp5gODf8PU,9,10,3.7539,,
Ppp5gODf8PU,Ppp5gODf8PU,10,5,3.7539,,
PTwap56YrbE,PTwap56YrbE,1,1,3.3215,,
PTwap56YrbE,PTwap56YrbE,2,1,3.3215,,
PTwap56YrbE,PTwap56YrbE,3,1,3.3215,,
PTwap56YrbE,PTwap56YrbE,4,1,3.3215,,
PTwap56YrbE,PTwap56YrbE,5,1,3.3215,,
PTwap56YrbE,PTwap56YrbE,6,1,3.3215,,
PTwap56YrbE,PTwap56YrbE,7,1,3.3215,,
PTwap56YrbE,PTwap56YrbE,8,1,3.3215,,
PTwap56YrbE,PTwap56YrbE,9,1,3.3215,,
PTwap56YrbE,PTwap56YrbE,10,1,3.3215,,
PUxRZtAntBE,PUxRZtAntBE,1,"No, the doll is a toy and cannot vomit out the balls.",3.4516,,
PUxRZtAntBE,PUxRZtAntBE,2,"No, the doll is a toy and does not have the ability to vomit.",3.4516,,
PUxRZtAntBE,PUxRZtAntBE,3,"No, the doll is a toy and does not have the ability to vomit out the balls.",3.4516,,
PUxRZtAntBE,PUxRZtAntBE,4,"No, the doll is not a real object and does not have the ability to vomit.",3.4516,,
PUxRZtAntBE,PUxRZtAntBE,5,"No, the doll is a toy and doesn't actually vomit out the balls; it's just a humorous setup.",3.4516,,
PUxRZtAntBE,PUxRZtAntBE,6,"No, the doll is not designed to vomit; it's a toy that can be played with.",3.4516,,
PUxRZtAntBE,PUxRZtAntBE,7,"No, the doll is just a toy and will not actually vomit out the balls.",3.4516,,
PUxRZtAntBE,PUxRZtAntBE,8,"No, the doll is just a decorative item and does not have the ability to vomit.",3.4516,,
PUxRZtAntBE,PUxRZtAntBE,9,"No, the doll is a toy and does not have the capability to vomit out the balls.",3.4516,,
PUxRZtAntBE,PUxRZtAntBE,10,"No, the doll is a toy and cannot vomit out the balls.",3.4516,,
PV6Tz265kx8,PV6Tz265kx8,1,A ghostly creature appears and attacks the boy.,3.4949,,
PV6Tz265kx8,PV6Tz265kx8,2,"A ghostly creature appears, surprising the girl and the boy as they hold hands.",3.4949,,
PV6Tz265kx8,PV6Tz265kx8,3,"A ghostly figure appears and chases the boy, while a pink monster and a blue monster join in the chase.",3.4949,,
PV6Tz265kx8,PV6Tz265kx8,4,"A ghost-like creature appears and chases the girl, who then escapes with a pink monster.",3.4949,,
PV6Tz265kx8,PV6Tz265kx8,5,"A monster appears and chases her, prompting a pink monster to save her.",3.4949,,
PV6Tz265kx8,PV6Tz265kx8,6,"A ghostly creature with a x-rated face appears, and the boy and girl run away in fear.",3.4949,,
PV6Tz265kx8,PV6Tz265kx8,7,"The scene shifts to a forest where the girl is suddenly attacked by a large, monstrous creature.",3.4949,,
PV6Tz265kx8,PV6Tz265kx8,8,A ghostly creature appears and chases the girl.,3.4949,,
PV6Tz265kx8,PV6Tz265kx8,9,"A ghost-like creature appears and attacks her, but she and another character fight it off.",3.4949,,
PV6Tz265kx8,PV6Tz265kx8,10,The girl is attacked by a real monster.,3.4949,,
PVBx6n2iGo8,PVBx6n2iGo8,1,Because you can draw faster and it's good for expressive sketching and designing.,4.1063,,
PVBx6n2iGo8,PVBx6n2iGo8,2,"Because they are easy to use, allow for expressive sketching, and are easy to sharpen.",4.1063,,
PVBx6n2iGo8,PVBx6n2iGo8,3,"Because they allow for expressive sketching and designing, especially when used with a thick soft 1B lead, which makes them ideal for detailed architectural drawings.",4.1063,,
PVBx6n2iGo8,PVBx6n2iGo8,4,"Because they can be used with a thick soft 4B lead, which allows for expressive sketching and designing.",4.1063,,
PVBx6n2iGo8,PVBx6n2iGo8,5,"Because they allow for expressive sketching and designing, especially with a thick soft 4B lead.",4.1063,,
PVBx6n2iGo8,PVBx6n2iGo8,6,Because you can draw faster and it's good for expressive sketching and designing.,4.1063,,
PVBx6n2iGo8,PVBx6n2iGo8,7,Because you can draw faster and it's good for expressive sketching and designing.,4.1063,,
PVBx6n2iGo8,PVBx6n2iGo8,8,"Clutch pencils are best for Architech's sketches because they allow for expressive sketching and designing, and the lead can be sharpened at the end.",4.1063,,
PVBx6n2iGo8,PVBx6n2iGo8,9,"Because they are smooth and fast, making them ideal for expressive sketching and designing, especially when using a thick soft HB lead.",4.1063,,
PVBx6n2iGo8,PVBx6n2iGo8,10,Because you can draw faster and it's good for expressive sketching and designing.,4.1063,,
PW1sQlKz26g,PW1sQlKz26g,1,The video ends with the sound of a tractor's engine.,3.7887,,
PW1sQlKz26g,PW1sQlKz26g,2,The sound of a tractor starting is heard at the end of the video.,3.7887,,
PW1sQlKz26g,PW1sQlKz26g,3,The sound of a tractor engine revving up is heard at the end of the video.,3.7887,,
PW1sQlKz26g,PW1sQlKz26g,4,The sound of a tractor's engine is heard at the end of the video.,3.7887,,
PW1sQlKz26g,PW1sQlKz26g,5,The video ends with the sound of a tractor starting.,3.7887,,
PW1sQlKz26g,PW1sQlKz26g,6,The video ends with the sound of a tractor engine.,3.7887,,
PW1sQlKz26g,PW1sQlKz26g,7,The sound of a tractor engine is heard at the end of the video.,3.7887,,
PW1sQlKz26g,PW1sQlKz26g,8,"The video does not provide any audio, so no sounds are heard at the end of the video.",3.7887,,
PW1sQlKz26g,PW1sQlKz26g,9,The sound of a tractor revving is heard at the end of the video.,3.7887,,
PW1sQlKz26g,PW1sQlKz26g,10,The sound of a tractor starting is heard at the end of the video.,3.7887,,
PWP17NlIgs8,PWP17NlIgs8,1,He questions the person's actions and the authenticity of the dessert being made.,3.6187,,
PWP17NlIgs8,PWP17NlIgs8,2,"The man reacts with surprise and asks ""What are you doing?"" while the person in the kitchen continues cooking the spaghetti.",3.6187,,
PWP17NlIgs8,PWP17NlIgs8,3,"The man reacts with surprise, asking ""What are you doing?"" and ""Why?"" while a woman in the background exclaims, ""What's going on?""",3.6187,,
PWP17NlIgs8,PWP17NlIgs8,4,"The man exclaims ""What are you doing?"" and looks confused as the person in the video proceeds to add a can of soda to the pot of spaghetti.",3.6187,,
PWP17NlIgs8,PWP17NlIgs8,5,"He reacts with surprise and asks, ""What are you doing? Bro, are you crazy?""",3.6187,,
PWP17NlIgs8,PWP17NlIgs8,6,"The man looks shocked and asks, ""What are you doing? Bro, are you crazy?""",3.6187,,
PWP17NlIgs8,PWP17NlIgs8,7,"The man exclaims in surprise, ""What are you doing?""",3.6187,,
PWP17NlIgs8,PWP17NlIgs8,8,"The man expresses confusion and disbelief, while the other person claims it's a traditional Italian dessert.",3.6187,,
PWP17NlIgs8,PWP17NlIgs8,9,The man reacts with surprise and asks what is happening.,3.6187,,
PWP17NlIgs8,PWP17NlIgs8,10,"The man, appearing surprised, exclaims ""What are you doing?"" as the spaghetti is being cooked.",3.6187,,
PXboa0HtgZI,PXboa0HtgZI,1,"The girl seems to be hiding in her crush's closet, possibly wanting to avoid being seen or to be closer to her crush.",3.5437,,
PXboa0HtgZI,PXboa0HtgZI,2,The girl wants to hide in her crush's closet.,3.5437,,
PXboa0HtgZI,PXboa0HtgZI,3,The girl wants to hide in her crush's closet.,3.5437,,
PXboa0HtgZI,PXboa0HtgZI,4,The girl wants to hide in her crush's closet.,3.5437,,
PXboa0HtgZI,PXboa0HtgZI,5,The girl wants to hide in her crush's closet.,3.5437,,
PXboa0HtgZI,PXboa0HtgZI,6,The girl wants to hide in her crush's closet.,3.5437,,
PXboa0HtgZI,PXboa0HtgZI,7,"The girl seems to be hiding and possibly waiting for someone, perhaps hoping to catch a glimpse of her crush or for them to notice her.",3.5437,,
PXboa0HtgZI,PXboa0HtgZI,8,"The girl wants to hide in her crush's closet, possibly to eavesdrop or spy on them.",3.5437,,
PXboa0HtgZI,PXboa0HtgZI,9,The girl appears to want to hide in her crush's closet.,3.5437,,
PXboa0HtgZI,PXboa0HtgZI,10,The girl wants to hide in her crush's closet.,3.5437,,
PxeevNPl86k,PxeevNPl86k,1,The pump is pumped once the first time.,3.5655,,
PxeevNPl86k,PxeevNPl86k,2,The pump is pumped once the first time.,3.5655,,
PxeevNPl86k,PxeevNPl86k,3,The pump is pumped three times the first time.,3.5655,,
PxeevNPl86k,PxeevNPl86k,4,The pump is pumped twice the first time.,3.5655,,
PxeevNPl86k,PxeevNPl86k,5,The pump is pumped three times the first time.,3.5655,,
PxeevNPl86k,PxeevNPl86k,6,The pump is pumped once the first time.,3.5655,,
PxeevNPl86k,PxeevNPl86k,7,The pump is pumped twice the first time.,3.5655,,
PxeevNPl86k,PxeevNPl86k,8,The pump is pumped twice the first time.,3.5655,,
PxeevNPl86k,PxeevNPl86k,9,The pump is pumped once the first time.,3.5655,,
PxeevNPl86k,PxeevNPl86k,10,The pump is pumped once the first time.,3.5655,,
Pxnq5xf6m6o,Pxnq5xf6m6o,1,"In the video, we see a total of ten fingers, as two hands with intricate henna designs are displayed.",3.5543,,
Pxnq5xf6m6o,Pxnq5xf6m6o,2,"In the video, we see a total of 10 fingers.",3.5543,,
Pxnq5xf6m6o,Pxnq5xf6m6o,3,"The video shows a hand with mehndi designs, so we can see all five fingers.",3.5543,,
Pxnq5xf6m6o,Pxnq5xf6m6o,4,The video shows a total of eight fingers.,3.5543,,
Pxnq5xf6m6o,Pxnq5xf6m6o,5,"In the video, we see a total of 10 fingers.",3.5543,,
Pxnq5xf6m6o,Pxnq5xf6m6o,6,"In the video, we see all five fingers of the hand.",3.5543,,
Pxnq5xf6m6o,Pxnq5xf6m6o,7,The video shows a total of eight fingers.,3.5543,,
Pxnq5xf6m6o,Pxnq5xf6m6o,8,Four fingers are visible in the video.,3.5543,,
Pxnq5xf6m6o,Pxnq5xf6m6o,9,"In the video, we see four fingers of the hand.",3.5543,,
Pxnq5xf6m6o,Pxnq5xf6m6o,10,We see all ten fingers in the video.,3.5543,,
PyphToMehZQ,PyphToMehZQ,1,Jewish,3.8863,,
PyphToMehZQ,PyphToMehZQ,2,The video repeatedly references the Jewish religion.,3.8863,,
PyphToMehZQ,PyphToMehZQ,3,The tirade in the video repeatedly references the Jewish religion or religious group.,3.8863,,
PyphToMehZQ,PyphToMehZQ,4,Jew,3.8863,,
PyphToMehZQ,PyphToMehZQ,5,The religious group repeatedly referenced in the tirade is Judaism.,3.8863,,
PyphToMehZQ,PyphToMehZQ,6,The religious group repeatedly referenced in the tirade is Judaism.,3.8863,,
PyphToMehZQ,PyphToMehZQ,7,Jewish,3.8863,,
PyphToMehZQ,PyphToMehZQ,8,Jewish,3.8863,,
PyphToMehZQ,PyphToMehZQ,9,Jewish,3.8863,,
PyphToMehZQ,PyphToMehZQ,10,The video repeatedly references the Jewish religion or religious group.,3.8863,,
PZjuizzTJ38,PZjuizzTJ38,1,3,3.7147,,
PZjuizzTJ38,PZjuizzTJ38,2,2,3.7147,,
PZjuizzTJ38,PZjuizzTJ38,3,4,3.7147,,
PZjuizzTJ38,PZjuizzTJ38,4,1,3.7147,,
PZjuizzTJ38,PZjuizzTJ38,5,2,3.7147,,
PZjuizzTJ38,PZjuizzTJ38,6,1,3.7147,,
PZjuizzTJ38,PZjuizzTJ38,7,2,3.7147,,
PZjuizzTJ38,PZjuizzTJ38,8,two,3.7147,,
PZjuizzTJ38,PZjuizzTJ38,9,2,3.7147,,
PZjuizzTJ38,PZjuizzTJ38,10,3,3.7147,,
PZWAlJSL7Kc,PZWAlJSL7Kc,1,"The white compound applied to the wood is likely glue, used to secure the screw in place.",3.9301,,
PZWAlJSL7Kc,PZWAlJSL7Kc,2,The white compound applied to the wood is likely wood glue or a similar adhesive used to secure the screw in place.,3.9301,,
PZWAlJSL7Kc,PZWAlJSL7Kc,3,"The white compound applied to the wood is likely a type of wood glue, used to secure the screw and ensure a strong bond.",3.9301,,
PZWAlJSL7Kc,PZWAlJSL7Kc,4,"The white compound applied to the wood is likely glue, used to secure the screw and ensure a strong bond between the wood and the object being attached.",3.9301,,
PZWAlJSL7Kc,PZWAlJSL7Kc,5,The white compound applied to the wood is likely wood glue.,3.9301,,
PZWAlJSL7Kc,PZWAlJSL7Kc,6,"The white compound applied to the wood is likely a type of adhesive, such as wood glue or epoxy, used to secure the screw in place.",3.9301,,
PZWAlJSL7Kc,PZWAlJSL7Kc,7,"The white compound applied to the wood is likely wood glue, which is commonly used to secure screws and other materials to wood.",3.9301,,
PZWAlJSL7Kc,PZWAlJSL7Kc,8,"The white compound applied to the wood is likely glue, which is commonly used to bond pieces of wood together.",3.9301,,
PZWAlJSL7Kc,PZWAlJSL7Kc,9,"The white compound applied to the wood is likely a type of glue or adhesive, commonly used to secure the screw in place and ensure a strong bond between the wood and the metal screw.",3.9301,,
PZWAlJSL7Kc,PZWAlJSL7Kc,10,"The white compound applied to the wood is likely wood glue, which is used to bond the screw and the piece of wood together.",3.9301,,
Q0TEj9p73h0,Q0TEj9p73h0,1,The boy is holding a brown croissant and appears to be eating it.,4.1649,,
Q0TEj9p73h0,Q0TEj9p73h0,2,"The boy is eating the brown thing, which appears to be a pastry or bread.",4.1649,,
Q0TEj9p73h0,Q0TEj9p73h0,3,The boy is eating a pastry in his hand.,4.1649,,
Q0TEj9p73h0,Q0TEj9p73h0,4,"The boy is eating the brown thing, which appears to be a croissant.",4.1649,,
Q0TEj9p73h0,Q0TEj9p73h0,5,"The boy is eating the brown thing, which appears to be a croissant.",4.1649,,
Q0TEj9p73h0,Q0TEj9p73h0,6,"The boy is eating the brown thing, which appears to be a piece of bread or pastry.",4.1649,,
Q0TEj9p73h0,Q0TEj9p73h0,7,The boy is holding a pastry and appears to be eating it.,4.1649,,
Q0TEj9p73h0,Q0TEj9p73h0,8,"The boy is eating the brown thing in his hand, which appears to be a piece of food.",4.1649,,
Q0TEj9p73h0,Q0TEj9p73h0,9,The boy is holding a piece of bread and appears to be eating it.,4.1649,,
Q0TEj9p73h0,Q0TEj9p73h0,10,"The boy is eating the brown thing, which appears to be a croissant, with a spoon, likely as a novelty or humorous twist.",4.1649,,
Q5eSe5WBHcQ,Q5eSe5WBHcQ,1,"The tiger's relaxed posture, gentle bites, and the dog's calm demeanor suggest they are playing rather than engaging in an aggressive encounter.",3.8513,,
Q5eSe5WBHcQ,Q5eSe5WBHcQ,2,"The tiger and the dog are lying close to each other on the grass, and the dog appears relaxed with its eyes closed, which suggests they are playing rather than fighting.",3.8513,,
Q5eSe5WBHcQ,Q5eSe5WBHcQ,3,"The tiger's relaxed posture, gentle pawing, and the dog's calm demeanor suggest they are playfully interacting rather than engaging in a threatening behavior.",3.8513,,
Q5eSe5WBHcQ,Q5eSe5WBHcQ,4,"The tiger and the dog are lying close to each other, and the dog appears calm, suggesting they are playing rather than attacking.",3.8513,,
Q5eSe5WBHcQ,Q5eSe5WBHcQ,5,"The tiger and the dog are lying close together in a relaxed manner, with no signs of aggression or fear, indicating they are just playing.",3.8513,,
Q5eSe5WBHcQ,Q5eSe5WBHcQ,6,"The tiger and the dog are lying down on the grass, not showing any signs of aggression, and the tiger is gently holding the dog's head with its paws, suggesting a playful interaction rather than an attack.",3.8513,,
Q5eSe5WBHcQ,Q5eSe5WBHcQ,7,"The tiger's relaxed posture and gentle interaction with the dog, as well as the dog's calm demeanor, suggest that they are playing rather than attacking each other.",3.8513,,
Q5eSe5WBHcQ,Q5eSe5WBHcQ,8,"The tiger is gently holding the dog, and the dog appears relaxed and comfortable, indicating playful interaction rather than an attack.",3.8513,,
Q5eSe5WBHcQ,Q5eSe5WBHcQ,9,"The tiger and the dog are lying down close to each other, with the tiger gently nuzzling the dog, indicating a playful interaction rather than an attack.",3.8513,,
Q5eSe5WBHcQ,Q5eSe5WBHcQ,10,"The tiger's relaxed posture, gentle nuzzling, and the dog's comfortable position suggest a playful interaction rather than an attack.",3.8513,,
Q6aMqZwNJlg,Q6aMqZwNJlg,1,The lion ends up with the prey.,3.8556,,
Q6aMqZwNJlg,Q6aMqZwNJlg,2,The lion ends up with the prey.,3.8556,,
Q6aMqZwNJlg,Q6aMqZwNJlg,3,The lion ends up with the prey.,3.8556,,
Q6aMqZwNJlg,Q6aMqZwNJlg,4,The lion ends up with the prey.,3.8556,,
Q6aMqZwNJlg,Q6aMqZwNJlg,5,lion,3.8556,,
Q6aMqZwNJlg,Q6aMqZwNJlg,6,The lion ends up with the prey.,3.8556,,
Q6aMqZwNJlg,Q6aMqZwNJlg,7,lion,3.8556,,
Q6aMqZwNJlg,Q6aMqZwNJlg,8,The lion ends up with the prey.,3.8556,,
Q6aMqZwNJlg,Q6aMqZwNJlg,9,The animal that ends up with the prey is the lion.,3.8556,,
Q6aMqZwNJlg,Q6aMqZwNJlg,10,lion,3.8556,,
Q6HqOkL4MCA,Q6HqOkL4MCA,1,The guy drank two glasses of drink.,4.0616,,
Q6HqOkL4MCA,Q6HqOkL4MCA,2,The guy drank two glasses of drink.,4.0616,,
Q6HqOkL4MCA,Q6HqOkL4MCA,3,The guy drank two glasses of drink.,4.0616,,
Q6HqOkL4MCA,Q6HqOkL4MCA,4,The guy drank two glasses of drink.,4.0616,,
Q6HqOkL4MCA,Q6HqOkL4MCA,5,The guy drank two glasses of drink.,4.0616,,
Q6HqOkL4MCA,Q6HqOkL4MCA,6,The guy drank two glasses of drink.,4.0616,,
Q6HqOkL4MCA,Q6HqOkL4MCA,7,The man in the video drank two glasses of the beverage.,4.0616,,
Q6HqOkL4MCA,Q6HqOkL4MCA,8,The guy drank two glasses of drink.,4.0616,,
Q6HqOkL4MCA,Q6HqOkL4MCA,9,The guy drank two glasses of drink.,4.0616,,
Q6HqOkL4MCA,Q6HqOkL4MCA,10,The guy drank two glasses of drink.,4.0616,,
Q6Zx5bJHSuU,Q6Zx5bJHSuU,1,A plastic bottle is being cut in the video.,3.558,,
Q6Zx5bJHSuU,Q6Zx5bJHSuU,2,The video shows a person cutting a plastic bottle with a utility knife.,3.558,,
Q6Zx5bJHSuU,Q6Zx5bJHSuU,3,A blue plastic bottle cap is being cut in the video.,3.558,,
Q6Zx5bJHSuU,Q6Zx5bJHSuU,4,A blue plastic bottle cap is being cut with a utility knife in the video.,3.558,,
Q6Zx5bJHSuU,Q6Zx5bJHSuU,5,A plastic bottle is being cut in the video.,3.558,,
Q6Zx5bJHSuU,Q6Zx5bJHSuU,6,A plastic bottle is being cut in the video.,3.558,,
Q6Zx5bJHSuU,Q6Zx5bJHSuU,7,The video shows a person cutting a blue plastic bottle cap with a utility knife and then cutting a green plastic bottle.,3.558,,
Q6Zx5bJHSuU,Q6Zx5bJHSuU,8,A plastic bottle.,3.558,,
Q6Zx5bJHSuU,Q6Zx5bJHSuU,9,A blue plastic bottle cap is being cut with a knife.,3.558,,
Q6Zx5bJHSuU,Q6Zx5bJHSuU,10,A blue plastic lid and a green plastic bottle.,3.558,,
QFljXc4WpFA,QFljXc4WpFA,1,The two men of authority are holding swords.,3.7238,,
QFljXc4WpFA,QFljXc4WpFA,2,The two men of authority are holding swords.,3.7238,,
QFljXc4WpFA,QFljXc4WpFA,3,The two men of authority are carrying swords.,3.7238,,
QFljXc4WpFA,QFljXc4WpFA,4,The two men of authority are carrying swords and spears.,3.7238,,
QFljXc4WpFA,QFljXc4WpFA,5,The two men of authority are each holding a sword.,3.7238,,
QFljXc4WpFA,QFljXc4WpFA,6,The two men of authority are each holding a sword and a musket.,3.7238,,
QFljXc4WpFA,QFljXc4WpFA,7,The two men of authority are holding swords.,3.7238,,
QFljXc4WpFA,QFljXc4WpFA,8,The two men of authority are holding swords.,3.7238,,
QFljXc4WpFA,QFljXc4WpFA,9,The two men of authority are holding swords.,3.7238,,
QFljXc4WpFA,QFljXc4WpFA,10,The two men of authority are each holding a sword.,3.7238,,
QgQRjBsxT-M,QgQRjBsxT-M,1,Saris originated from the Indian subcontinent.,3.9382,,
QgQRjBsxT-M,QgQRjBsxT-M,2,Saris originated from India.,3.9382,,
QgQRjBsxT-M,QgQRjBsxT-M,3,Saris originated from the Indian subcontinent.,3.9382,,
QgQRjBsxT-M,QgQRjBsxT-M,4,Saris originated in the Indian subcontinent.,3.9382,,
QgQRjBsxT-M,QgQRjBsxT-M,5,Saris originated from the Indian subcontinent.,3.9382,,
QgQRjBsxT-M,QgQRjBsxT-M,6,Saris originated from India.,3.9382,,
QgQRjBsxT-M,QgQRjBsxT-M,7,"Saris originated in the Indian subcontinent, where they are a traditional garment worn by women.",3.9382,,
QgQRjBsxT-M,QgQRjBsxT-M,8,Saris originated from the Indian subcontinent.,3.9382,,
QgQRjBsxT-M,QgQRjBsxT-M,9,Saris originated from ancient India.,3.9382,,
QgQRjBsxT-M,QgQRjBsxT-M,10,"Saris originated from the Indian subcontinent, specifically from the region of Bengal.",3.9382,,
QgzFuzktegE,QgzFuzktegE,1,"According to the video, it took the man 10,952 days, or approximately 30 years, to reach his current level of proficiency on the flute.",4.1927,,
QgzFuzktegE,QgzFuzktegE,2,"According to the video, it took the man 4,732 days to reach his current level of flute proficiency.",4.1927,,
QgzFuzktegE,QgzFuzktegE,3,"According to the video, it took the man 10,952 days to reach his current level of proficiency in playing the flute.",4.1927,,
QgzFuzktegE,QgzFuzktegE,4,"According to the video, it took the man 10,952 days to reach his current level of flute proficiency.",4.1927,,
QgzFuzktegE,QgzFuzktegE,5,"It took the man 10,952 days to reach his current level of proficiency playing the flute.",4.1927,,
QgzFuzktegE,QgzFuzktegE,6,"The man has been learning the flute for 10,952 days, which is approximately 30 years.",4.1927,,
QgzFuzktegE,QgzFuzktegE,7,"It took the man 10,952 days, or approximately 29 years, to reach his current level of proficiency on the flute.",4.1927,,
QgzFuzktegE,QgzFuzktegE,8,"According to the video, it took the man 10,952 days to reach his current level of proficiency on the flute.",4.1927,,
QgzFuzktegE,QgzFuzktegE,9,"The man learned to play the flute over a period of 10,952 days.",4.1927,,
QgzFuzktegE,QgzFuzktegE,10,"It took the man 10,952 days to reach his current level of proficiency on the flute.",4.1927,,
QhczbmyAPQw,QhczbmyAPQw,1,There are two red round patches on the woman's jeans.,3.5615,,
QhczbmyAPQw,QhczbmyAPQw,2,The woman's jeans have two red round patches.,3.5615,,
QhczbmyAPQw,QhczbmyAPQw,3,There are two red round patches on the woman's jeans.,3.5615,,
QhczbmyAPQw,QhczbmyAPQw,4,There are two red round patches on the woman's jeans.,3.5615,,
QhczbmyAPQw,QhczbmyAPQw,5,There are two red round patches on the woman's jeans.,3.5615,,
QhczbmyAPQw,QhczbmyAPQw,6,There are two red round patches on the woman's jeans.,3.5615,,
QhczbmyAPQw,QhczbmyAPQw,7,There are two red round patches on the woman's jeans.,3.5615,,
QhczbmyAPQw,QhczbmyAPQw,8,There are two red round patches on the woman's jeans.,3.5615,,
QhczbmyAPQw,QhczbmyAPQw,9,There are two red round patches on the woman's jeans.,3.5615,,
QhczbmyAPQw,QhczbmyAPQw,10,There are two red round patches on the woman's jeans.,3.5615,,
QJuU4NALRfs,QJuU4NALRfs,1,The first baby head drops into a bowl with a spoon in it.,3.2838,,
QJuU4NALRfs,QJuU4NALRfs,2,The first baby head drops into a bowl.,3.2838,,
QJuU4NALRfs,QJuU4NALRfs,3,The first baby's head drops into a bowl.,3.2838,,
QJuU4NALRfs,QJuU4NALRfs,4,The first baby's head drops into a bowl.,3.2838,,
QJuU4NALRfs,QJuU4NALRfs,5,The first baby's head drops into a bowl.,3.2838,,
QJuU4NALRfs,QJuU4NALRfs,6,The first baby's head drops into a bowl of cereal.,3.2838,,
QJuU4NALRfs,QJuU4NALRfs,7,The first baby's head drops into a bowl.,3.2838,,
QJuU4NALRfs,QJuU4NALRfs,8,The first baby's head drops into the bowl of cereal.,3.2838,,
QJuU4NALRfs,QJuU4NALRfs,9,"The first baby's head drops into the bowl, causing laughter.",3.2838,,
QJuU4NALRfs,QJuU4NALRfs,10,The first baby head drops into a bowl.,3.2838,,
QKR5_es5p-8,QKR5_es5p-8,1,The man assists the girl by picking up the ring for her.,3.7081,,
QKR5_es5p-8,QKR5_es5p-8,2,The man picks up the ring for her.,3.7081,,
QKR5_es5p-8,QKR5_es5p-8,3,The man takes over and helps the girl throw the ring over the object.,3.7081,,
QKR5_es5p-8,QKR5_es5p-8,4,The man helps the girl by throwing the ring over the object for her.,3.7081,,
QKR5_es5p-8,QKR5_es5p-8,5,The man picks up the ring for her.,3.7081,,
QKR5_es5p-8,QKR5_es5p-8,6,The man helps the girl by throwing the ring over the object for her.,3.7081,,
QKR5_es5p-8,QKR5_es5p-8,7,The man picks up the ring and helps her throw it over the object.,3.7081,,
QKR5_es5p-8,QKR5_es5p-8,8,The man helps the girl by throwing the ring over the object for her.,3.7081,,
QKR5_es5p-8,QKR5_es5p-8,9,The man helps the girl by throwing the ring over the object for her.,3.7081,,
QKR5_es5p-8,QKR5_es5p-8,10,The man helps the girl by throwing the ring for her.,3.7081,,
QL68DPwP1P0,QL68DPwP1P0,1,The woman jumps into the pool.,3.4725,,
QL68DPwP1P0,QL68DPwP1P0,2,The woman throws the pillow into the pool.,3.4725,,
QL68DPwP1P0,QL68DPwP1P0,3,She jumps into a swimming pool.,3.4725,,
QL68DPwP1P0,QL68DPwP1P0,4,She jumps into a pool.,3.4725,,
QL68DPwP1P0,QL68DPwP1P0,5,The woman falls into the pool while making her bed with a blanket and grabs a pillow.,3.4725,,
QL68DPwP1P0,QL68DPwP1P0,6,The woman jumps into a swimming pool.,3.4725,,
QL68DPwP1P0,QL68DPwP1P0,7,The woman jumps into a swimming pool.,3.4725,,
QL68DPwP1P0,QL68DPwP1P0,8,The woman falls into the swimming pool.,3.4725,,
QL68DPwP1P0,QL68DPwP1P0,9,She jumps into a swimming pool.,3.4725,,
QL68DPwP1P0,QL68DPwP1P0,10,The woman falls into the swimming pool after making her bed with a blanket and grabbing a pillow.,3.4725,,
QlGfDlxPvPw,QlGfDlxPvPw,1,The man is taking a dive from a diving board into the swimming pool.,3.9476,,
QlGfDlxPvPw,QlGfDlxPvPw,2,The man is taking a dive from a diving board into the pool.,3.9476,,
QlGfDlxPvPw,QlGfDlxPvPw,3,The man is taking a dive from the diving board into the swimming pool.,3.9476,,
QlGfDlxPvPw,QlGfDlxPvPw,4,The man is taking a dive from a diving board into the pool.,3.9476,,
QlGfDlxPvPw,QlGfDlxPvPw,5,The man is taking a dive from a diving board into a swimming pool.,3.9476,,
QlGfDlxPvPw,QlGfDlxPvPw,6,The man is taking a dive from a diving board into a pool.,3.9476,,
QlGfDlxPvPw,QlGfDlxPvPw,7,The man is taking a dive from a diving board into a swimming pool.,3.9476,,
QlGfDlxPvPw,QlGfDlxPvPw,8,The man is taking a dive from a diving board into a swimming pool.,3.9476,,
QlGfDlxPvPw,QlGfDlxPvPw,9,The man is taking a dive from a diving board into a swimming pool.,3.9476,,
QlGfDlxPvPw,QlGfDlxPvPw,10,The man is taking a dive from a diving board into a swimming pool.,3.9476,,
QmXwE6NCFaI,QmXwE6NCFaI,1,The background sound heard when the man goes outside includes the sounds of a windmill and a nearby building.,3.6065,,
QmXwE6NCFaI,QmXwE6NCFaI,2,The sound of a door closing is heard when the man goes outside.,3.6065,,
QmXwE6NCFaI,QmXwE6NCFaI,3,The video does not provide any specific information about the background sound when the man goes outside.,3.6065,,
QmXwE6NCFaI,QmXwE6NCFaI,4,The background sound heard when the man goes outside is the sound of a city street.,3.6065,,
QmXwE6NCFaI,QmXwE6NCFaI,5,The background sound heard when the man goes outside is the sound of a door closing.,3.6065,,
QmXwE6NCFaI,QmXwE6NCFaI,6,The background sound heard when the man goes outside is the sound of a car driving by.,3.6065,,
QmXwE6NCFaI,QmXwE6NCFaI,7,The background sound heard when the man goes outside is the sound of the elevator door closing.,3.6065,,
QmXwE6NCFaI,QmXwE6NCFaI,8,The background sound heard when the man goes outside is the sound of a car engine.,3.6065,,
QmXwE6NCFaI,QmXwE6NCFaI,9,The sound of a city street can be heard when the man goes outside.,3.6065,,
QmXwE6NCFaI,QmXwE6NCFaI,10,The background sound heard when the man goes outside is a helicopter flying overhead.,3.6065,,
QN7iuxaKVOE,QN7iuxaKVOE,1,"I'm sorry, but the image you provided does not contain any lyrics. It shows an animated character in a hospital setting. If you have lyrics to a specific song, please provide the song title or more context so I can assist you better.",4.2724,,
QN7iuxaKVOE,QN7iuxaKVOE,2,"I'm not able to provide the lyrics of a song that isn't mentioned in the image. However, if you provide the title or artist of the song, I can try to help you find the lyrics.",4.2724,,
QN7iuxaKVOE,QN7iuxaKVOE,3,And I said amen to it.,4.2724,,
QN7iuxaKVOE,QN7iuxaKVOE,4,"She brung and put a ring on my finger, And I said, ""This is a pretty one, Let's go.""",4.2724,,
QN7iuxaKVOE,QN7iuxaKVOE,5,"I'm sorry, but the provided image does not contain any information about the lyrics of a song after ""She brung and put a ring on my finger.""",4.2724,,
QN7iuxaKVOE,QN7iuxaKVOE,6,"She said that we'll always be together, forever and ever, amen.",4.2724,,
QN7iuxaKVOE,QN7iuxaKVOE,7,"I'm sorry, but the image you provided does not contain any lyrics from a song. The image appears to be a scene from an animated show or movie featuring two characters. If you have a specific question or need help with something related to the image, please let me know!",4.2724,,
QN7iuxaKVOE,QN7iuxaKVOE,8,"I'm sorry, but the provided image does not contain any song lyrics or music. It features two anime-style characters in a room, and there is no audio content associated with the image.",4.2724,,
QN7iuxaKVOE,QN7iuxaKVOE,9,"She brung and put a ring on my finger, and said I'm never gonna let you go.",4.2724,,
QN7iuxaKVOE,QN7iuxaKVOE,10,She brung and put a ring on my finger.,4.2724,,
QRBvXoSRGDE,QRBvXoSRGDE,1,The people in the vehicle can be seen feeding the giraffe some carrot strips.,3.959,,
QRBvXoSRGDE,QRBvXoSRGDE,2,A man and a woman can be seen feeding the giraffe some carrot strips.,3.959,,
QRBvXoSRGDE,QRBvXoSRGDE,3,A woman and a child can be seen feeding the giraffe some carrot strips.,3.959,,
QRBvXoSRGDE,QRBvXoSRGDE,4,A woman holding a baby and a man sitting in the car can be seen feeding the giraffe some carrot strips.,3.959,,
QRBvXoSRGDE,QRBvXoSRGDE,5,The people in the car can be seen feeding the giraffe some carrot strips.,3.959,,
QRBvXoSRGDE,QRBvXoSRGDE,6,A person,3.959,,
QRBvXoSRGDE,QRBvXoSRGDE,7,A woman can be seen feeding the giraffe some carrot strips.,3.959,,
QRBvXoSRGDE,QRBvXoSRGDE,8,A man and a woman can be seen feeding the giraffe some carrot strips.,3.959,,
QRBvXoSRGDE,QRBvXoSRGDE,9,A woman holding a baby can be seen feeding the giraffe some carrot strips.,3.959,,
QRBvXoSRGDE,QRBvXoSRGDE,10,A woman and a baby can be seen feeding the giraffe some carrot strips.,3.959,,
QwSEnsMHR3I,QwSEnsMHR3I,1,"The tape is peeled off, leaving behind a string of purple beads.",3.6904,,
QwSEnsMHR3I,QwSEnsMHR3I,2,A purple object is pulled out of the water.,3.6904,,
QwSEnsMHR3I,QwSEnsMHR3I,3,"The tape is removed, leaving behind a purple glittery substance on the water.",3.6904,,
QwSEnsMHR3I,QwSEnsMHR3I,4,"The hand presses the tape against the water, and the tape lifts up a cluster of purple glitter, which is then peeled off the tape.",3.6904,,
QwSEnsMHR3I,QwSEnsMHR3I,5,The purple beads are lifted from the water with the tape.,3.6904,,
QwSEnsMHR3I,QwSEnsMHR3I,6,"The tape is peeled off, leaving a thin layer of purple glitter behind.",3.6904,,
QwSEnsMHR3I,QwSEnsMHR3I,7,The purple glitter sticks to the tape.,3.6904,,
QwSEnsMHR3I,QwSEnsMHR3I,8,The purple glitter is lifted off the water with the tape.,3.6904,,
QwSEnsMHR3I,QwSEnsMHR3I,9,"The purple glitter adheres to the tape, forming a decorative strip that can be lifted out of the water.",3.6904,,
QwSEnsMHR3I,QwSEnsMHR3I,10,The hand picks up a small piece of the purple glitter from the water.,3.6904,,
QxTUhUj5mXs,QxTUhUj5mXs,1,"The first sentence verbalized in the video is ""ahhh follow my dreams"".",3.841,,
QxTUhUj5mXs,QxTUhUj5mXs,2,"The first sentence verbalized in the video is ""is the day"".",3.841,,
QxTUhUj5mXs,QxTUhUj5mXs,3,is the day,3.841,,
QxTUhUj5mXs,QxTUhUj5mXs,4,is the day,3.841,,
QxTUhUj5mXs,QxTUhUj5mXs,5,Is the day.,3.841,,
QxTUhUj5mXs,QxTUhUj5mXs,6,is the day,3.841,,
QxTUhUj5mXs,QxTUhUj5mXs,7,is the day,3.841,,
QxTUhUj5mXs,QxTUhUj5mXs,8,"The first sentence verbalized in the video is ""is the day"".",3.841,,
QxTUhUj5mXs,QxTUhUj5mXs,9,is the day,3.841,,
QxTUhUj5mXs,QxTUhUj5mXs,10,"The first sentence verbalized in the video is ""i did it"".",3.841,,
Qz39qVt6NGA,Qz39qVt6NGA,1,The video corrects the technique by emphasizing keeping the back straight and not hunching the shoulders during the bench dip exercise.,3.7517,,
Qz39qVt6NGA,Qz39qVt6NGA,2,The video emphasizes the importance of keeping the back straight and shoulders back to avoid strain on the shoulders and reduce the risk of injury during the bench dip exercise.,3.7517,,
Qz39qVt6NGA,Qz39qVt6NGA,3,The video corrects the technique by emphasizing keeping the back straight and shoulders back during the entire movement to avoid stress on the shoulders and reduce the risk of injury.,3.7517,,
Qz39qVt6NGA,Qz39qVt6NGA,4,"The technique correction outlined in this video is to keep your back and shoulders straight, avoiding a hunched position, to prevent shoulder stress and injury.",3.7517,,
Qz39qVt6NGA,Qz39qVt6NGA,5,The technique correction outlined in the video is to keep the back straight and not hunch the shoulders during the entire movement.,3.7517,,
Qz39qVt6NGA,Qz39qVt6NGA,6,The technique correction outlined in the video is to keep the back straight and on a hunch during the entire movement to avoid shoulder stress and injury.,3.7517,,
Qz39qVt6NGA,Qz39qVt6NGA,7,The technique correction outlined is to keep the back and shoulders straight during the entire movement to avoid injury.,3.7517,,
Qz39qVt6NGA,Qz39qVt6NGA,8,The video corrects the technique by advising to keep the back straight and the shoulders hunched to avoid stress on the shoulders and prevent injury.,3.7517,,
Qz39qVt6NGA,Qz39qVt6NGA,9,The technique correction involves keeping the back straight and not hunching the shoulders to prevent shoulder stress and potential injury.,3.7517,,
Qz39qVt6NGA,Qz39qVt6NGA,10,The technique correction is to keep the back straight and not hunch the shoulders during the entire movement.,3.7517,,
QZgdI0jv28o,QZgdI0jv28o,1,There are five fish in the video.,3.4987,,
QZgdI0jv28o,QZgdI0jv28o,2,There are three fish in the video.,3.4987,,
QZgdI0jv28o,QZgdI0jv28o,3,There are four fish in the video.,3.4987,,
QZgdI0jv28o,QZgdI0jv28o,4,There are four fish in the video.,3.4987,,
QZgdI0jv28o,QZgdI0jv28o,5,There are four fish in the video.,3.4987,,
QZgdI0jv28o,QZgdI0jv28o,6,There are four fish in the video.,3.4987,,
QZgdI0jv28o,QZgdI0jv28o,7,There are four fish in the video.,3.4987,,
QZgdI0jv28o,QZgdI0jv28o,8,There are three fish in the video.,3.4987,,
QZgdI0jv28o,QZgdI0jv28o,9,There are four fish in the video.,3.4987,,
QZgdI0jv28o,QZgdI0jv28o,10,There are three fish in the video.,3.4987,,
Q_cDYrCPVvc,Q_cDYrCPVvc,1,LeBron James excels in basketball.,3.6972,,
Q_cDYrCPVvc,Q_cDYrCPVvc,2,LeBron James excels in basketball.,3.6972,,
Q_cDYrCPVvc,Q_cDYrCPVvc,3,LeBron James excels in basketball.,3.6972,,
Q_cDYrCPVvc,Q_cDYrCPVvc,4,LeBron James excels in basketball.,3.6972,,
Q_cDYrCPVvc,Q_cDYrCPVvc,5,LeBron James excels in basketball.,3.6972,,
Q_cDYrCPVvc,Q_cDYrCPVvc,6,LeBron James excels in basketball.,3.6972,,
Q_cDYrCPVvc,Q_cDYrCPVvc,7,LeBron James excels in basketball.,3.6972,,
Q_cDYrCPVvc,Q_cDYrCPVvc,8,LeBron James excels in basketball.,3.6972,,
Q_cDYrCPVvc,Q_cDYrCPVvc,9,LeBron James excels in basketball.,3.6972,,
Q_cDYrCPVvc,Q_cDYrCPVvc,10,LeBron James excels in basketball.,3.6972,,
Q_hGnEy6dYw,Q_hGnEy6dYw,1,The man we see is a monk.,3.7598,,
Q_hGnEy6dYw,Q_hGnEy6dYw,2,"The man in the video is a monk, as indicated by his attire and the setting.",3.7598,,
Q_hGnEy6dYw,Q_hGnEy6dYw,3,"The man is a Buddhist monk, likely a teacher or a spiritual guide, as indicated by the text and the context of the video.",3.7598,,
Q_hGnEy6dYw,Q_hGnEy6dYw,4,The man in the video is a Buddhist monk.,3.7598,,
Q_hGnEy6dYw,Q_hGnEy6dYw,5,The man in the video is a Buddhist monk.,3.7598,,
Q_hGnEy6dYw,Q_hGnEy6dYw,6,The man in the picture is a Buddhist monk.,3.7598,,
Q_hGnEy6dYw,Q_hGnEy6dYw,7,"The man is a Buddhist monk, as indicated by his attire and the context of the images.",3.7598,,
Q_hGnEy6dYw,Q_hGnEy6dYw,8,"The man is a Buddhist monk, as indicated by his attire and the context provided by the text in the image.",3.7598,,
Q_hGnEy6dYw,Q_hGnEy6dYw,9,"The man in the video is a Buddhist monk, as indicated by his saffron robe and the context of the video, which appears to be related to Buddhist teachings.",3.7598,,
Q_hGnEy6dYw,Q_hGnEy6dYw,10,The man in the video is a Buddhist monk.,3.7598,,
R17SNKI79Hc,R17SNKI79Hc,1,A kabaddi match is being played on the field.,3.8524,,
R17SNKI79Hc,R17SNKI79Hc,2,The video shows a game of kabaddi being played.,3.8524,,
R17SNKI79Hc,R17SNKI79Hc,3,"The video shows a game of kabaddi, a traditional Indian sport where players from two teams attempt to score points by running into the opponent's half and tagging players before returning to their half.",3.8524,,
R17SNKI79Hc,R17SNKI79Hc,4,The video shows a game of kabaddi being played.,3.8524,,
R17SNKI79Hc,R17SNKI79Hc,5,"The video shows a kabaddi match where players are engaging in a tackle, and one player from the blue team successfully tags a player from the orange team, causing them to fall to the ground.",3.8524,,
R17SNKI79Hc,R17SNKI79Hc,6,"The video shows a game of kabaddi, a contact team sport where players run onto the opposing team's side of the field to capture points by briefly touching opponents.",3.8524,,
R17SNKI79Hc,R17SNKI79Hc,7,"The video shows a game of kabaddi being played, where a player in blue attempts to tackle a player in orange who is trying to escape.",3.8524,,
R17SNKI79Hc,R17SNKI79Hc,8,"The video shows a dynamic and intense game of kabaddi, a traditional Indian sport.",3.8524,,
R17SNKI79Hc,R17SNKI79Hc,9,"The video shows a game of kabaddi, a contact sport played by two teams, where players aim to tag opponents and return to their side of the field.",3.8524,,
R17SNKI79Hc,R17SNKI79Hc,10,The video shows a volleyball match where a player in an orange jersey performs a diving save to catch the ball.,3.8524,,
R3wb56nmOaA,R3wb56nmOaA,1,2,3.6952,,
R3wb56nmOaA,R3wb56nmOaA,2,2,3.6952,,
R3wb56nmOaA,R3wb56nmOaA,3,2,3.6952,,
R3wb56nmOaA,R3wb56nmOaA,4,2,3.6952,,
R3wb56nmOaA,R3wb56nmOaA,5,2,3.6952,,
R3wb56nmOaA,R3wb56nmOaA,6,2,3.6952,,
R3wb56nmOaA,R3wb56nmOaA,7,1,3.6952,,
R3wb56nmOaA,R3wb56nmOaA,8,2,3.6952,,
R3wb56nmOaA,R3wb56nmOaA,9,2,3.6952,,
R3wb56nmOaA,R3wb56nmOaA,10,2,3.6952,,
R8nElUYfrec,R8nElUYfrec,1,"The players are engaged in a football match, with the goalkeeper defending and the forward, defender, and midfielder attempting to score goals.",3.8188,,
R8nElUYfrec,R8nElUYfrec,2,"The players are participating in a soccer drill where they are taking turns kicking a ball towards a goal, with different positions such as Goalkeeper, Forward, Defender, and Midfielder involved.",3.8188,,
R8nElUYfrec,R8nElUYfrec,3,"The players are engaged in a soccer game, with one player attempting to score against a goalkeeper, and the other players reacting to the play.",3.8188,,
R8nElUYfrec,R8nElUYfrec,4,"The players are engaging in a soccer game, taking turns as the goalkeeper, forward, defender, and midfielder.",3.8188,,
R8nElUYfrec,R8nElUYfrec,5,"The players are practicing soccer skills in an indoor field, facing off against different positions such as goalkeeper, forward, defender, and midfielder.",3.8188,,
R8nElUYfrec,R8nElUYfrec,6,"The players are participating in a goalkeeping challenge, where they take turns trying to score against each other in a virtual football environment.",3.8188,,
R8nElUYfrec,R8nElUYfrec,7,"The players are engaged in a soccer game, with one person acting as the goalkeeper and the other as a forward, defender, and midfielder in a sequence of matches.",3.8188,,
R8nElUYfrec,R8nElUYfrec,8,"The players are engaged in a soccer game, with one team trying to score a goal and the other defending.",3.8188,,
R8nElUYfrec,R8nElUYfrec,9,"The players are practicing soccer skills in an indoor field, with one player as the goalkeeper and another as a forward, defender, or midfielder.",3.8188,,
R8nElUYfrec,R8nElUYfrec,10,"The players are participating in a game where they are taking turns to hit a ball towards a goal, with the goalkeeper trying to block it.",3.8188,,
R9AKnfthxxk,R9AKnfthxxk,1,The character that argues with the rest about the score is the one in the black outfit with headphones.,3.9444,,
R9AKnfthxxk,R9AKnfthxxk,2,The character with the pink and white outfit argues with the rest about the score.,3.9444,,
R9AKnfthxxk,R9AKnfthxxk,3,The character with headphones and a pink outfit argues with the rest about the score.,3.9444,,
R9AKnfthxxk,R9AKnfthxxk,4,"The character in the middle, wearing headphones and a black top, argues with the rest about the score.",3.9444,,
R9AKnfthxxk,R9AKnfthxxk,5,The character with headphones and a black and white outfit argues with the rest about the score.,3.9444,,
R9AKnfthxxk,R9AKnfthxxk,6,"The character who argues with the rest about the score is ""Me:""",3.9444,,
R9AKnfthxxk,R9AKnfthxxk,7,The character who argues with the rest about the score is the one with the headphones and the black and white outfit.,3.9444,,
R9AKnfthxxk,R9AKnfthxxk,8,"The character who argues with the rest about the score is ""One of my best friends"".",3.9444,,
R9AKnfthxxk,R9AKnfthxxk,9,The character with headphones and a pink shirt argues with the rest about the score.,3.9444,,
R9AKnfthxxk,R9AKnfthxxk,10,The character with long brown hair and a black jacket argues with the rest about the score.,3.9444,,
R9jhwptmirQ,R9jhwptmirQ,1,Two toys went into the dinosaur's mouth.,3.7735,,
R9jhwptmirQ,R9jhwptmirQ,2,2,3.7735,,
R9jhwptmirQ,R9jhwptmirQ,3,Two toys went into the dinosaur's mouth.,3.7735,,
R9jhwptmirQ,R9jhwptmirQ,4,3,3.7735,,
R9jhwptmirQ,R9jhwptmirQ,5,4,3.7735,,
R9jhwptmirQ,R9jhwptmirQ,6,2,3.7735,,
R9jhwptmirQ,R9jhwptmirQ,7,3,3.7735,,
R9jhwptmirQ,R9jhwptmirQ,8,3,3.7735,,
R9jhwptmirQ,R9jhwptmirQ,9,3,3.7735,,
R9jhwptmirQ,R9jhwptmirQ,10,3,3.7735,,
Ra6a04vhaZ4,Ra6a04vhaZ4,1,"The young woman turns the bottle upside down and squeezes it, but the liquid inside does not come out.",3.6319,,
Ra6a04vhaZ4,Ra6a04vhaZ4,2,The bottle releases a white substance.,3.6319,,
Ra6a04vhaZ4,Ra6a04vhaZ4,3,The young woman turns the bottle upside down and squeezes it to pour the contents onto the pizza.,3.6319,,
Ra6a04vhaZ4,Ra6a04vhaZ4,4,"When the young woman turns the bottle upside down and squeezes it, she pours a white substance onto a plate of food.",3.6319,,
Ra6a04vhaZ4,Ra6a04vhaZ4,5,"When the young woman turns the bottle upside down and squeezes it, a white substance, presumably whipped cream, is dispensed onto the pizza.",3.6319,,
Ra6a04vhaZ4,Ra6a04vhaZ4,6,"The young woman turns the bottle upside down and squeezes it, causing the sauce to come out.",3.6319,,
Ra6a04vhaZ4,Ra6a04vhaZ4,7,"When the young woman turns the bottle upside down and squeezes it, a white substance is dispensed onto the pizza.",3.6319,,
Ra6a04vhaZ4,Ra6a04vhaZ4,8,"The young woman turns the bottle upside down and squeezes it, which results in the sauce being dispensed onto the pizza.",3.6319,,
Ra6a04vhaZ4,Ra6a04vhaZ4,9,The young woman turns the bottle upside down and squeezes it to pour the contents onto a pizza.,3.6319,,
Ra6a04vhaZ4,Ra6a04vhaZ4,10,"The young woman turns the bottle upside down and squeezes it, causing a green substance to ooze out onto a pizza.",3.6319,,
Rc1h9aZ1Lv8,Rc1h9aZ1Lv8,1,The necklace is made of gold.,3.942,,
Rc1h9aZ1Lv8,Rc1h9aZ1Lv8,2,The necklace is made of gold.,3.942,,
Rc1h9aZ1Lv8,Rc1h9aZ1Lv8,3,The necklace appears to be made of gold.,3.942,,
Rc1h9aZ1Lv8,Rc1h9aZ1Lv8,4,The necklace is made of gold.,3.942,,
Rc1h9aZ1Lv8,Rc1h9aZ1Lv8,5,The necklace is made of gold.,3.942,,
Rc1h9aZ1Lv8,Rc1h9aZ1Lv8,6,The necklace is made of gold.,3.942,,
Rc1h9aZ1Lv8,Rc1h9aZ1Lv8,7,"The necklace appears to be made of gold, as indicated by its color and the text suggesting that gold is what attracts a groom.",3.942,,
Rc1h9aZ1Lv8,Rc1h9aZ1Lv8,8,The necklace is made of gold.,3.942,,
Rc1h9aZ1Lv8,Rc1h9aZ1Lv8,9,The necklace is made of gold.,3.942,,
Rc1h9aZ1Lv8,Rc1h9aZ1Lv8,10,The necklace is made of gold.,3.942,,
RdgLPaYXaDI,RdgLPaYXaDI,1,"The firemen are practicing rescue techniques, likely in a controlled environment.",3.9947,,
RdgLPaYXaDI,RdgLPaYXaDI,2,"The firemen are practicing rescue techniques, specifically in a staged scenario that simulates a rescue from a burning building.",3.9947,,
RdgLPaYXaDI,RdgLPaYXaDI,3,"The firemen are practicing rescue techniques, specifically how to handle a situation where a person is trapped behind a door.",3.9947,,
RdgLPaYXaDI,RdgLPaYXaDI,4,"The firemen are practicing rescue techniques, specifically entering a simulated emergency scene to assist a person inside the room.",3.9947,,
RdgLPaYXaDI,RdgLPaYXaDI,5,The firemen are practicing rescue techniques.,3.9947,,
RdgLPaYXaDI,RdgLPaYXaDI,6,The firemen are practicing rescuing people from a fire by entering a room and carrying a dummy out.,3.9947,,
RdgLPaYXaDI,RdgLPaYXaDI,7,"The firemen are practicing rescue techniques, as one of them is holding a dummy and the other is assisting in a controlled environment.",3.9947,,
RdgLPaYXaDI,RdgLPaYXaDI,8,The firemen are practicing rescue techniques.,3.9947,,
RdgLPaYXaDI,RdgLPaYXaDI,9,The firemen are practicing rescue techniques and teamwork.,3.9947,,
RdgLPaYXaDI,RdgLPaYXaDI,10,The firemen are practicing a rescue drill or a fire scenario.,3.9947,,
RIbj7xukchQ,RIbj7xukchQ,1,"The sediment is rising under the fish because it has disturbed the seabed, likely as part of its natural behavior or while searching for food.",3.5466,,
RIbj7xukchQ,RIbj7xukchQ,2,"The sediment is rising under the fish because the fish is stirring up the bottom, likely due to its movement and feeding behavior.",3.5466,,
RIbj7xukchQ,RIbj7xukchQ,3,"The sediment is rising under the fish because the fish is moving, disturbing the underwater environment, and stirring up the sediment on the ocean floor.",3.5466,,
RIbj7xukchQ,RIbj7xukchQ,4,"The sediment is rising under the fish because it is stirring up the bottom as it moves, causing the particles to rise with the current.",3.5466,,
RIbj7xukchQ,RIbj7xukchQ,5,"The sediment is rising because the fish is moving its fins and tail, stirring up the particles on the ocean floor.",3.5466,,
RIbj7xukchQ,RIbj7xukchQ,6,"The sediment is rising because the fish is swimming and stirring up the bottom, which in turn causes the sediment to rise.",3.5466,,
RIbj7xukchQ,RIbj7xukchQ,7,"The sediment is rising because the fish is swimming over it, disturbing the bottom of the underwater environment.",3.5466,,
RIbj7xukchQ,RIbj7xukchQ,8,"The sediment is rising under the fish because it is stirring up the bottom as it swims, creating a cloud of particles in the water.",3.5466,,
RIbj7xukchQ,RIbj7xukchQ,9,"The sediment is rising because the fish is moving its fins and tail, disturbing the underwater environment and causing the sediment to stir up.",3.5466,,
RIbj7xukchQ,RIbj7xukchQ,10,"The sediment is rising under the fish because it is swimming close to the bottom, disturbing the sediment as it moves.",3.5466,,
RJARe9mGjK0,RJARe9mGjK0,1,"The numbers on the white keys represent a sequence that, when played on the piano, corresponds to a specific pattern or piece of music.",4.0214,,
RJARe9mGjK0,RJARe9mGjK0,2,"The numbers on the white keys are likely used to teach a specific piano exercise or pattern, such as a scale or arpeggio, where each number corresponds to a finger and the sequence is played in a particular order.",4.0214,,
RJARe9mGjK0,RJARe9mGjK0,3,"The numbers on the white keys represent the fingers used to play each note on the piano, corresponding to the numbers 1, 2, and 3.",4.0214,,
RJARe9mGjK0,RJARe9mGjK0,4,"The numbers on the white keys represent the fingers used to play each key, which helps in learning the correct hand positions for playing the piano.",4.0214,,
RJARe9mGjK0,RJARe9mGjK0,5,"The numbers on the white keys likely represent a specific piano exercise or pattern that the person is following, which is being demonstrated on the keyboard in the video.",4.0214,,
RJARe9mGjK0,RJARe9mGjK0,6,"The numbers on the white keys represent a specific sequence of notes that the person is playing on the piano, as indicated by the sequence of numbers above the keys.",4.0214,,
RJARe9mGjK0,RJARe9mGjK0,7,The numbers on the white keys are likely part of a sequence or pattern that a person is using to play a specific piece or exercise on the piano.,4.0214,,
RJARe9mGjK0,RJARe9mGjK0,8,The numbers on the white keys represent a sequence of notes to be played on the piano.,4.0214,,
RJARe9mGjK0,RJARe9mGjK0,9,"The numbers on the white keys indicate the pattern of notes to be played, which is a sequence of musical notes written as ""333 2121 222 123 222 123 22 212123.""",4.0214,,
RJARe9mGjK0,RJARe9mGjK0,10,The numbers on the white keys indicate the sequence of notes to be played according to the written music.,4.0214,,
RjEjcM_Z0oU,RjEjcM_Z0oU,1,The sound of the waiter's footsteps and the clinking of dishes can be heard in the background while the paratha is being brought into the room.,4.1236,,
RjEjcM_Z0oU,RjEjcM_Z0oU,2,"The background noise includes the sounds of people talking and the clinking of dishes, creating a lively restaurant atmosphere.",4.1236,,
RjEjcM_Z0oU,RjEjcM_Z0oU,3,"The background sounds include the clinking of dishes and the chatter of the people seated, adding to the lively atmosphere of the restaurant.",4.1236,,
RjEjcM_Z0oU,RjEjcM_Z0oU,4,The sound of chatter and movement can be heard in the background while the paratha is being brought into the room by the waiter.,4.1236,,
RjEjcM_Z0oU,RjEjcM_Z0oU,5,The background features the sound of people talking and the clinking of dishes as the waiter navigates through the dining area.,4.1236,,
RjEjcM_Z0oU,RjEjcM_Z0oU,6,"The background noise includes the bustling sounds of a lively restaurant, with chatter, clinking of dishes, and the occasional background music.",4.1236,,
RjEjcM_Z0oU,RjEjcM_Z0oU,7,The sound of chatter and the clinking of dishes can be heard in the background while the waiter brings the large platter of paratha into the room.,4.1236,,
RjEjcM_Z0oU,RjEjcM_Z0oU,8,The background noise includes the sound of the waiter walking and the clinking of dishes.,4.1236,,
RjEjcM_Z0oU,RjEjcM_Z0oU,9,The sound of people talking and laughing can be heard in the background while the waiter brings the large plate of paratha into the room.,4.1236,,
RjEjcM_Z0oU,RjEjcM_Z0oU,10,"The video does not provide any audio, so it is not possible to answer the question based on the image.",4.1236,,
RM3SjNFXqVM,RM3SjNFXqVM,1,"The video expresses a desire for interaction and engagement, as the animated cat appears to be seeking attention or conversation.",4.086,,
RM3SjNFXqVM,RM3SjNFXqVM,2,"The video expresses a desire to interact with a friendly, animated cat.",4.086,,
RM3SjNFXqVM,RM3SjNFXqVM,3,"The desire expressed in the video is for interaction and companionship, as indicated by the cartoon cat's friendly and engaging demeanor.",4.086,,
RM3SjNFXqVM,RM3SjNFXqVM,4,The video expresses the desire to interact or have a conversation with the animated cat character.,4.086,,
RM3SjNFXqVM,RM3SjNFXqVM,5,"The video expresses a desire to interact with the animated character, possibly through a game or a fun activity.",4.086,,
RM3SjNFXqVM,RM3SjNFXqVM,6,The video expresses a desire for a playful and engaging interaction with the animated cat character.,4.086,,
RM3SjNFXqVM,RM3SjNFXqVM,7,"The video does not explicitly express a desire, but rather depicts a smiling animated cat, which could be interpreted as a playful or friendly expression.",4.086,,
RM3SjNFXqVM,RM3SjNFXqVM,8,The desire expressed in the video is for a playful interaction with the animated cat character.,4.086,,
RM3SjNFXqVM,RM3SjNFXqVM,9,"The video expresses a desire to hear more from the character, as indicated by the repeated voice-over and the character's animated movements.",4.086,,
RM3SjNFXqVM,RM3SjNFXqVM,10,"The video expresses a desire for interaction or communication, as indicated by the animated character's expressive face and open mouth, suggesting it is speaking or reacting to something.",4.086,,
RMH5uw9BzWs,RMH5uw9BzWs,1,"The woman takes the leashes, and the man lets the dogs go, allowing them to run off.",3.9798,,
RMH5uw9BzWs,RMH5uw9BzWs,2,"The dogs run away, leaving the woman and the man confused and amused.",3.9798,,
RMH5uw9BzWs,RMH5uw9BzWs,3,"The man walks away, leaving the dogs with the woman who had asked to hold them.",3.9798,,
RMH5uw9BzWs,RMH5uw9BzWs,4,"The man grabs the dogs from the woman, lifts them up, and walks away with them.",3.9798,,
RMH5uw9BzWs,RMH5uw9BzWs,5,"The man walks away as the woman tries to take the dogs but they resist, and the man then returns to grab the dogs back.",3.9798,,
RMH5uw9BzWs,RMH5uw9BzWs,6,"The dogs become excited and start jumping up, making it clear that they do not want to be held or petted.",3.9798,,
RMH5uw9BzWs,RMH5uw9BzWs,7,"The woman runs away with the dogs, leaving the man and the other woman in the background.",3.9798,,
RMH5uw9BzWs,RMH5uw9BzWs,8,"The man quickly picks up the dogs and walks away, demonstrating a protective stance towards his pets.",3.9798,,
RMH5uw9BzWs,RMH5uw9BzWs,9,The dogs are released to run and play freely.,3.9798,,
RMH5uw9BzWs,RMH5uw9BzWs,10,The dogs immediately start running away from the woman.,3.9798,,
RmM3982Qbow,RmM3982Qbow,1,"""Topless"".",3.8296,,
RmM3982Qbow,RmM3982Qbow,2,"""Todos los camareras descapotables""",3.8296,,
RmM3982Qbow,RmM3982Qbow,3,Topless,3.8296,,
RmM3982Qbow,RmM3982Qbow,4,"""Topless""",3.8296,,
RmM3982Qbow,RmM3982Qbow,5,All the waitresses convertible,3.8296,,
RmM3982Qbow,RmM3982Qbow,6,"The bottom of the truckstop sign reads ""all the servers are topless.""",3.8296,,
RmM3982Qbow,RmM3982Qbow,7,"""Topless"".",3.8296,,
RmM3982Qbow,RmM3982Qbow,8,Truckstop,3.8296,,
RmM3982Qbow,RmM3982Qbow,9,"""Topless"".",3.8296,,
RmM3982Qbow,RmM3982Qbow,10,"""Todas las camareras descapotables""",3.8296,,
ROyak2UcFQo,ROyak2UcFQo,1,There are five different people shown in this video.,3.6648,,
ROyak2UcFQo,ROyak2UcFQo,2,Five different people are shown in this video.,3.6648,,
ROyak2UcFQo,ROyak2UcFQo,3,There are five different people shown in this video.,3.6648,,
ROyak2UcFQo,ROyak2UcFQo,4,There are at least four different people shown in the video.,3.6648,,
ROyak2UcFQo,ROyak2UcFQo,5,"There are at least three different people shown in the video, as evidenced by the various individuals in different settings and attire.",3.6648,,
ROyak2UcFQo,ROyak2UcFQo,6,There are five different people shown in the video.,3.6648,,
ROyak2UcFQo,ROyak2UcFQo,7,Four different people are shown in the video.,3.6648,,
ROyak2UcFQo,ROyak2UcFQo,8,Five different people are shown in the video.,3.6648,,
ROyak2UcFQo,ROyak2UcFQo,9,Four different people are shown in this video.,3.6648,,
ROyak2UcFQo,ROyak2UcFQo,10,There are at least four different people shown in the video.,3.6648,,
RRI9JuEZ5y4,RRI9JuEZ5y4,1,4,3.7801,,
RRI9JuEZ5y4,RRI9JuEZ5y4,2,1,3.7801,,
RRI9JuEZ5y4,RRI9JuEZ5y4,3,2,3.7801,,
RRI9JuEZ5y4,RRI9JuEZ5y4,4,4,3.7801,,
RRI9JuEZ5y4,RRI9JuEZ5y4,5,2,3.7801,,
RRI9JuEZ5y4,RRI9JuEZ5y4,6,1,3.7801,,
RRI9JuEZ5y4,RRI9JuEZ5y4,7,2,3.7801,,
RRI9JuEZ5y4,RRI9JuEZ5y4,8,1,3.7801,,
RRI9JuEZ5y4,RRI9JuEZ5y4,9,1,3.7801,,
RRI9JuEZ5y4,RRI9JuEZ5y4,10,2,3.7801,,
RS5Ayq-m2TU,RS5Ayq-m2TU,1,"The video features a creepy and unsettling background music that matches the eerie and disturbing visual elements, possibly with a heavy metal or electronic horror theme.",3.6881,,
RS5Ayq-m2TU,RS5Ayq-m2TU,2,The video features a dark and intense soundtrack that complements the eerie and unsettling visuals of the character.,3.6881,,
RS5Ayq-m2TU,RS5Ayq-m2TU,3,"The video features a mix of electronic and horror-themed music, with a pulsating beat and distorted sounds that complement the eerie and intense visuals of the animated character.",3.6881,,
RS5Ayq-m2TU,RS5Ayq-m2TU,4,The video does not contain any music.,3.6881,,
RS5Ayq-m2TU,RS5Ayq-m2TU,5,"The video does not provide any audio content, so it is not possible to determine the type of music playing in the video.",3.6881,,
RS5Ayq-m2TU,RS5Ayq-m2TU,6,The video does not provide any audio or music information.,3.6881,,
RS5Ayq-m2TU,RS5Ayq-m2TU,7,"The video does not provide information about the music, so it is not possible to determine the kind of music in the video.",3.6881,,
RS5Ayq-m2TU,RS5Ayq-m2TU,8,"The video does not provide any audio, so the type of music cannot be determined.",3.6881,,
RS5Ayq-m2TU,RS5Ayq-m2TU,9,The video does not provide any information about the music being played.,3.6881,,
RS5Ayq-m2TU,RS5Ayq-m2TU,10,"The video features a heavy and intense soundtrack with a dark and eerie theme, likely to match the unsettling and gory imagery of the animated character.",3.6881,,
RwDFP3Vpwoo,RwDFP3Vpwoo,1,A computer mouse is under the hand.,3.8125,,
RwDFP3Vpwoo,RwDFP3Vpwoo,2,"The hand is positioned over a computer mouse, which is placed on a wooden surface.",3.8125,,
RwDFP3Vpwoo,RwDFP3Vpwoo,3,A computer mouse is under the hand.,3.8125,,
RwDFP3Vpwoo,RwDFP3Vpwoo,4,The hand is resting on a computer mouse.,3.8125,,
RwDFP3Vpwoo,RwDFP3Vpwoo,5,"The hand is resting on a computer mouse, which is placed on a wooden surface.",3.8125,,
RwDFP3Vpwoo,RwDFP3Vpwoo,6,A computer mouse.,3.8125,,
RwDFP3Vpwoo,RwDFP3Vpwoo,7,The hand is positioned above a computer mouse.,3.8125,,
RwDFP3Vpwoo,RwDFP3Vpwoo,8,The hand is resting on a computer mouse.,3.8125,,
RwDFP3Vpwoo,RwDFP3Vpwoo,9,"The hand is resting on a computer mouse, which is placed on a wooden surface.",3.8125,,
RwDFP3Vpwoo,RwDFP3Vpwoo,10,The hand is resting on a computer mouse.,3.8125,,
RWxbEgaAcSE,RWxbEgaAcSE,1,"The man gets up and walks away from the crash, seemingly unharmed.",3.5085,,
RWxbEgaAcSE,RWxbEgaAcSE,2,"The man gets up from the pavement and walks away, likely after crashing onto the pavement while attempting a trick on his bicycle.",3.5085,,
RWxbEgaAcSE,RWxbEgaAcSE,3,"The man gets up from the pavement, dusts off, and walks away, seemingly unfazed by the fall.",3.5085,,
RWxbEgaAcSE,RWxbEgaAcSE,4,"The man quickly gets up, unscathed, and walks away while the crowd continues to watch.",3.5085,,
RWxbEgaAcSE,RWxbEgaAcSE,5,"The man falls off his bicycle and lands on the pavement, landing on his back, while onlookers gather around him.",3.5085,,
RWxbEgaAcSE,RWxbEgaAcSE,6,The man gets up from the pavement after crashing onto it.,3.5085,,
RWxbEgaAcSE,RWxbEgaAcSE,7,"The man gets up, picks up his bicycle, and continues to ride.",3.5085,,
RWxbEgaAcSE,RWxbEgaAcSE,8,The man gets up from the pavement after crashing onto it while attempting to jump off the ramp on his bicycle.,3.5085,,
RWxbEgaAcSE,RWxbEgaAcSE,9,"After jumping off the ramp on his bicycle and crashing onto the pavement, the man gets up and walks away from the scene.",3.5085,,
RWxbEgaAcSE,RWxbEgaAcSE,10,The man falls to the ground after crashing onto the pavement.,3.5085,,
RXvT_6NXqaI,RXvT_6NXqaI,1,The woman is unwrapping a piece of candy.,3.8125,,
RXvT_6NXqaI,RXvT_6NXqaI,2,The woman is unwrapping candy.,3.8125,,
RXvT_6NXqaI,RXvT_6NXqaI,3,The woman is unwrapping a piece of candy.,3.8125,,
RXvT_6NXqaI,RXvT_6NXqaI,4,The woman is unwrapping a piece of candy.,3.8125,,
RXvT_6NXqaI,RXvT_6NXqaI,5,The woman is unwrapping a piece of candy.,3.8125,,
RXvT_6NXqaI,RXvT_6NXqaI,6,The woman is unwrapping a piece of candy.,3.8125,,
RXvT_6NXqaI,RXvT_6NXqaI,7,The woman is unwrapping a candy.,3.8125,,
RXvT_6NXqaI,RXvT_6NXqaI,8,The woman is unwrapping a piece of candy.,3.8125,,
RXvT_6NXqaI,RXvT_6NXqaI,9,The woman is unwrapping candy.,3.8125,,
RXvT_6NXqaI,RXvT_6NXqaI,10,The woman is unwrapping a candy.,3.8125,,
RYU4tMwkqps,RYU4tMwkqps,1,"After placing the ring at her waist and lifting the skirt of the dress, the woman adjusts the dress to fit properly.",3.6611,,
RYU4tMwkqps,RYU4tMwkqps,2,The woman ties the skirt at her waist and then adjusts the dress.,3.6611,,
RYU4tMwkqps,RYU4tMwkqps,3,The woman ties the dress at the waist and adjusts the skirt.,3.6611,,
RYU4tMwkqps,RYU4tMwkqps,4,She adjusts the dress to secure the ring at her waist and then smooths it out.,3.6611,,
RYU4tMwkqps,RYU4tMwkqps,5,She ties a ribbon at her waist and adjusts the dress.,3.6611,,
RYU4tMwkqps,RYU4tMwkqps,6,"After placing the ring at her waist and lifting the skirt of the dress, the woman ties a knot in the front of the dress.",3.6611,,
RYU4tMwkqps,RYU4tMwkqps,7,The woman pulls the skirt of the dress down and ties it in a knot at her waist.,3.6611,,
RYU4tMwkqps,RYU4tMwkqps,8,She ties the dress at her waist.,3.6611,,
RYU4tMwkqps,RYU4tMwkqps,9,"She ties a ribbon around her waist, securing the dress in place.",3.6611,,
RYU4tMwkqps,RYU4tMwkqps,10,"After placing the ring at her waist and lifting the skirt of the dress, the woman adjusts the dress and places her hands on her hips.",3.6611,,
