Q_ID,Video_ID,Rank,Answer,Time (sec)
BDKkVYmWqdM,BDKkVYmWqdM,1,A bicyclist stops and dismounts his bike before landing it on a tennis court.,1.0487
BDKkVYmWqdM,BDKkVYmWqdM,2,A bicyclist would typically dismount and push the bike across the tennis court to avoid damaging the court surface.,1.0487
BDKkVYmWqdM,BDKkVYmWqdM,3,A bicyclist would typically stop or slow down before approaching a tennis court to avoid damaging the court or endangering others.,1.0487
BDKkVYmWqdM,BDKkVYmWqdM,4,A bicyclist typically slows down and checks the surface of the tennis court to ensure it is safe and appropriate for landing.,1.0487
BDKkVYmWqdM,BDKkVYmWqdM,5,A bicyclist slows down and ensures the bike is stable before carefully placing it on the tennis court.,1.0487
BDKkVYmWqdM,BDKkVYmWqdM,6,A bicyclist stops or slows down before approaching the tennis court to avoid damaging the court and to ensure safety.,1.0487
BDKkVYmWqdM,BDKkVYmWqdM,7,A bicyclist slows down and navigates carefully to avoid damaging the tennis court before landing his bike on it.,1.0487
BDKkVYmWqdM,BDKkVYmWqdM,8,A bicyclist would typically dismount the bike and carry it across the court to avoid damaging the court surface.,1.0487
BDKkVYmWqdM,BDKkVYmWqdM,9,A bicyclist typically dismounts and pushes the bike to avoid damage to the court.,1.0487
BDKkVYmWqdM,BDKkVYmWqdM,10,A bicyclist typically slows down and checks the surroundings for obstacles before landing his bike on a tennis court.,1.0487
Bdyiy2P1WrA,Bdyiy2P1WrA,1,"During the food demonstration, a dish involving mushrooms was being prepared.",0.5303
Bdyiy2P1WrA,Bdyiy2P1WrA,2,"The food demonstration featured the preparation of a dish using various ingredients, though the specific dish is not detailed in the image.",0.5303
Bdyiy2P1WrA,Bdyiy2P1WrA,3,The food demonstration featured the preparation of a dish that included potatoes and tomatoes.,0.5303
Bdyiy2P1WrA,Bdyiy2P1WrA,4,A dish was being prepared using a combination of saut?ed vegetables and a creamy sauce.,0.5303
Bdyiy2P1WrA,Bdyiy2P1WrA,5,"The food demonstration featured the cooking of a savory dish that included vegetables and a protein, possibly chicken or fish, garnished with herbs and served with a sauce.",0.5303
Bdyiy2P1WrA,Bdyiy2P1WrA,6,"A dish was being prepared that included frying a piece of food, possibly a meat or vegetable, in a pan with oil.",0.5303
Bdyiy2P1WrA,Bdyiy2P1WrA,7,"A dish was being cooked using a technique that involved a wooden spoon, possibly for stirring or mixing ingredients.",0.5303
Bdyiy2P1WrA,Bdyiy2P1WrA,8,A dish involving saut?ing onions and garlic was being prepared during the food demonstration.,0.5303
Bdyiy2P1WrA,Bdyiy2P1WrA,9,The food demonstration featured the preparation of a dish involving tofu.,0.5303
Bdyiy2P1WrA,Bdyiy2P1WrA,10,The food demonstration featured the cooking of a dish involving a variety of vegetables.,0.5303
BfcR9WtJQBQ,BfcR9WtJQBQ,1,A layer of peanut butter is typically added after a layer of chocolate in a dessert.,0.611
BfcR9WtJQBQ,BfcR9WtJQBQ,2,A layer of caramel sauce is typically added to the pan after a layer of chocolate.,0.611
BfcR9WtJQBQ,BfcR9WtJQBQ,3,A layer of cream cheese goes in the pan after a layer of chocolate in a dessert.,0.611
BfcR9WtJQBQ,BfcR9WtJQBQ,4,A layer of whipped cream typically goes in the pan after a layer of chocolate.,0.611
BfcR9WtJQBQ,BfcR9WtJQBQ,5,"After a layer of chocolate, you would typically add another layer of ingredients such as fruit, nuts, or another type of chocolate, depending on the recipe for a chocolate cake or brownie.",0.611
BfcR9WtJQBQ,BfcR9WtJQBQ,6,"After a layer of chocolate, a layer of cream cheese or whipped cream is typically added in a cake or dessert recipe.",0.611
BfcR9WtJQBQ,BfcR9WtJQBQ,7,"After a layer of chocolate, a layer of whipped cream is typically added before another layer of chocolate in a dessert like a chocolate mousse cake.",0.611
BfcR9WtJQBQ,BfcR9WtJQBQ,8,"After a layer of chocolate, you can add a layer of vanilla ice cream or whipped cream to create a delicious dessert.",0.611
BfcR9WtJQBQ,BfcR9WtJQBQ,9,"After a layer of chocolate, you can add a layer of vanilla ice cream or any other preferred topping to create a delicious chocolate ice cream sandwich.",0.611
BfcR9WtJQBQ,BfcR9WtJQBQ,10,"After a layer of chocolate, you can add a layer of vanilla ice cream in the pan.",0.611
BGdwSxRiXzw,BGdwSxRiXzw,1,"The two people in the video are standing in a kitchen, likely preparing or cooking something, as they are holding and interacting with a pot.",0.5738
BGdwSxRiXzw,BGdwSxRiXzw,2,The two people in the video are holding hands and appear to be engaged in a conversation or activity together.,0.5738
BGdwSxRiXzw,BGdwSxRiXzw,3,"The two people in the video appear to be walking side by side, engaged in conversation or simply enjoying each other's company.",0.5738
BGdwSxRiXzw,BGdwSxRiXzw,4,"The two people in the video are standing close together, possibly in a conversation or a moment of shared attention.",0.5738
BGdwSxRiXzw,BGdwSxRiXzw,5,"The two people in the video are standing side by side, facing the camera, and appear to be engaged in a conversation.",0.5738
BGdwSxRiXzw,BGdwSxRiXzw,6,"The two people in the video are standing close to each other, possibly engaging in a conversation or sharing an intimate moment.",0.5738
BGdwSxRiXzw,BGdwSxRiXzw,7,"The two people in the video are standing in a kitchen, with one person holding a plate of food and the other person reaching towards it.",0.5738
BGdwSxRiXzw,BGdwSxRiXzw,8,The two people in the video are standing side by side and appear to be engaged in a conversation.,0.5738
BGdwSxRiXzw,BGdwSxRiXzw,9,"The two people in the video are sitting together and appear to be engaged in a conversation, as indicated by their body language and the presence of a coffee cup on the table.",0.5738
BGdwSxRiXzw,BGdwSxRiXzw,10,"The two people are standing together and appear to be engaged in a conversation or interaction, with one person gesturing towards the other.",0.5738
BkdaXjkp_h0,BkdaXjkp_h0,1,"The video ends with the character standing in front of a tree, looking up at the sky.",0.4934
BkdaXjkp_h0,BkdaXjkp_h0,2,The video ends with a static image of a question mark.,0.4934
BkdaXjkp_h0,BkdaXjkp_h0,3,The video ends with a close-up of a person's hand holding a small object.,0.4934
BkdaXjkp_h0,BkdaXjkp_h0,4,The video ends with a fade to black.,0.4934
BkdaXjkp_h0,BkdaXjkp_h0,5,The video ends with a static screen.,0.4934
BkdaXjkp_h0,BkdaXjkp_h0,6,The video ends with a static shot of the sky.,0.4934
BkdaXjkp_h0,BkdaXjkp_h0,7,The video ends with a scene showing a person standing in front of a green field.,0.4934
BkdaXjkp_h0,BkdaXjkp_h0,8,The video ends with a static shot of the speaker.,0.4934
BkdaXjkp_h0,BkdaXjkp_h0,9,The video ends with a static shot of a green landscape.,0.4934
BkdaXjkp_h0,BkdaXjkp_h0,10,The video ends with a black screen.,0.4934
BrGdWP7lia0,BrGdWP7lia0,1,"When a man is playing football with a young boy, they engage in a fun and physical activity, often bonding over the game and practicing teamwork.",0.5289
BrGdWP7lia0,BrGdWP7lia0,2,"The man and the young boy are engaged in a game of football, likely enjoying a fun and active activity together.",0.5289
BrGdWP7lia0,BrGdWP7lia0,3,"The man is likely teaching the young boy the game of football, sharing skills, and possibly having fun together.",0.5289
BrGdWP7lia0,BrGdWP7lia0,4,"The man is likely to be teaching or playing a game of football with the young boy, possibly engaging in physical activity and bonding.",0.5289
BrGdWP7lia0,BrGdWP7lia0,5,"When a man is playing football with a young boy, they are likely engaging in a fun and physical activity, sharing time together, and possibly teaching the boy the basics of football.",0.5289
BrGdWP7lia0,BrGdWP7lia0,6,"When a man is playing football with a young boy, they are engaging in a fun and active game, likely sharing a moment of bonding and enjoying the sport together.",0.5289
BrGdWP7lia0,BrGdWP7lia0,7,"The man is likely to be teaching or playing football with the young boy, engaging in a fun and physically active activity.",0.5289
BrGdWP7lia0,BrGdWP7lia0,8,"The man is likely engaging in a playful or competitive game of football with the young boy, possibly demonstrating techniques or enjoying the activity together.",0.5289
BrGdWP7lia0,BrGdWP7lia0,9,"The man and the young boy are engaged in a game of football, likely enjoying physical activity and social interaction.",0.5289
BrGdWP7lia0,BrGdWP7lia0,10,"The man and the young boy are likely enjoying a game of football together, engaging in physical activity and potentially having fun or practicing skills.",0.5289
BSVHVuVnlGw,BSVHVuVnlGw,1,The video is primarily about a person performing a dance routine.,0.5723
BSVHVuVnlGw,BSVHVuVnlGw,2,"The video is about a person practicing calligraphy, showcasing the art of writing with a brush.",0.5723
BSVHVuVnlGw,BSVHVuVnlGw,3,"The video appears to be a simple, minimalistic display with a light gray background and a small, dark square in the center, which could be an abstract or experimental visual.",0.5723
BSVHVuVnlGw,BSVHVuVnlGw,4,"The video appears to be about a person or entity named ""jw"" performing or demonstrating something, possibly related to a product or skill.",0.5723
BSVHVuVnlGw,BSVHVuVnlGw,5,The video is about a person demonstrating the use of a specific tool or device in a step-by-step manner.,0.5723
BSVHVuVnlGw,BSVHVuVnlGw,6,"The video is about a person playing a musical instrument, specifically a stringed instrument, and creating music.",0.5723
BSVHVuVnlGw,BSVHVuVnlGw,7,"The video appears to be a placeholder or a test image, indicating that no content is currently available for viewing.",0.5723
BSVHVuVnlGw,BSVHVuVnlGw,8,"The video is about the process of creating a video game trailer, showcasing the collaboration between different teams to produce a polished final product.",0.5723
BSVHVuVnlGw,BSVHVuVnlGw,9,"The video is a brief introduction to a topic, likely a scientific or educational concept, focusing on the importance of understanding the basics before delving into more complex ideas.",0.5723
BSVHVuVnlGw,BSVHVuVnlGw,10,"The video appears to be about a series of abstract or symbolic images that may represent various concepts or emotions, possibly exploring themes of transformation, connection, or the passage of time.",0.5723
Bu4HZcHWt1w,Bu4HZcHWt1w,1,"When a woman and a boy walk in between two cars, the cars may beep or honk to alert the pedestrians.",0.6843
Bu4HZcHWt1w,Bu4HZcHWt1w,2,"When a woman and a boy walk in between two cars, they may obstruct the view of the driver, potentially leading to a traffic accident.",0.6843
Bu4HZcHWt1w,Bu4HZcHWt1w,3,"When a woman and a boy walk in between two cars, they are likely to be stopped by a traffic officer for crossing the street illegally.",0.6843
Bu4HZcHWt1w,Bu4HZcHWt1w,4,"When a woman and a boy walk in between two cars, it is important to ensure that they are safe and that the cars are not moving to avoid any accidents.",0.6843
Bu4HZcHWt1w,Bu4HZcHWt1w,5,"When a woman and a boy walk in between two cars, they are likely to be stopped by a car that is turning or reversing, which can be dangerous if not noticed.",0.6843
Bu4HZcHWt1w,Bu4HZcHWt1w,6,"When a woman and a boy walk in between two cars, it is generally not advisable due to the risk of injury from unexpected movement of the vehicles.",0.6843
Bu4HZcHWt1w,Bu4HZcHWt1w,7,"When a woman and a boy walk in between two cars, it can lead to a traffic accident if the cars are not aware of their presence or if the pedestrians are not being cautious.",0.6843
Bu4HZcHWt1w,Bu4HZcHWt1w,8,The question appears to be incomplete and does not provide enough context for a clear answer.,0.6843
Bu4HZcHWt1w,Bu4HZcHWt1w,9,"When a woman and a boy walk in between two cars, it could potentially lead to a traffic accident if the cars are moving and the individuals are not paying attention to their surroundings.",0.6843
Bu4HZcHWt1w,Bu4HZcHWt1w,10,"When a woman and a boy walk in between two cars, they are likely to be observed by someone who may stop to help them or call for assistance if they appear to be in danger.",0.6843
BuIc1w-kn-k,BuIc1w-kn-k,1,The 2 men shook hands to greet each other and bumped into each other because they were not paying attention to their surroundings after their conversation.,0.6846
BuIc1w-kn-k,BuIc1w-kn-k,2,"The two men likely shook hands to greet each other and then bumped into each other due to a lack of awareness or a sudden turn, indicating they were in close proximity.",0.6846
BuIc1w-kn-k,BuIc1w-kn-k,3,"The two men likely shook hands as a gesture of mutual respect or agreement, and then bumped into each other by chance, which led to the humorous situation depicted in the image.",0.6846
BuIc1w-kn-k,BuIc1w-kn-k,4,"The two men likely shook hands to show mutual respect or agreement after their conversation, and the bumping into each other could have been a coincidental collision due to their movement in the same direction.",0.6846
BuIc1w-kn-k,BuIc1w-kn-k,5,"The men likely shook hands as a formal gesture to conclude their conversation and bump into each other by accident, indicating a casual and friendly interaction.",0.6846
BuIc1w-kn-k,BuIc1w-kn-k,6,The two men likely shook hands and bumped into each other as a gesture of mutual respect and to reaffirm their understanding or agreement after their conversation.,0.6846
BuIc1w-kn-k,BuIc1w-kn-k,7,The two men likely shook hands and bumped into each other as a gesture of mutual respect and friendliness following their conversation.,0.6846
BuIc1w-kn-k,BuIc1w-kn-k,8,"The 2 men likely shook hands as a gesture of greeting or agreement after their conversation and then bumped into each other due to the unexpected nature of their meeting, possibly indicating they were not expecting to see each other again so soon.",0.6846
BuIc1w-kn-k,BuIc1w-kn-k,9,"The 2 men likely shook hands and bumped into each other as a friendly gesture, possibly indicating mutual respect or a casual meeting, after their conversation.",0.6846
BuIc1w-kn-k,BuIc1w-kn-k,10,"The 2 men likely shook hands as a gesture of agreement or greeting after their conversation, and the bumping into each other could have been a result of the natural movement of one person stepping back or the other person not noticing the handshake.",0.6846
BvfrF5nONZk,BvfrF5nONZk,1,"The woman approaches the man standing next to his bike, initiating a conversation or interaction between them.",0.6523
BvfrF5nONZk,BvfrF5nONZk,2,"The woman likely engages in conversation with the man, possibly discussing his bike or making small talk, but the specific outcome is not depicted in the image.",0.6523
BvfrF5nONZk,BvfrF5nONZk,3,"The woman approaches the man standing by his bike, possibly initiating a conversation or interaction.",0.6523
BvfrF5nONZk,BvfrF5nONZk,4,"The woman approaches the man, possibly to ask about the bike or engage in a conversation.",0.6523
BvfrF5nONZk,BvfrF5nONZk,5,The image provided does not contain enough information to describe what happens after a woman walks up to a man standing in front of his bike. The image is blank.,0.6523
BvfrF5nONZk,BvfrF5nONZk,6,"The woman engages in a conversation with the man, possibly discussing the bike or making small talk, but the exact nature of their interaction is not specified.",0.6523
BvfrF5nONZk,BvfrF5nONZk,7,"The woman approaches the man standing by his bike, possibly to engage in conversation or to help him with something related to the bike.",0.6523
BvfrF5nONZk,BvfrF5nONZk,8,The image provided does not contain enough context to determine what happens after a woman walks up to a man standing in front of his bike.,0.6523
BvfrF5nONZk,BvfrF5nONZk,9,The image does not provide enough context to determine what happens after a woman walks up to a man standing in front of his bike.,0.6523
BvfrF5nONZk,BvfrF5nONZk,10,The image does not provide enough context to determine what happens after a woman walks up to a man standing in front of his bike.,0.6523
BvpGKjFEIDg,BvpGKjFEIDg,1,"A field of corn is harvested by cutting the ears of corn and collecting them, which can then be processed into various products such as cornmeal, corn flour, and corn syrup.",0.5423
BvpGKjFEIDg,BvpGKjFEIDg,2,"A field of corn is harvested, typically by mechanical harvesting, where combine harvesters collect the mature corn stalks and their grains, leaving the stalks to decay and return nutrients to the soil.",0.5423
BvpGKjFEIDg,BvpGKjFEIDg,3,"A field of corn is harvested, the kernels are removed from the cob, and the corn is processed for various uses such as food, animal feed, or ethanol production.",0.5423
BvpGKjFEIDg,BvpGKjFEIDg,4,"A field of corn grows from seed, matures, and is eventually harvested for its kernels.",0.5423
BvpGKjFEIDg,BvpGKjFEIDg,5,"A field of corn is harvested and the kernels are processed to produce various products such as cornmeal, flour, and ethanol.",0.5423
BvpGKjFEIDg,BvpGKjFEIDg,6,"A field of corn is harvested, processed, and sold as food or used for biofuels.",0.5423
BvpGKjFEIDg,BvpGKjFEIDg,7,"A field of corn is harvested and the corn is processed into various products such as cornmeal, flour, and animal feed.",0.5423
BvpGKjFEIDg,BvpGKjFEIDg,8,"A field of corn is harvested when the corn is ripe, typically by combining machines that cut the stalks and then separate the ears of corn from the stalks.",0.5423
BvpGKjFEIDg,BvpGKjFEIDg,9,"A field of corn is harvested, processed, and then used for various purposes such as food, animal feed, and biofuels.",0.5423
BvpGKjFEIDg,BvpGKjFEIDg,10,"A field of corn is harvested, which involves cutting the stalks to collect the ears of corn for processing and consumption.",0.5423
Bvv6lMUTlEw,Bvv6lMUTlEw,1,"The image does not provide enough context to determine why the dog is being offered a cupcake or cake. It is likely a playful or humorous situation, but without more information, the reason cannot be definitively stated.",0.8461
Bvv6lMUTlEw,Bvv6lMUTlEw,2,The dog is not being offered a cupcake or cake because dogs cannot eat them as they are harmful to their health.,0.8461
Bvv6lMUTlEw,Bvv6lMUTlEw,3,"The image shows a dog being offered a cupcake or cake, which is unusual because dogs do not typically consume sweets, as they can be harmful to their health.",0.8461
Bvv6lMUTlEw,Bvv6lMUTlEw,4,The dog is not being offered a cupcake or cake because dogs cannot eat them as they are toxic to them.,0.8461
Bvv6lMUTlEw,Bvv6lMUTlEw,5,"The image appears to be a question or prompt asking why a dog is being offered a cupcake or cake, but there is no actual image of a dog or a cupcake/cake to provide a visual answer.",0.8461
Bvv6lMUTlEw,Bvv6lMUTlEw,6,The image does not provide enough context to determine why the dog is being offered a cupcake or cake.,0.8461
Bvv6lMUTlEw,Bvv6lMUTlEw,7,"The dog is likely being offered a cupcake or cake as a treat or as part of a playful or humorous interaction, which is not typical for dogs.",0.8461
Bvv6lMUTlEw,Bvv6lMUTlEw,8,The dog is likely being offered a cupcake or cake as a treat or as part of a celebration.,0.8461
Bvv6lMUTlEw,Bvv6lMUTlEw,9,"The image shows a dog being offered a cupcake or cake, which is not a common or appropriate food for dogs as it can be harmful to their health.",0.8461
Bvv6lMUTlEw,Bvv6lMUTlEw,10,The dog is not being offered a cupcake or cake because dogs cannot eat them as they are toxic to them.,0.8461
Bw7GevJP1vA,Bw7GevJP1vA,1,The man sits down and begins to eat the food that was placed on the coffee table.,0.605
Bw7GevJP1vA,Bw7GevJP1vA,2,The man is likely to engage in conversation or prepare to serve the food to others.,0.605
Bw7GevJP1vA,Bw7GevJP1vA,3,The man proceeds to serve the food to the guests.,0.605
Bw7GevJP1vA,Bw7GevJP1vA,4,"The man likely proceeds to sit down and enjoy the meal, engaging in conversation or relaxing with the food.",0.605
Bw7GevJP1vA,Bw7GevJP1vA,5,"The image shows a man sitting at a table with a plate of food, but there is no further action depicted after this.",0.605
Bw7GevJP1vA,Bw7GevJP1vA,6,The man proceeds to sit down at the table to enjoy the food.,0.605
Bw7GevJP1vA,Bw7GevJP1vA,7,The man likely begins to serve or prepare the food for a meal or gathering.,0.605
Bw7GevJP1vA,Bw7GevJP1vA,8,"The man likely begins to prepare or serve the food, possibly engaging in conversation or setting the scene for a meal or gathering.",0.605
Bw7GevJP1vA,Bw7GevJP1vA,9,"The man proceeds to eat the food, indicating a mealtime or snack scenario.",0.605
Bw7GevJP1vA,Bw7GevJP1vA,10,The man then proceeds to sit down and enjoy the meal.,0.605
BWAVzDutp1o,BWAVzDutp1o,1,"When a motorcyclist is riding down the road, they are moving forward at a speed determined by their throttle input, and their body weight shifts slightly to maintain balance and control, with the front wheel leaning into the turn and the rear wheel following.",0.8585
BWAVzDutp1o,BWAVzDutp1o,2,"When a motorcyclist is riding down the road, they are moving forward, navigating traffic, and potentially experiencing wind resistance and other road conditions that require their attention and skill to maneuver safely.",0.8585
BWAVzDutp1o,BWAVzDutp1o,3,"When a motorcyclist is riding down the road, they are in motion, typically traveling at a speed that can vary depending on the road conditions and the rider's skill level.",0.8585
BWAVzDutp1o,BWAVzDutp1o,4,"When a motorcyclist is riding down the road, they are moving forward, typically propelled by the engine of the motorcycle, and may be navigating traffic, adhering to traffic rules, and potentially encountering various road conditions and obstacles.",0.8585
BWAVzDutp1o,BWAVzDutp1o,5,"When a motorcyclist is riding down the road, they are moving forward, navigating traffic, and potentially interacting with other vehicles and road conditions.",0.8585
BWAVzDutp1o,BWAVzDutp1o,6,"When a motorcyclist is riding down the road, they are typically moving forward on the road, navigating traffic, and adhering to traffic laws and road conditions.",0.8585
BWAVzDutp1o,BWAVzDutp1o,7,"When a motorcyclist is riding down the road, they are navigating through traffic, adhering to traffic laws, and maintaining a safe distance from other vehicles while adjusting their speed based on road conditions and traffic flow.",0.8585
BWAVzDutp1o,BWAVzDutp1o,8,"When a motorcyclist is riding down the road, they are typically propelling themselves forward using the engine's power, navigating through traffic and adhering to traffic laws and road conditions.",0.8585
BWAVzDutp1o,BWAVzDutp1o,9,"When a motorcyclist is riding down the road, they are typically moving forward using the power of the motorcycle's engine, steering with the handlebars, and maintaining balance on two wheels.",0.8585
BWAVzDutp1o,BWAVzDutp1o,10,"When a motorcyclist is riding down the road, they are moving at a steady pace, typically propelled by the motorcycle's engine, and may navigate through traffic, turn corners, and adjust their speed as needed.",0.8585
BYja7Z0B9Fc,BYja7Z0B9Fc,1,The couple is captured in a moment of affection while sitting in a car.,0.6002
BYja7Z0B9Fc,BYja7Z0B9Fc,2,"The couple continues to kiss, maintaining their affectionate moment.",0.6002
BYja7Z0B9Fc,BYja7Z0B9Fc,3,The couple in the car are likely to be caught and potentially face consequences depending on the local laws and regulations regarding public displays of affection.,0.6002
BYja7Z0B9Fc,BYja7Z0B9Fc,4,"A couple sitting in a car kissing might be caught by a traffic officer, leading to a citation or summons.",0.6002
BYja7Z0B9Fc,BYja7Z0B9Fc,5,"The image is too small to provide a detailed description, but generally, a couple sitting in a car and kissing might be caught by a camera, which could result in the image being shared or used as evidence, depending on the context.",0.6002
BYja7Z0B9Fc,BYja7Z0B9Fc,6,They likely get caught and may face consequences such as a traffic ticket or public disapproval.,0.6002
BYja7Z0B9Fc,BYja7Z0B9Fc,7,"The couple in the car might be caught by someone passing by, potentially leading to a public display of affection that could be considered inappropriate or embarrassing.",0.6002
BYja7Z0B9Fc,BYja7Z0B9Fc,8,"The couple sitting in a car kissing are likely to be caught by a traffic camera, resulting in a parking ticket.",0.6002
BYja7Z0B9Fc,BYja7Z0B9Fc,9,"They engage in intimate behavior, which may not be appropriate in public.",0.6002
BYja7Z0B9Fc,BYja7Z0B9Fc,10,The couple continues to kiss while sitting in the car.,0.6002
ByuygPDH1Vk,ByuygPDH1Vk,1,"The duck was playing dead as a survival tactic, likely to avoid being preyed upon by a predator.",0.544
ByuygPDH1Vk,ByuygPDH1Vk,2,The duck was likely playing dead as a defense mechanism to avoid predators.,0.544
ByuygPDH1Vk,ByuygPDH1Vk,3,The duck was playing dead to avoid predators or to rest.,0.544
ByuygPDH1Vk,ByuygPDH1Vk,4,"The duck was playing dead to avoid predators or to conserve energy, which is a common behavior in nature.",0.544
ByuygPDH1Vk,ByuygPDH1Vk,5,The duck was playing dead to avoid predators or to rest undisturbed.,0.544
ByuygPDH1Vk,ByuygPDH1Vk,6,The duck was likely playing dead to avoid predators or to rest unnoticed.,0.544
ByuygPDH1Vk,ByuygPDH1Vk,7,"The duck was likely playing dead as a survival tactic, possibly to avoid predators or to join in a game of hide-and-seek.",0.544
ByuygPDH1Vk,ByuygPDH1Vk,8,The duck was likely playing dead as a defense mechanism to avoid predators or as part of a game or behavior it was demonstrating.,0.544
ByuygPDH1Vk,ByuygPDH1Vk,9,The duck was likely playing dead as a defense mechanism to avoid predators.,0.544
ByuygPDH1Vk,ByuygPDH1Vk,10,The duck was playing dead to avoid a predator.,0.544
C4j3Pp79KSg,C4j3Pp79KSg,1,The woman riding in a wheelchair slows down and carefully maneuvers her wheelchair to safely navigate the corner.,0.4345
C4j3Pp79KSg,C4j3Pp79KSg,2,The woman riding in a wheelchair likely slows down or stops at the corner to ensure safety before proceeding.,0.4345
C4j3Pp79KSg,C4j3Pp79KSg,3,The woman riding in a wheelchair stops at the corner before proceeding.,0.4345
C4j3Pp79KSg,C4j3Pp79KSg,4,"When the woman in the wheelchair reaches the corner, she carefully turns her wheelchair to navigate the turn safely.",0.4345
C4j3Pp79KSg,C4j3Pp79KSg,5,"The woman in the wheelchair stops at the corner, likely to assess the situation before proceeding.",0.4345
C4j3Pp79KSg,C4j3Pp79KSg,6,"The woman riding in the wheelchair would need to maneuver around the corner, likely turning her wheelchair to navigate the space safely.",0.4345
C4j3Pp79KSg,C4j3Pp79KSg,7,The woman riding in the wheelchair turns the corner with the help of her hands or a guide.,0.4345
C4j3Pp79KSg,C4j3Pp79KSg,8,"When the woman in the wheelchair reaches the corner, she must navigate carefully to ensure safety and follow any necessary traffic rules.",0.4345
C4j3Pp79KSg,C4j3Pp79KSg,9,"The woman riding in the wheelchair carefully turns the wheelchair at the corner, ensuring her path is safe and navigates the space smoothly.",0.4345
C4j3Pp79KSg,C4j3Pp79KSg,10,"The woman riding in the wheelchair would need to stop and carefully navigate the corner, ensuring her path is safe and clear.",0.4345
C7ADL93Zg4Q,C7ADL93Zg4Q,1,"The image appears to be incomplete or not related to the question. The question asks about a young woman in a video game interacting with Pac-Man, but the image content is not visible. Please provide more details or clarify the image for a relevant answer.",0.7148
C7ADL93Zg4Q,C7ADL93Zg4Q,2,"In the video game, the young woman is shown consuming Pac-Man, which is a common sequence in games like ""Ms. Pac-Man"" where the player can turn the tables on Pac-Man by eating him.",0.7148
C7ADL93Zg4Q,C7ADL93Zg4Q,3,"In the video game, the young woman chases and eats Pac-Man, effectively reversing the traditional roles of predator and prey.",0.7148
C7ADL93Zg4Q,C7ADL93Zg4Q,4,"In the video game, the young woman chases Pac-Man, trying to catch him.",0.7148
C7ADL93Zg4Q,C7ADL93Zg4Q,5,The young woman in the video game chases and eats Pac-Man.,0.7148
C7ADL93Zg4Q,C7ADL93Zg4Q,6,"In the video game Pac-Man, a young woman is the player who controls the character to eat all the dots and avoid the ghosts.",0.7148
C7ADL93Zg4Q,C7ADL93Zg4Q,7,"The young woman in the video game chases Pac-Man, attempting to catch him.",0.7148
C7ADL93Zg4Q,C7ADL93Zg4Q,8,"In the video game, the young woman appears to be playing Pac-Man, where she is eating the pellets and avoiding the ghosts to score points.",0.7148
C7ADL93Zg4Q,C7ADL93Zg4Q,9,"In the video game, the young woman chases and eats Pac-Man, as part of the gameplay mechanics.",0.7148
C7ADL93Zg4Q,C7ADL93Zg4Q,10,The young woman in the video game is playing Pac-Man and is trying to eat the dots while avoiding the ghosts.,0.7148
C7ToN6hcXvQ,C7ToN6hcXvQ,1,"The video ends with a static image of a flower, suggesting a moment of stillness or reflection.",0.3758
C7ToN6hcXvQ,C7ToN6hcXvQ,2,The video ends with a fade to black.,0.3758
C7ToN6hcXvQ,C7ToN6hcXvQ,3,The video ends with a static image of a question mark.,0.3758
C7ToN6hcXvQ,C7ToN6hcXvQ,4,The video ends with a fade to black.,0.3758
C7ToN6hcXvQ,C7ToN6hcXvQ,5,The video ends with a question being asked.,0.3758
C7ToN6hcXvQ,C7ToN6hcXvQ,6,The video ends with a closing title screen.,0.3758
C7ToN6hcXvQ,C7ToN6hcXvQ,7,The video ends with a serene landscape scene.,0.3758
C7ToN6hcXvQ,C7ToN6hcXvQ,8,The video ends with a fade to black.,0.3758
C7ToN6hcXvQ,C7ToN6hcXvQ,9,The video ends with a static image of a white screen.,0.3758
C7ToN6hcXvQ,C7ToN6hcXvQ,10,"The video ends with the character standing in a quiet, open space, possibly reflecting on the journey just completed.",0.3758
CbRNu0FBRv8,CbRNu0FBRv8,1,The man scrolls the screen on his phone while standing in a room.,0.4265
CbRNu0FBRv8,CbRNu0FBRv8,2,The man scrolls the screen on his phone while he is looking at it.,0.4265
CbRNu0FBRv8,CbRNu0FBRv8,3,The man scrolls the screen on his phone during the day.,0.4265
CbRNu0FBRv8,CbRNu0FBRv8,4,The man scrolls the screen on his phone when he is looking for information or content he is interested in.,0.4265
CbRNu0FBRv8,CbRNu0FBRv8,5,The man scrolls the screen on his phone when he is looking for specific information or content.,0.4265
CbRNu0FBRv8,CbRNu0FBRv8,6,The man scrolls the screen on his phone when he is using it to read or search for information.,0.4265
CbRNu0FBRv8,CbRNu0FBRv8,7,The man scrolls the screen on his phone in the evening.,0.4265
CbRNu0FBRv8,CbRNu0FBRv8,8,"The man scrolls the screen on his phone while he is seated, likely during a break or while waiting for something.",0.4265
CbRNu0FBRv8,CbRNu0FBRv8,9,The man scrolls the screen on his phone while he is walking.,0.4265
CbRNu0FBRv8,CbRNu0FBRv8,10,The man scrolls the screen on his phone in the middle of the image.,0.4265
CBxi5FLNouw,CBxi5FLNouw,1,The boy is trying to figure out how to fix the broken toy in his hands.,0.5401
CBxi5FLNouw,CBxi5FLNouw,2,The boy appears to be trying to figure out how to operate or adjust the machine in front of him.,0.5401
CBxi5FLNouw,CBxi5FLNouw,3,"The boy is trying to figure out the problem he is facing, which appears to be related to the text ""I don't know.""",0.5401
CBxi5FLNouw,CBxi5FLNouw,4,The boy appears to be trying to figure out the correct combination or solution to the lock on the suitcase.,0.5401
CBxi5FLNouw,CBxi5FLNouw,5,The boy appears to be trying to figure out how to use the remote control.,0.5401
CBxi5FLNouw,CBxi5FLNouw,6,The boy is trying to figure out how to open the door.,0.5401
CBxi5FLNouw,CBxi5FLNouw,7,The boy is trying to figure out how to solve a math problem.,0.5401
CBxi5FLNouw,CBxi5FLNouw,8,The boy is trying to figure out how to solve the math problem in front of him.,0.5401
CBxi5FLNouw,CBxi5FLNouw,9,The boy is trying to figure out how to open the lock on the door.,0.5401
CBxi5FLNouw,CBxi5FLNouw,10,The boy appears to be trying to figure out how to open the lock on the door.,0.5401
CcafMpThEeQ,CcafMpThEeQ,1,"The punching bag is no longer visible by the end of the video, suggesting it has been removed or obscured.",0.3947
CcafMpThEeQ,CcafMpThEeQ,2,The punching bag is torn in half by the end of the video.,0.3947
CcafMpThEeQ,CcafMpThEeQ,3,The punching bag is broken by the end of the video.,0.3947
CcafMpThEeQ,CcafMpThEeQ,4,The punching bag is left hanging by a single string at the end of the video.,0.3947
CcafMpThEeQ,CcafMpThEeQ,5,The punching bag is knocked over by the end of the video.,0.3947
CcafMpThEeQ,CcafMpThEeQ,6,The punching bag is left hanging by a single rope at the end of the video.,0.3947
CcafMpThEeQ,CcafMpThEeQ,7,"The punching bag is shown hanging limply, indicating it has been significantly damaged or punctured.",0.3947
CcafMpThEeQ,CcafMpThEeQ,8,"The punching bag is seen being hit repeatedly by a person's fist, causing it to move and sway with each impact.",0.3947
CcafMpThEeQ,CcafMpThEeQ,9,The punching bag is eventually left hanging from the ceiling.,0.3947
CcafMpThEeQ,CcafMpThEeQ,10,"The punching bag is shown to have been hit repeatedly, indicating it has been used as intended throughout the video.",0.3947
CFhqtT9V8yk,CFhqtT9V8yk,1,"The video appears to show a close-up of a hand or finger with a blurred background, but without additional context or frames, it's unclear what specific activity is taking place.",0.8204
CFhqtT9V8yk,CFhqtT9V8yk,2,"The video appears to be a still image with no discernible motion, suggesting it may not be a video at all, but rather a static image or a paused frame.",0.8204
CFhqtT9V8yk,CFhqtT9V8yk,3,The video shows a person walking in a dimly lit indoor environment.,0.8204
CFhqtT9V8yk,CFhqtT9V8yk,4,"The video appears to show a static image of a speech bubble with a question mark inside, suggesting a moment of inquiry or confusion.",0.8204
CFhqtT9V8yk,CFhqtT9V8yk,5,"The video shows a close-up of a hand interacting with a device, possibly demonstrating a feature or performing a task.",0.8204
CFhqtT9V8yk,CFhqtT9V8yk,6,"The video shows a person using a tool to cut or shape a material, likely wood or a similar substance, with precision.",0.8204
CFhqtT9V8yk,CFhqtT9V8yk,7,The video appears to be a static image showing a blank white screen with no discernible action or content.,0.8204
CFhqtT9V8yk,CFhqtT9V8yk,8,The video shows a black screen with no visible content or activity.,0.8204
CFhqtT9V8yk,CFhqtT9V8yk,9,The video shows a person's hand holding a white object against a blue background.,0.8204
CFhqtT9V8yk,CFhqtT9V8yk,10,The video shows a blank white screen with no visible content or action taking place.,0.8204
CgjC6CV-sUs,CgjC6CV-sUs,1,"The video is about a group of people engaging in an outdoor activity, possibly a hike or a bike ride, in a scenic natural setting.",0.804
CgjC6CV-sUs,CgjC6CV-sUs,2,"The video is about a group of people engaging in an activity or discussion in a casual, outdoor setting.",0.804
CgjC6CV-sUs,CgjC6CV-sUs,3,"The video appears to be about a person standing in a room with a white wall, and it seems to be a brief, possibly static or paused moment in the video.",0.804
CgjC6CV-sUs,CgjC6CV-sUs,4,"The video appears to be about a person standing in front of a wall with a black background, possibly discussing or demonstrating something.",0.804
CgjC6CV-sUs,CgjC6CV-sUs,5,"The video appears to be a brief introduction or title card, possibly for a series or episode, as it includes text that might be a title or episode name, ""season 1.""",0.804
CgjC6CV-sUs,CgjC6CV-sUs,6,"The video appears to be a casual, possibly humorous or lighthearted segment, as it features a person in a relaxed setting with a dog, which suggests a personal or home environment.",0.804
CgjC6CV-sUs,CgjC6CV-sUs,7,"The video appears to be about a person demonstrating or explaining something, possibly related to technology or a specific product, as indicated by the text ""The new app is here"" and the mention of ""iOS"" and ""Android"" platforms.",0.804
CgjC6CV-sUs,CgjC6CV-sUs,8,"The video is about a person engaging in an outdoor activity, possibly mountain biking, as indicated by the helmet and the natural setting.",0.804
CgjC6CV-sUs,CgjC6CV-sUs,9,"The video appears to be a simple text-based prompt asking for a one-sentence summary of the video content, but it does not provide any additional context or content to summarize.",0.804
CgjC6CV-sUs,CgjC6CV-sUs,10,"The video appears to be a tutorial or demonstration, as it includes a title card with the text ""HOW TO"" and a sequence of frames that likely show a step-by-step process or a series of actions being performed.",0.804
CH8Dp7EgW4I,CH8Dp7EgW4I,1,The smaller boy retaliates by shoving the other boy back.,0.3359
CH8Dp7EgW4I,CH8Dp7EgW4I,2,The smaller boy falls to the ground after being shoved by another boy.,0.3359
CH8Dp7EgW4I,CH8Dp7EgW4I,3,The smaller boy stands up and looks back at the other boy.,0.3359
CH8Dp7EgW4I,CH8Dp7EgW4I,4,The smaller boy retaliates by pushing the other boy back.,0.3359
CH8Dp7EgW4I,CH8Dp7EgW4I,5,The smaller boy falls to the ground after being shoved by another boy.,0.3359
CH8Dp7EgW4I,CH8Dp7EgW4I,6,The smaller boy retaliates by shoving the other boy back.,0.3359
CH8Dp7EgW4I,CH8Dp7EgW4I,7,The smaller boy looks at the other boy after he has been shoved.,0.3359
CH8Dp7EgW4I,CH8Dp7EgW4I,8,The smaller boy falls down after being shoved by another boy.,0.3359
CH8Dp7EgW4I,CH8Dp7EgW4I,9,The smaller boy retaliates by pushing the other boy back.,0.3359
CH8Dp7EgW4I,CH8Dp7EgW4I,10,The smaller boy retaliates by shoving the other boy back.,0.3359
CjcyaXLB3Ow,CjcyaXLB3Ow,1,The boy jumped up off the sofa and stomped out the room yelling because he was upset or angry about something that had happened.,0.7802
CjcyaXLB3Ow,CjcyaXLB3Ow,2,The boy jumped up off the sofa and stomped out the room yelling because he was upset and possibly wanted to express his frustration or anger.,0.7802
CjcyaXLB3Ow,CjcyaXLB3Ow,3,The boy jumped up off the sofa and stomped out the room yelling because he was upset or angry about something.,0.7802
CjcyaXLB3Ow,CjcyaXLB3Ow,4,The boy jumped up off the sofa and stomped out of the room yelling because he was likely upset or angry about something.,0.7802
CjcyaXLB3Ow,CjcyaXLB3Ow,5,The boy likely jumped up off the sofa and stomped out the room yelling because he was angry or upset about something that happened or was said to him.,0.7802
CjcyaXLB3Ow,CjcyaXLB3Ow,6,The boy likely jumped up off the sofa and stumped out the room yelling because he was upset or angry about something.,0.7802
CjcyaXLB3Ow,CjcyaXLB3Ow,7,"The boy likely jumped up and stomped out the room yelling because he was frustrated or angry about something, possibly a disagreement or a mistake that he felt needed to be addressed immediately.",0.7802
CjcyaXLB3Ow,CjcyaXLB3Ow,8,The boy jumped up off the sofa and stomped out of the room yelling because he was upset or angry about something.,0.7802
CjcyaXLB3Ow,CjcyaXLB3Ow,9,The boy jumped up off the sofa and stomped out of the room yelling because he was angry or frustrated.,0.7802
CjcyaXLB3Ow,CjcyaXLB3Ow,10,The boy likely jumped up off the sofa and stumped out the room yelling because he was angry or frustrated about something that had just happened.,0.7802
CLgCH9T6IwY,CLgCH9T6IwY,1,"A figure with a black cape is often seen in the evening, especially during Halloween or in dark, mysterious settings.",0.6635
CLgCH9T6IwY,CLgCH9T6IwY,2,"A figure with a black cape is typically seen in the evening or at night, often in dramatic or spooky contexts.",0.6635
CLgCH9T6IwY,CLgCH9T6IwY,3,"A figure with a black cape is typically seen in the context of superheroes, particularly in comic books and movies, often symbolizing a character like Batman or a similar vigilante.",0.6635
CLgCH9T6IwY,CLgCH9T6IwY,4,"A figure with a black cape is typically seen in the dark or during nighttime scenes, often associated with mystery or the supernatural.",0.6635
CLgCH9T6IwY,CLgCH9T6IwY,5,"A figure with a black cape is typically seen during the Halloween season or in gothic-themed settings, symbolizing mystery and the supernatural.",0.6635
CLgCH9T6IwY,CLgCH9T6IwY,6,"You see a figure with a black cape during the Halloween season, often associated with characters like Batman or the Joker.",0.6635
CLgCH9T6IwY,CLgCH9T6IwY,7,"A figure with a black cape is typically seen in the early morning hours, often before sunrise.",0.6635
CLgCH9T6IwY,CLgCH9T6IwY,8,"You see a figure with a black cape during Halloween or in gothic-themed settings, often symbolizing mystery or darkness.",0.6635
CLgCH9T6IwY,CLgCH9T6IwY,9,"A figure with a black cape is typically seen in various forms of media, including movies, television shows, and comic books, often symbolizing themes of mystery, power, or vigilante justice.",0.6635
CLgCH9T6IwY,CLgCH9T6IwY,10,A figure with a black cape is typically seen during the Halloween season or in gothic or horror-themed contexts.,0.6635
Cl_YhG6ZgNg,Cl_YhG6ZgNg,1,"The video ends with a still image of the question, indicating that no further information or action is provided.",0.8301
Cl_YhG6ZgNg,Cl_YhG6ZgNg,2,"The video concluded with a serene view of a forest, emphasizing the beauty of nature.",0.8301
Cl_YhG6ZgNg,Cl_YhG6ZgNg,3,"The video ends with a shot of a serene landscape, featuring a clear blue sky, lush green trees, and a tranquil river flowing gently through the scene.",0.8301
Cl_YhG6ZgNg,Cl_YhG6ZgNg,4,The video ended with the character reaching the summit of the mountain.,0.8301
Cl_YhG6ZgNg,Cl_YhG6ZgNg,5,"The video ends with a static image of a computer screen displaying a text message that reads ""I'm sorry, but I can't assist with that.""",0.8301
Cl_YhG6ZgNg,Cl_YhG6ZgNg,6,The video ends with a question being posed.,0.8301
Cl_YhG6ZgNg,Cl_YhG6ZgNg,7,"By the end of the video, the person was standing in front of a whiteboard with a completed list of items.",0.8301
Cl_YhG6ZgNg,Cl_YhG6ZgNg,8,"The video concluded with the scene of the two characters standing close together, suggesting a moment of connection or intimacy.",0.8301
Cl_YhG6ZgNg,Cl_YhG6ZgNg,9,"By the end of the video, the character had successfully solved the puzzle.",0.8301
Cl_YhG6ZgNg,Cl_YhG6ZgNg,10,"The video ended with the text ""The End"" displayed on the screen.",0.8301
CnhxnPIbwyk,CnhxnPIbwyk,1,The woman was hit by a car at the end of the video.,0.506
CnhxnPIbwyk,CnhxnPIbwyk,2,"The woman in the video was seen walking away from the camera, indicating she had moved out of the frame.",0.506
CnhxnPIbwyk,CnhxnPIbwyk,3,"The woman is shown with her eyes closed, suggesting she may have fallen asleep or passed out.",0.506
CnhxnPIbwyk,CnhxnPIbwyk,4,The woman was seen walking away from the camera in the video.,0.506
CnhxnPIbwyk,CnhxnPIbwyk,5,"The woman in the video appears to be in a joyful state, possibly celebrating or expressing happiness, as indicated by her smile and the setting sun in the background.",0.506
CnhxnPIbwyk,CnhxnPIbwyk,6,"The woman in the video appears to be holding a cup, possibly enjoying a beverage, and seems to be in a relaxed or contemplative state.",0.506
CnhxnPIbwyk,CnhxnPIbwyk,7,The woman in the video was left standing alone and looking at her phone.,0.506
CnhxnPIbwyk,CnhxnPIbwyk,8,"The woman was left in a state of distress and confusion, as indicated by her open mouth and the visible tears.",0.506
CnhxnPIbwyk,CnhxnPIbwyk,9,"The woman in the video is seen sitting at a table with a cup of coffee, indicating that she has settled down for a moment of relaxation or work.",0.506
CnhxnPIbwyk,CnhxnPIbwyk,10,"The woman is seen in a dimly lit room, possibly indicating she has returned to a private or secluded space.",0.506
CsRoh9YM9pM,CsRoh9YM9pM,1,"Couples sleeping together is often compared to a mutual agreement to share intimacy, responsibilities, and companionship within a committed relationship.",0.5364
CsRoh9YM9pM,CsRoh9YM9pM,2,"Over time, couples sleeping together is often compared to a natural and common occurrence in human relationships, reflecting intimacy and the sharing of space in a committed partnership.",0.5364
CsRoh9YM9pM,CsRoh9YM9pM,3,"Over time, comparisons are made with couples sleeping together to assess intimacy, compatibility, and the quality of their relationship dynamics.",0.5364
CsRoh9YM9pM,CsRoh9YM9pM,4,"Over time, comparisons are made between couples sleeping together, often drawing parallels to the concept of sharing a bed or intimate physical closeness.",0.5364
CsRoh9YM9pM,CsRoh9YM9pM,5,"Couples sleeping together is often compared to a ""mating ritual"" or a ""bonding experience"" that can lead to a deeper emotional connection.",0.5364
CsRoh9YM9pM,CsRoh9YM9pM,6,"Couples sleeping together are often compared to a bed shared by two people, symbolizing intimacy and companionship.",0.5364
CsRoh9YM9pM,CsRoh9YM9pM,7,"Over time, comparisons are often made between couples sleeping together in terms of intimacy, comfort, and the potential for enhanced emotional and physical connection.",0.5364
CsRoh9YM9pM,CsRoh9YM9pM,8,"Over time, comparisons are often made with couples sleeping together in terms of intimacy, bonding, and the sharing of personal space and experiences.",0.5364
CsRoh9YM9pM,CsRoh9YM9pM,9,"Over time, comparisons are often made with couples sleeping together to discuss intimacy, comfort, and the physical aspects of a relationship.",0.5364
CsRoh9YM9pM,CsRoh9YM9pM,10,"Over time, comparisons are often made between couples sleeping together and the concept of ""sleeping together"" as a metaphor for intimate or romantic relationships.",0.5364
CtinYSH3nVw,CtinYSH3nVw,1,"Before the man gets into a car, he is standing in a parking lot.",0.6597
CtinYSH3nVw,CtinYSH3nVw,2,The man is seen walking towards the car.,0.6597
CtinYSH3nVw,CtinYSH3nVw,3,"Before the man gets into a car, he is shown standing in front of a car with his hand extended, possibly signaling to someone or something off-camera.",0.6597
CtinYSH3nVw,CtinYSH3nVw,4,"The man is seen in a scene where he is outside a car, possibly preparing to enter it.",0.6597
CtinYSH3nVw,CtinYSH3nVw,5,The man opens the car door before getting into the car.,0.6597
CtinYSH3nVw,CtinYSH3nVw,6,The man walks towards the car before getting into it.,0.6597
CtinYSH3nVw,CtinYSH3nVw,7,"Before the man gets into a car, he is standing next to it, likely preparing to enter.",0.6597
CtinYSH3nVw,CtinYSH3nVw,8,The man gets out of a building and walks towards a car.,0.6597
CtinYSH3nVw,CtinYSH3nVw,9,"The man stands outside a building, likely preparing to enter a car.",0.6597
CtinYSH3nVw,CtinYSH3nVw,10,"Before the man gets into a car, he is shown standing in front of the car, possibly preparing to enter it.",0.6597
D4P4xYRYXIM,D4P4xYRYXIM,1,The man and the three young boys engaged in a friendly interaction.,0.7072
D4P4xYRYXIM,D4P4xYRYXIM,2,The man and the three young boys shared a moment of camaraderie and mutual respect.,0.7072
D4P4xYRYXIM,D4P4xYRYXIM,3,"The image shows a sequence of three frames where a man gives a fist bump to three young boys, indicating a friendly interaction.",0.7072
D4P4xYRYXIM,D4P4xYRYXIM,4,The image provided does not contain any information about a man giving a fist bump to three young boys or what happened afterward.,0.7072
D4P4xYRYXIM,D4P4xYRYXIM,5,"The image shows a man giving a fist bump to three young boys, indicating a friendly and positive interaction.",0.7072
D4P4xYRYXIM,D4P4xYRYXIM,6,"The image shows a man giving a fist bump to three young boys, but it does not provide information about what happened after the fist bump.",0.7072
D4P4xYRYXIM,D4P4xYRYXIM,7,"The image shows a fist bump, but without additional context, it's not possible to determine what happened after the interaction.",0.7072
D4P4xYRYXIM,D4P4xYRYXIM,8,"The image shows a man giving a fist bump to three young boys, but the question asks what happened after, which is not depicted in the image.",0.7072
D4P4xYRYXIM,D4P4xYRYXIM,9,"The image shows a single person and does not depict a scenario where a man gave a fist bump to three young boys. Therefore, there is no event to describe after this action.",0.7072
D4P4xYRYXIM,D4P4xYRYXIM,10,The image does not provide information about what happened after a man gave a fist bump to three young boys.,0.7072
D4Y3c5srV_k,D4Y3c5srV_k,1,One of the guys is knocked down while two guys are playing basketball.,0.5346
D4Y3c5srV_k,D4Y3c5srV_k,2,One of the guys gets hit in the face by a basketball while two guys are playing basketball.,0.5346
D4Y3c5srV_k,D4Y3c5srV_k,3,"While two guys are playing basketball, one of them falls down.",0.5346
D4Y3c5srV_k,D4Y3c5srV_k,4,"While two guys are playing basketball, one of the guys is seen sitting on the bench.",0.5346
D4Y3c5srV_k,D4Y3c5srV_k,5,"While two guys are playing basketball, one of the guys gets a surprise.",0.5346
D4Y3c5srV_k,D4Y3c5srV_k,6,"One of the guys is seen running, likely chasing after the ball during the basketball game.",0.5346
D4Y3c5srV_k,D4Y3c5srV_k,7,"While two guys are playing basketball, one of the guys is hit in the head, causing him to fall to the ground.",0.5346
D4Y3c5srV_k,D4Y3c5srV_k,8,"While two guys are playing basketball, one of the guys is running on the court.",0.5346
D4Y3c5srV_k,D4Y3c5srV_k,9,One of the guys falls to the ground while two guys are playing basketball.,0.5346
D4Y3c5srV_k,D4Y3c5srV_k,10,One of the guys trips over a rock while the other two are playing basketball.,0.5346
D7iryXC-ThU,D7iryXC-ThU,1,"The video ends with the characters standing together, sharing a moment of unity.",0.4298
D7iryXC-ThU,D7iryXC-ThU,2,"By the end of the video, the person is shown in a relaxed posture with the cat comfortably nestled against them.",0.4298
D7iryXC-ThU,D7iryXC-ThU,3,"The video ends with a visual of the text ""The End.""",0.4298
D7iryXC-ThU,D7iryXC-ThU,4,The video ends with a calm and peaceful scene.,0.4298
D7iryXC-ThU,D7iryXC-ThU,5,The video ends with the clock striking midnight.,0.4298
D7iryXC-ThU,D7iryXC-ThU,6,"By the end of the video, the person successfully completes the task of making a cup of coffee.",0.4298
D7iryXC-ThU,D7iryXC-ThU,7,"The video ends with a serene view of a sunset over a body of water, with a few birds flying in the sky.",0.4298
D7iryXC-ThU,D7iryXC-ThU,8,"The video ends with a shot of a hand holding a piece of paper, suggesting a conclusion or an important message.",0.4298
D7iryXC-ThU,D7iryXC-ThU,9,"By the end of the video, the audience is left in suspense, wondering about the resolution to the story or the outcome of the situation depicted.",0.4298
D7iryXC-ThU,D7iryXC-ThU,10,"The video ends with the sun setting, casting a warm glow over the landscape.",0.4298
DA6QjibIUac,DA6QjibIUac,1,"The image you provided is a blank space with no text or additional context, so I cannot determine what happened after the kids ran down the street. If you have more information or a different image, please provide it.",0.7657
DA6QjibIUac,DA6QjibIUac,2,"The kids ran down the street and then encountered a puddle, which made them stop and splash.",0.7657
DA6QjibIUac,DA6QjibIUac,3,The kids ran down the street and then stopped to play a game.,0.7657
DA6QjibIUac,DA6QjibIUac,4,The image does not provide enough context to determine what happened after the kids ran down the street.,0.7657
DA6QjibIUac,DA6QjibIUac,5,"The kids ran down the street, and then it started to rain.",0.7657
DA6QjibIUac,DA6QjibIUac,6,"The image shows a blank screen, so there is no information about what happened after the kids ran down the street.",0.7657
DA6QjibIUac,DA6QjibIUac,7,"The kids ran down the street, but the image does not provide information about what happened after they ran down the street.",0.7657
DA6QjibIUac,DA6QjibIUac,8,"The kids ran down the street, but the image does not provide information about what happened after they ran down the street.",0.7657
DA6QjibIUac,DA6QjibIUac,9,"The kids ran down the street, but there is no further information provided about what happened after they did so.",0.7657
DA6QjibIUac,DA6QjibIUac,10,The image provided does not contain any information about kids running down a street or any subsequent events. It is a blank image with no discernible context.,0.7657
DarD_G6Hz4Q,DarD_G6Hz4Q,1,"By the end of the video, the person is seen making a face.",0.4084
DarD_G6Hz4Q,DarD_G6Hz4Q,2,"By the end of the video, the scene concludes with the character standing in a quiet, empty room.",0.4084
DarD_G6Hz4Q,DarD_G6Hz4Q,3,"The video ends with the character holding a glowing, mysterious object.",0.4084
DarD_G6Hz4Q,DarD_G6Hz4Q,4,"By the end of the video, the character is standing in the same location with their arms crossed, looking at the camera.",0.4084
DarD_G6Hz4Q,DarD_G6Hz4Q,5,The video ends with a close-up shot of a person holding a camera.,0.4084
DarD_G6Hz4Q,DarD_G6Hz4Q,6,"By the end of the video, the person has successfully completed the task of reaching the flower.",0.4084
DarD_G6Hz4Q,DarD_G6Hz4Q,7,"By the end of the video, the person is seen looking up at the sky with a smile on their face.",0.4084
DarD_G6Hz4Q,DarD_G6Hz4Q,8,The video ends with a calm and serene scene of a lake surrounded by trees.,0.4084
DarD_G6Hz4Q,DarD_G6Hz4Q,9,The video ends with the speaker concluding their point and leaving the audience with a final thought.,0.4084
DarD_G6Hz4Q,DarD_G6Hz4Q,10,The video ends with a peaceful scene of a sunset over a serene lake.,0.4084
DC4FE3hI67U,DC4FE3hI67U,1,A person is holding a red and white large sign near a car.,0.6443
DC4FE3hI67U,DC4FE3hI67U,2,"A person is holding a red and white large sign near a car, possibly directing or communicating something.",0.6443
DC4FE3hI67U,DC4FE3hI67U,3,"A person is standing next to a red and white large sign near a car, possibly directing traffic or providing information.",0.6443
DC4FE3hI67U,DC4FE3hI67U,4,"A person is standing near a car with a red and white large sign, possibly indicating a warning or hazard.",0.6443
DC4FE3hI67U,DC4FE3hI67U,5,"A person is standing near a car with a red and white large sign, possibly holding or gesturing towards it.",0.6443
DC4FE3hI67U,DC4FE3hI67U,6,The person is standing next to a car and holding a red and white large sign.,0.6443
DC4FE3hI67U,DC4FE3hI67U,7,"A person is standing near a car, holding a red and white large sign.",0.6443
DC4FE3hI67U,DC4FE3hI67U,8,"A person is holding a red and white large sign near a car, possibly for a protest or demonstration.",0.6443
DC4FE3hI67U,DC4FE3hI67U,9,"A person is standing near a car with a red and white large sign, which appears to be a warning or caution sign, possibly indicating a hazard or restricted area.",0.6443
DC4FE3hI67U,DC4FE3hI67U,10,"A person is holding a red and white large sign near a car, possibly directing traffic or signaling for assistance.",0.6443
Dc4pETr9vGA,Dc4pETr9vGA,1,"The man likely places the sock on the woman's foot, and the woman's feet will now be partially covered with the sock.",0.5029
Dc4pETr9vGA,Dc4pETr9vGA,2,"The man likely begins to put the sock on the woman's foot, which is already hanging in front of him.",0.5029
Dc4pETr9vGA,Dc4pETr9vGA,3,"The man likely helps the woman put the sock on her foot, ensuring it fits properly and is comfortable.",0.5029
Dc4pETr9vGA,Dc4pETr9vGA,4,"The man is seen putting a sock on the woman's foot, which is hanging in front of him, suggesting a playful or affectionate interaction.",0.5029
Dc4pETr9vGA,Dc4pETr9vGA,5,"The man likely puts the sock on his own foot, not the woman's, as the woman's feet are hanging in front of him.",0.5029
Dc4pETr9vGA,Dc4pETr9vGA,6,"The man is likely helping the woman put on her sock, a common gesture of assistance and care.",0.5029
Dc4pETr9vGA,Dc4pETr9vGA,7,"The man continues to sit on the floor, carefully placing the sock onto the woman's foot, demonstrating care and attention.",0.5029
Dc4pETr9vGA,Dc4pETr9vGA,8,"The man likely continues to put on the woman's sock while she remains seated with her feet hanging, creating a scene of care or assistance.",0.5029
Dc4pETr9vGA,Dc4pETr9vGA,9,"The man is likely putting the sock on the woman's foot, indicating a gesture of care or intimacy.",0.5029
Dc4pETr9vGA,Dc4pETr9vGA,10,"The man continues to put socks on the woman's feet, likely one at a time, as she remains seated with her feet in front of him.",0.5029
DJ18uzDCB9s,DJ18uzDCB9s,1,"The video aims to teach viewers the importance of perseverance and hard work, as demonstrated by the consistent effort put into the task despite initial challenges.",0.618
DJ18uzDCB9s,DJ18uzDCB9s,2,The video aims to convey the importance of perseverance and the value of persistence in overcoming challenges.,0.618
DJ18uzDCB9s,DJ18uzDCB9s,3,The video aims to convey the importance of curiosity and exploration in learning new things.,0.618
DJ18uzDCB9s,DJ18uzDCB9s,4,The video conveys the lesson of the importance of teamwork and communication in achieving common goals.,0.618
DJ18uzDCB9s,DJ18uzDCB9s,5,The video aims to teach the viewer about the importance of perseverance and the potential consequences of giving up.,0.618
DJ18uzDCB9s,DJ18uzDCB9s,6,The video conveys the lesson of the importance of maintaining a balanced diet to support health and well-being.,0.618
DJ18uzDCB9s,DJ18uzDCB9s,7,The video aims to convey the importance of teamwork and collaboration in achieving common goals.,0.618
DJ18uzDCB9s,DJ18uzDCB9s,8,The video conveys the importance of perseverance and the value of hard work in achieving success.,0.618
DJ18uzDCB9s,DJ18uzDCB9s,9,The video aims to convey the importance of perseverance and resilience in overcoming challenges.,0.618
DJ18uzDCB9s,DJ18uzDCB9s,10,The video aims to convey the importance of teamwork and collaboration in achieving common goals.,0.618
DMd-0BLyGhs,DMd-0BLyGhs,1,The man places the decanter in the refrigerator after filling it with blueberry juice.,0.6577
DMd-0BLyGhs,DMd-0BLyGhs,2,"After putting blueberry juice in a decanter, the man likely places it in the refrigerator to chill.",0.6577
DMd-0BLyGhs,DMd-0BLyGhs,3,"The man presumably proceeds to serve the blueberry juice, possibly by pouring it into glasses or a pitcher for others to enjoy.",0.6577
DMd-0BLyGhs,DMd-0BLyGhs,4,"After putting blueberry juice in a decanter, the man places the bottle of blueberry juice next to it.",0.6577
DMd-0BLyGhs,DMd-0BLyGhs,5,"The man likely proceeds to enjoy the blueberry juice, possibly by sipping it or using it in a recipe.",0.6577
DMd-0BLyGhs,DMd-0BLyGhs,6,The man proceeds to pour the blueberry juice from the decanter into a glass.,0.6577
DMd-0BLyGhs,DMd-0BLyGhs,7,"After putting blueberry juice in a decanter, the man proceeds to pour it into a glass.",0.6577
DMd-0BLyGhs,DMd-0BLyGhs,8,The man places the decanter on the table.,0.6577
DMd-0BLyGhs,DMd-0BLyGhs,9,The man pours the blueberry juice into a glass.,0.6577
DMd-0BLyGhs,DMd-0BLyGhs,10,The man places the decanter of blueberry juice on the table after filling it.,0.6577
DOm8sdnXqz4,DOm8sdnXqz4,1,"After the man lays on his girlfriend's stomach, they both sit up and look at each other with smiles.",0.5652
DOm8sdnXqz4,DOm8sdnXqz4,2,The image does not provide enough context to determine what happens next.,0.5652
DOm8sdnXqz4,DOm8sdnXqz4,3,"The man is seen sitting up on the bed, indicating he has finished laying on his girlfriend's stomach.",0.5652
DOm8sdnXqz4,DOm8sdnXqz4,4,"The man likely experiences a sense of comfort and intimacy as he rests on his girlfriend's stomach, possibly engaging in a playful or affectionate moment.",0.5652
DOm8sdnXqz4,DOm8sdnXqz4,5,"The man continues to lay on his girlfriend's stomach, possibly engaging in a playful or affectionate moment.",0.5652
DOm8sdnXqz4,DOm8sdnXqz4,6,"The image appears to be a still from a movie or show where a man is lying on his girlfriend's stomach, and the scene likely progresses to a comedic or dramatic situation, as is common in such scenarios.",0.5652
DOm8sdnXqz4,DOm8sdnXqz4,7,"The image shows a man lying on his girlfriend's stomach, suggesting a moment of affection or intimacy.",0.5652
DOm8sdnXqz4,DOm8sdnXqz4,8,"The man likely engages in a playful or affectionate interaction with his girlfriend, possibly rolling or adjusting positions, as part of a shared, intimate moment.",0.5652
DOm8sdnXqz4,DOm8sdnXqz4,9,"The man eventually sits up, possibly feeling the baby's movements as the woman continues to lay on her stomach.",0.5652
DOm8sdnXqz4,DOm8sdnXqz4,10,"The man is likely to be feeling comfortable and relaxed, enjoying a moment of intimacy with his girlfriend.",0.5652
DXrUFbDQ0Os,DXrUFbDQ0Os,1,"The cats are sitting on a bed, with one looking directly at the camera and the other looking to the side.",0.6649
DXrUFbDQ0Os,DXrUFbDQ0Os,2,"In the video, the cats are playfully interacting with each other, with one cat jumping up to engage with the other, showcasing their agility and playful behavior.",0.6649
DXrUFbDQ0Os,DXrUFbDQ0Os,3,The cats are resting and appearing relaxed in the video.,0.6649
DXrUFbDQ0Os,DXrUFbDQ0Os,4,Cats are sitting on a couch in the video.,0.6649
DXrUFbDQ0Os,DXrUFbDQ0Os,5,"The video shows a cat sitting on a windowsill, gazing out of the window.",0.6649
DXrUFbDQ0Os,DXrUFbDQ0Os,6,"In the video, the cats are playfully interacting with each other, with one appearing to chase the other, and they are both in a room with a red chair and a white wall in the background.",0.6649
DXrUFbDQ0Os,DXrUFbDQ0Os,7,"Cats are exploring and interacting with their environment, showcasing curiosity and playfulness.",0.6649
DXrUFbDQ0Os,DXrUFbDQ0Os,8,"The cat is lying on the floor with its eyes closed, appearing to be resting or sleeping.",0.6649
DXrUFbDQ0Os,DXrUFbDQ0Os,9,"In the video, the cat is sitting on a windowsill, looking out.",0.6649
DXrUFbDQ0Os,DXrUFbDQ0Os,10,Cats are playing with a toy in the video.,0.6649
D_HTq7IiSPo,D_HTq7IiSPo,1,The image does not provide enough information to determine why the man wasn't sitting at the table with the other three people.,0.485
D_HTq7IiSPo,D_HTq7IiSPo,2,"The man wasn't sitting at the table with the other three people because he was standing, possibly to get something or to have a conversation.",0.485
D_HTq7IiSPo,D_HTq7IiSPo,3,"The man wasn't sitting at the table with the other three people because the image only shows the back of his head, indicating he is not facing the table or the other individuals.",0.485
D_HTq7IiSPo,D_HTq7IiSPo,4,The man wasn't sitting at the table with the other three people because he was not present in the scene.,0.485
D_HTq7IiSPo,D_HTq7IiSPo,5,"The man wasn't sitting at the table with the other three people because he was not present in the scene, as indicated by the blank space where he should be seated.",0.485
D_HTq7IiSPo,D_HTq7IiSPo,6,The man was not sitting at the table with the other three people because he was standing and possibly engaged in a different activity or conversation.,0.485
D_HTq7IiSPo,D_HTq7IiSPo,7,"The man was not sitting at the table with the other three people because the image only shows four people, and the man is not present at the table.",0.485
D_HTq7IiSPo,D_HTq7IiSPo,8,"The image is too small to discern any details, so I cannot provide a specific reason why the man wasn't sitting at the table with the other three people.",0.485
D_HTq7IiSPo,D_HTq7IiSPo,9,The man wasn't sitting at the table with the other three people because he was standing and looking at something on the table.,0.485
D_HTq7IiSPo,D_HTq7IiSPo,10,"The man wasn't sitting at the table with the other three people because he was alone, as indicated by the solitary figure standing beside the table.",0.485
E0diSOsIyKg,E0diSOsIyKg,1,The last ingredient recommended by the speaker is salt.,0.9592
E0diSOsIyKg,E0diSOsIyKg,2,The last ingredient recommended by the speaker is a teaspoon of ground cumin.,0.9592
E0diSOsIyKg,E0diSOsIyKg,3,The last ingredient recommended by the speaker is olive oil.,0.9592
E0diSOsIyKg,E0diSOsIyKg,4,The last ingredient recommended by the speaker is a pinch of salt.,0.9592
E0diSOsIyKg,E0diSOsIyKg,5,The last ingredient recommended by the speaker is a cup of warm water.,0.9592
E0diSOsIyKg,E0diSOsIyKg,6,The last ingredient recommended by the speaker is sea salt.,0.9592
E0diSOsIyKg,E0diSOsIyKg,7,The last ingredient recommended by the speaker is a 1/4 teaspoon of ground cardamom.,0.9592
E0diSOsIyKg,E0diSOsIyKg,8,The last ingredient recommended by the speaker is a pinch of salt.,0.9592
E0diSOsIyKg,E0diSOsIyKg,9,The last ingredient recommended by the speaker is a pinch of salt.,0.9592
E0diSOsIyKg,E0diSOsIyKg,10,The last ingredient recommended by the speaker is not provided in the image.,0.9592
E0f7GRttANw,E0f7GRttANw,1,"When Spider-Man pulls on the sword, it is likely that he will be able to use it to swing through the city, much like his web-slinging abilities.",0.7135
E0f7GRttANw,E0f7GRttANw,2,"When Spider-Man pulls on the sword, it activates his web-shooting abilities, allowing him to shoot webs from his wrists.",0.7135
E0f7GRttANw,E0f7GRttANw,3,"When Spider-Man pulls on the sword, it extends and transforms into a more powerful weapon, granting him enhanced abilities.",0.7135
E0f7GRttANw,E0f7GRttANw,4,"When Spider-Man pulls on the sword, it releases a web that he uses to swing through the city.",0.7135
E0f7GRttANw,E0f7GRttANw,5,"When Spider-Man pulls on the sword, it likely transforms or activates, as it appears to be a mystical or magical object, possibly granting him additional abilities or powers.",0.7135
E0f7GRttANw,E0f7GRttANw,6,"When Spider-Man pulls on the sword, it is likely to be used as a tool or weapon, possibly to combat enemies or defend himself.",0.7135
E0f7GRttANw,E0f7GRttANw,7,"When Spider-Man pulls on the sword, it likely activates a mechanism, allowing him to access or use the sword's powers or abilities.",0.7135
E0f7GRttANw,E0f7GRttANw,8,"When Spider-Man pulls on the sword, it releases a web that can be used to swing or attach to surfaces.",0.7135
E0f7GRttANw,E0f7GRttANw,9,"When Spider-Man pulls on the sword, it seems to activate or transform, suggesting a potential change in his abilities or the weapon's power.",0.7135
E0f7GRttANw,E0f7GRttANw,10,"When Spider-Man pulls on the sword, it is revealed that it is actually a web-slinging tool that extends into a web-shooters.",0.7135
E13zxG7hkdE,E13zxG7hkdE,1,"After the woman pulls the trigger, the gun fires, releasing a bullet.",0.5444
E13zxG7hkdE,E13zxG7hkdE,2,"After the woman pulls the trigger, the gun fires and potentially releases a bullet.",0.5444
E13zxG7hkdE,E13zxG7hkdE,3,"After the woman pulls the trigger, a bullet is discharged, and the gun recoils.",0.5444
E13zxG7hkdE,E13zxG7hkdE,4,"After the woman pulls the trigger, a bullet is fired from the gun.",0.5444
E13zxG7hkdE,E13zxG7hkdE,5,"After the woman pulls the trigger, the bullet is released, traveling at high speed towards the target.",0.5444
E13zxG7hkdE,E13zxG7hkdE,6,"After the woman pulls the trigger, the gun fires, releasing a bullet.",0.5444
E13zxG7hkdE,E13zxG7hkdE,7,"After the woman pulls the trigger, the gun fires, potentially releasing a bullet.",0.5444
E13zxG7hkdE,E13zxG7hkdE,8,"After the woman pulls the trigger, the gun fires, discharging the bullet.",0.5444
E13zxG7hkdE,E13zxG7hkdE,9,"After the woman pulls the trigger, the gun fires and releases a bullet.",0.5444
E13zxG7hkdE,E13zxG7hkdE,10,"After the woman pulls the trigger, the bullet is fired, and the gun is discharged.",0.5444
E21rrcZ86KM,E21rrcZ86KM,1,"No, the man's face is not visible while the game is being played.",0.4846
E21rrcZ86KM,E21rrcZ86KM,2,"No, the man's face is not visible while the game is being played.",0.4846
E21rrcZ86KM,E21rrcZ86KM,3,"No, the man's face is not visible while the game is being played.",0.4846
E21rrcZ86KM,E21rrcZ86KM,4,"No, the man's face is not visible while the game is being played.",0.4846
E21rrcZ86KM,E21rrcZ86KM,5,"No, the man's face is not visible in the image.",0.4846
E21rrcZ86KM,E21rrcZ86KM,6,"No, the man's face is not visible while the game is being played.",0.4846
E21rrcZ86KM,E21rrcZ86KM,7,"No, the man's face is not visible while the game is being played.",0.4846
E21rrcZ86KM,E21rrcZ86KM,8,"No, the man's face is not visible while the game is being played.",0.4846
E21rrcZ86KM,E21rrcZ86KM,9,"No, the man's face is not visible while the game is being played.",0.4846
E21rrcZ86KM,E21rrcZ86KM,10,"No, the man's face is not visible while the game is being played.",0.4846
E3hGqRv4_K8,E3hGqRv4_K8,1,The image shows a bottle of Coca-Cola being poured down the sink.,0.3746
E3hGqRv4_K8,E3hGqRv4_K8,2,The image does not provide enough information to determine the brand of soda that was poured down the sink.,0.3746
E3hGqRv4_K8,E3hGqRv4_K8,3,The image shows a can of Coca-Cola being poured down the sink.,0.3746
E3hGqRv4_K8,E3hGqRv4_K8,4,Coca-Cola was poured down the sink.,0.3746
E3hGqRv4_K8,E3hGqRv4_K8,5,The image does not provide enough information to determine the brand of soda that was poured down the sink.,0.3746
E3hGqRv4_K8,E3hGqRv4_K8,6,The image does not provide enough information to determine the brand of soda that was poured down the sink.,0.3746
E3hGqRv4_K8,E3hGqRv4_K8,7,The image does not provide enough information to determine the brand of soda that was poured down the sink.,0.3746
E3hGqRv4_K8,E3hGqRv4_K8,8,The image does not provide enough information to determine the brand of soda that was poured down the sink.,0.3746
E3hGqRv4_K8,E3hGqRv4_K8,9,The image does not provide enough information to determine the brand of soda that was poured down the sink.,0.3746
E3hGqRv4_K8,E3hGqRv4_K8,10,The image shows a can of Diet Coke being poured down the sink.,0.3746
EEfGBodc_OU,EEfGBodc_OU,1,The dog jumps when it sees the ball.,0.6025
EEfGBodc_OU,EEfGBodc_OU,2,The dog jumps in the middle of the image.,0.6025
EEfGBodc_OU,EEfGBodc_OU,3,The dog jumps in the middle of the picture.,0.6025
EEfGBodc_OU,EEfGBodc_OU,4,"The dog jumps when the ball is thrown, typically in response to the action.",0.6025
EEfGBodc_OU,EEfGBodc_OU,5,The dog jumps in the middle of the image.,0.6025
EEfGBodc_OU,EEfGBodc_OU,6,The dog jumps in the middle of the image.,0.6025
EEfGBodc_OU,EEfGBodc_OU,7,The dog jumps in the middle of the image.,0.6025
EEfGBodc_OU,EEfGBodc_OU,8,The dog jumps when it hears a loud noise.,0.6025
EEfGBodc_OU,EEfGBodc_OU,9,The dog jumps in the middle of the image.,0.6025
EEfGBodc_OU,EEfGBodc_OU,10,The dog jumps in the middle of the picture.,0.6025
EgChb22PyHg,EgChb22PyHg,1,"The lady is likely vacuuming her car seats after sitting on them to remove any dirt, debris, or allergens that may have been left behind from her clothing or personal items.",0.832
EgChb22PyHg,EgChb22PyHg,2,"The lady is vacuuming her car seats to remove dirt and debris that may have accumulated while sitting on them, ensuring the car's interior remains clean and hygienic.",0.832
EgChb22PyHg,EgChb22PyHg,3,"The lady is likely vacuuming her car seats after sitting on it to clean up any dirt, debris, or crumbs that may have fallen onto the seats while she was sitting, ensuring the car interior remains hygienic and tidy.",0.832
EgChb22PyHg,EgChb22PyHg,4,"The lady is likely vacuuming her car seats to clean any dirt, debris, or stains that may have accumulated, especially if she has been sitting on the car seats without removing her shoes or if she has spilled something on the seats.",0.832
EgChb22PyHg,EgChb22PyHg,5,"The lady is vacuuming her car seats to clean them after sitting on it, likely to remove any dirt, debris, or allergens that may have accumulated, ensuring a hygienic and comfortable environment for future use.",0.832
EgChb22PyHg,EgChb22PyHg,6,"The lady is vacuuming her car seats to remove any dirt, debris, or stains that may have accumulated from sitting on them, ensuring they remain clean and hygienic for future use.",0.832
EgChb22PyHg,EgChb22PyHg,7,"The lady is vacuuming her car seats to remove dirt, dust, and debris that may have been transferred from her clothing, ensuring a cleaner and healthier environment for her to sit in.",0.832
EgChb22PyHg,EgChb22PyHg,8,"The lady is vacuuming her car seats to clean them after sitting on them, likely to remove any dirt, debris, or stains that may have accumulated during use.",0.832
EgChb22PyHg,EgChb22PyHg,9,"The lady is vacuuming her car seats after sitting on them to remove any dirt, debris, or dust that may have been left behind, ensuring the cleanliness of the car interior.",0.832
EgChb22PyHg,EgChb22PyHg,10,"The lady is vacuuming her car seats after sitting on it to remove dirt and debris, ensuring the seats remain clean and hygienic.",0.832
EHJyRw9PDVk,EHJyRw9PDVk,1,The image does not provide enough context to determine if the stewardess successfully closes the door safely.,0.7954
EHJyRw9PDVk,EHJyRw9PDVk,2,The image provided does not contain enough information to determine if the stewardess is closing the door safely.,0.7954
EHJyRw9PDVk,EHJyRw9PDVk,3,The image does not provide enough context to determine if the stewardess is closing the door safely.,0.7954
EHJyRw9PDVk,EHJyRw9PDVk,4,The image does not provide enough context to determine if the stewardess successfully closes the door safely.,0.7954
EHJyRw9PDVk,EHJyRw9PDVk,5,The image does not provide enough information to determine if the stewardess closes the new door safely.,0.7954
EHJyRw9PDVk,EHJyRw9PDVk,6,The image provided does not contain enough information to determine if the stewardess gets the new door closed safely.,0.7954
EHJyRw9PDVk,EHJyRw9PDVk,7,"The image provided does not contain any information about a stewardess or a door, so it is not possible to determine if the stewardess gets a door closed safely.",0.7954
EHJyRw9PDVk,EHJyRw9PDVk,8,"The image appears to be a question, but it is not clear what the question is asking. If the question is about a stewardess closing a door safely, the answer would depend on the context of the situation.",0.7954
EHJyRw9PDVk,EHJyRw9PDVk,9,The image does not provide enough context to determine if the stewardess successfully closes the door safely.,0.7954
EHJyRw9PDVk,EHJyRw9PDVk,10,"The image appears to be a question mark, which does not provide enough information to answer the question.",0.7954
EM5PHPF5TyY,EM5PHPF5TyY,1,"The woman is likely getting the waist of her skirt tightened to ensure it fits properly and comfortably, possibly for a specific event or to adjust for personal comfort.",0.795
EM5PHPF5TyY,EM5PHPF5TyY,2,The woman is getting the waist of her skirt tightened to ensure a better fit and to prevent it from being too loose.,0.795
EM5PHPF5TyY,EM5PHPF5TyY,3,"The woman is getting the waist of her skirt tightened to ensure it fits properly and comfortably, which can be done for various reasons such as comfort, fashion, or to correct a loose fit.",0.795
EM5PHPF5TyY,EM5PHPF5TyY,4,"The woman is likely getting the waist of her skirt tightened to ensure a proper fit, which can improve comfort and appearance, or to adjust it after alterations or to correct a sizing issue.",0.795
EM5PHPF5TyY,EM5PHPF5TyY,5,"The woman is getting the waist of her skirt tightened likely to ensure a proper fit, which can be important for comfort and to prevent the skirt from slipping down.",0.795
EM5PHPF5TyY,EM5PHPF5TyY,6,"The woman is likely getting her waist of her skirt tightened to ensure it fits properly and comfortably, which can also help maintain the shape and style of the garment.",0.795
EM5PHPF5TyY,EM5PHPF5TyY,7,"The woman is likely getting her skirt's waist tightened to ensure a proper fit, which could be due to the skirt becoming loose or for personal style preferences.",0.795
EM5PHPF5TyY,EM5PHPF5TyY,8,"The woman is getting the waist of her skirt tightened likely to ensure it fits properly and comfortably, adjusting to her waist size for a better fit.",0.795
EM5PHPF5TyY,EM5PHPF5TyY,9,The woman is likely getting the waist of her skirt tightened to fit it better or to ensure it is secure and comfortable for her.,0.795
EM5PHPF5TyY,EM5PHPF5TyY,10,The woman is getting the waist of her skirt tightened to ensure it fits properly and is secure.,0.795
Em8AwLDkiJc,Em8AwLDkiJc,1,"The video appears to be a placeholder or a blank screen, possibly indicating that the content is not yet available or has not been uploaded.",0.8751
Em8AwLDkiJc,Em8AwLDkiJc,2,"The video appears to be a brief segment that might be part of a larger presentation or lecture, possibly discussing a topic related to the content shown in the thumbnail, which seems to involve a scientific or technical diagram.",0.8751
Em8AwLDkiJc,Em8AwLDkiJc,3,"The video appears to be about a person playing a game or performing an action, as indicated by the hands and object in the frame.",0.8751
Em8AwLDkiJc,Em8AwLDkiJc,4,"The video appears to be a simple animation or a placeholder image with a black background and a white circle in the center, which might represent a loading screen or a static image in a video.",0.8751
Em8AwLDkiJc,Em8AwLDkiJc,5,The video is about a person sitting on a couch and holding a piece of paper.,0.8751
Em8AwLDkiJc,Em8AwLDkiJc,6,"The video appears to be about a musical performance, likely featuring a string instrument, given the title ""Violin"" and the blurred image of a musician.",0.8751
Em8AwLDkiJc,Em8AwLDkiJc,7,The video is about a person demonstrating or explaining a concept or product using a marker on a whiteboard.,0.8751
Em8AwLDkiJc,Em8AwLDkiJc,8,"The video is about a person performing a task or activity, possibly related to technology or electronics, as suggested by the context clues.",0.8751
Em8AwLDkiJc,Em8AwLDkiJc,9,"The video is about a person holding a black object with a white label, which appears to be a product or a tool.",0.8751
Em8AwLDkiJc,Em8AwLDkiJc,10,"The video appears to be about a character wearing a costume, possibly for a costume party or event, with a focus on the costume and the individual's interaction with it.",0.8751
EMI_anpHII4,EMI_anpHII4,1,"The hand is making a gesture that could be interpreted as a peace sign or a ""V"" sign.",0.4811
EMI_anpHII4,EMI_anpHII4,2,The hand is making a peace sign.,0.4811
EMI_anpHII4,EMI_anpHII4,3,"The hand is making a gesture that typically signifies the letter ""V"" or victory, often used to express positivity, triumph, or peace.",0.4811
EMI_anpHII4,EMI_anpHII4,4,The hand is making a gesture that could be interpreted as a peace sign.,0.4811
EMI_anpHII4,EMI_anpHII4,5,The hand is making a peace sign.,0.4811
EMI_anpHII4,EMI_anpHII4,6,"The hand is making a gesture, possibly indicating a specific sign or symbol.",0.4811
EMI_anpHII4,EMI_anpHII4,7,The hand in the image makes a peace sign.,0.4811
EMI_anpHII4,EMI_anpHII4,8,The hand makes a peace sign.,0.4811
EMI_anpHII4,EMI_anpHII4,9,The hand is making a peace sign.,0.4811
EMI_anpHII4,EMI_anpHII4,10,The hand is making a gesture that resembles a peace sign.,0.4811
EmOrZ-Q_nDk,EmOrZ-Q_nDk,1,The man's hand is visible in the second frame of the sequence.,0.3914
EmOrZ-Q_nDk,EmOrZ-Q_nDk,2,The man's hand is visible in the image.,0.3914
EmOrZ-Q_nDk,EmOrZ-Q_nDk,3,The man's hand is visible in the image when he is holding a camera.,0.3914
EmOrZ-Q_nDk,EmOrZ-Q_nDk,4,The man's hand is visible in the image when he is holding the camera.,0.3914
EmOrZ-Q_nDk,EmOrZ-Q_nDk,5,The man's hand is visible in the middle of the image.,0.3914
EmOrZ-Q_nDk,EmOrZ-Q_nDk,6,The man's hand is visible in the image when he is holding the object.,0.3914
EmOrZ-Q_nDk,EmOrZ-Q_nDk,7,The man's hand is visible in the image when he is gesturing or interacting with the camera.,0.3914
EmOrZ-Q_nDk,EmOrZ-Q_nDk,8,The man's hand is visible when he is holding the cup in his right hand.,0.3914
EmOrZ-Q_nDk,EmOrZ-Q_nDk,9,The man's hand is visible when he is holding the phone in his right hand.,0.3914
EmOrZ-Q_nDk,EmOrZ-Q_nDk,10,The man's hand is visible when he is holding the phone.,0.3914
EOLgGCKwo4w,EOLgGCKwo4w,1,A large hole on the side of a mountain contained a mysterious artifact.,0.539
EOLgGCKwo4w,EOLgGCKwo4w,2,A large rock was discovered in a hole on the side of a mountain.,0.539
EOLgGCKwo4w,EOLgGCKwo4w,3,A large rock was found on the side of a mountain in a large hole.,0.539
EOLgGCKwo4w,EOLgGCKwo4w,4,A skull was discovered inside a large hole on the side of a mountain.,0.539
EOLgGCKwo4w,EOLgGCKwo4w,5,A large boulder was discovered inside a deep hole on the side of a mountain.,0.539
EOLgGCKwo4w,EOLgGCKwo4w,6,A large hole in the side of a mountain was found to contain a fossilized dinosaur skeleton.,0.539
EOLgGCKwo4w,EOLgGCKwo4w,7,A large piece of wood was found on the side of a mountain in a large hole.,0.539
EOLgGCKwo4w,EOLgGCKwo4w,8,"A large, ancient artifact was discovered in a deep hole on the side of a mountain.",0.539
EOLgGCKwo4w,EOLgGCKwo4w,9,A large number of ancient artifacts was discovered inside a deep crevice on the side of a mountain.,0.539
EOLgGCKwo4w,EOLgGCKwo4w,10,"The image appears to show a large hole in the side of a mountain, but there is no visible content or object inside the hole to describe.",0.539
EQe8l1qXDjU,EQe8l1qXDjU,1,The guy's look is distinguished by his unique hairstyle and the way he's dressed in a patterned shirt.,0.588
EQe8l1qXDjU,EQe8l1qXDjU,2,"The person in the picture has a distinct look characterized by their bald head, short beard, and casual attire.",0.588
EQe8l1qXDjU,EQe8l1qXDjU,3,"The man in the picture has a distinctive look with his short, neatly combed hair and a focused expression.",0.588
EQe8l1qXDjU,EQe8l1qXDjU,4,"The guy in the picture is wearing a white shirt and a black tie, which gives him a formal and distinguished appearance.",0.588
EQe8l1qXDjU,EQe8l1qXDjU,5,"The guy's look is distinguished by his casual attire, including a light-colored shirt and dark pants, along with a casual hairstyle and a relaxed demeanor.",0.588
EQe8l1qXDjU,EQe8l1qXDjU,6,"This guy's look is distinguished by his unique hairstyle, which is styled into a distinct pattern.",0.588
EQe8l1qXDjU,EQe8l1qXDjU,7,"The person in the image is wearing a green jacket with a high collar, which stands out due to its unique color and style.",0.588
EQe8l1qXDjU,EQe8l1qXDjU,8,"The guy's look is distinguished by his white shirt, dark hair, and casual attire, including a jacket and jeans.",0.588
EQe8l1qXDjU,EQe8l1qXDjU,9,"This guy's look is distinguished by his unique hairstyle, a distinctive mustache, and a relaxed, casual outfit.",0.588
EQe8l1qXDjU,EQe8l1qXDjU,10,"The individual in the image is wearing a hat, a long-sleeved shirt, and has a beard, which contributes to their distinctive appearance.",0.588
ErY8-ZYQzAI,ErY8-ZYQzAI,1,"When there is a power shortage in a major city and the traffic lights are out, vehicles often rely on the right-of-way rules and common courtesy to navigate the streets, leading to potential congestion and an increased risk of accidents.",0.9943
ErY8-ZYQzAI,ErY8-ZYQzAI,2,"When traffic lights are out due to a power shortage in a major city, drivers and pedestrians are often forced to rely on manual traffic control, potentially leading to increased congestion and accidents.",0.9943
ErY8-ZYQzAI,ErY8-ZYQzAI,3,"When there is a power shortage in a major city and the traffic lights are out, vehicles and pedestrians face challenges in navigating through intersections safely, leading to increased congestion and potential accidents.",0.9943
ErY8-ZYQzAI,ErY8-ZYQzAI,4,"When there is a power shortage in a major city and the traffic lights are out, traffic congestion typically increases as drivers have to rely on manual signals or stop-and-go patterns, which can lead to slower traffic flow and potential accidents.",0.9943
ErY8-ZYQzAI,ErY8-ZYQzAI,5,"When there is a power shortage in a major city and the traffic lights are out, traffic congestion and accidents can increase as drivers must rely on other forms of traffic control and slower, more cautious driving to navigate through intersections.",0.9943
ErY8-ZYQzAI,ErY8-ZYQzAI,6,"When there is a power shortage in a major city and the traffic lights are out, vehicles and pedestrians may have to rely on traffic signals or stop signs to navigate safely, potentially leading to increased traffic congestion and accidents.",0.9943
ErY8-ZYQzAI,ErY8-ZYQzAI,7,"When power is out in a major city, traffic lights are inoperable, leading to disorganized traffic flow and potential gridlock, as drivers and pedestrians rely on visual cues from the lights.",0.9943
ErY8-ZYQzAI,ErY8-ZYQzAI,8,"When there is a power shortage in a major city and the traffic lights are out, vehicles and pedestrians face significant challenges in navigating the roads, leading to potential traffic congestion, increased risks of accidents, and disruptions in daily commuting and activities.",0.9943
ErY8-ZYQzAI,ErY8-ZYQzAI,9,"When there is a power shortage in a major city and the traffic lights are out, vehicles and pedestrians are often left to navigate roads without the usual guidance of traffic lights, potentially leading to increased traffic congestion and higher risks of accidents.",0.9943
ErY8-ZYQzAI,ErY8-ZYQzAI,10,"When traffic lights are out due to a power shortage in a major city, drivers and pedestrians must rely on alternative navigation methods such as signs, signals from other drivers, and personal judgment to manage traffic flow and ensure safety on the roads.",0.9943
EtNOkUJd5w8,EtNOkUJd5w8,1,The man likely arranged or sorted the little orange balls before putting them in the basket.,0.5089
EtNOkUJd5w8,EtNOkUJd5w8,2,The man was playing a game where he was putting little orange balls into a basket.,0.5089
EtNOkUJd5w8,EtNOkUJd5w8,3,The man likely cleaned the basket and arranged it before putting the little orange balls in it.,0.5089
EtNOkUJd5w8,EtNOkUJd5w8,4,The man was likely preparing the basket for the game of Bocce before putting the little orange balls in it.,0.5089
EtNOkUJd5w8,EtNOkUJd5w8,5,The man was likely arranging or inspecting the little orange balls before he placed them into the basket.,0.5089
EtNOkUJd5w8,EtNOkUJd5w8,6,The man was sorting through a pile of mixed items before he placed the little orange balls into the basket.,0.5089
EtNOkUJd5w8,EtNOkUJd5w8,7,The man was seen picking up a basket and then proceeded to place small orange balls into it.,0.5089
EtNOkUJd5w8,EtNOkUJd5w8,8,The man was likely preparing to play a game or activity involving the little orange balls.,0.5089
EtNOkUJd5w8,EtNOkUJd5w8,9,The man was placing small orange balls into a basket.,0.5089
EtNOkUJd5w8,EtNOkUJd5w8,10,The man was setting up the scene by placing the little orange balls in the basket.,0.5089
EWLcSgJT6ZU,EWLcSgJT6ZU,1,The big fish eats the little fish.,0.4016
EWLcSgJT6ZU,EWLcSgJT6ZU,2,"The big fish typically eats the little fish, as it is a natural part of the food chain in many aquatic ecosystems.",0.4016
EWLcSgJT6ZU,EWLcSgJT6ZU,3,"The big fish typically eats the little fish, as this is a natural part of the food chain in many aquatic ecosystems.",0.4016
EWLcSgJT6ZU,EWLcSgJT6ZU,4,The big fish eats the little fish.,0.4016
EWLcSgJT6ZU,EWLcSgJT6ZU,5,The big fish eats the little fish.,0.4016
EWLcSgJT6ZU,EWLcSgJT6ZU,6,The big fish eats the little fish.,0.4016
EWLcSgJT6ZU,EWLcSgJT6ZU,7,The big fish eats the little fish.,0.4016
EWLcSgJT6ZU,EWLcSgJT6ZU,8,The big fish typically consumes the little fish.,0.4016
EWLcSgJT6ZU,EWLcSgJT6ZU,9,The big fish consumes the little fish.,0.4016
EWLcSgJT6ZU,EWLcSgJT6ZU,10,The big fish eats the little fish.,0.4016
Exf6rtBYbHc,Exf6rtBYbHc,1,The watermelon is stored in the refrigerator to keep it fresh and cool.,0.5588
Exf6rtBYbHc,Exf6rtBYbHc,2,The watermelon in the refrigerator becomes cooler.,0.5588
Exf6rtBYbHc,Exf6rtBYbHc,3,The watermelon becomes cooler and firmer when stored in the refrigerator.,0.5588
Exf6rtBYbHc,Exf6rtBYbHc,4,The watermelon in the refrigerator is kept cool and fresh.,0.5588
Exf6rtBYbHc,Exf6rtBYbHc,5,"The watermelon in the refrigerator is likely to cool down and become less ripe, as refrigeration slows down the ripening process.",0.5588
Exf6rtBYbHc,Exf6rtBYbHc,6,The watermelon is cooled down by the refrigerator.,0.5588
Exf6rtBYbHc,Exf6rtBYbHc,7,The watermelon in the refrigerator becomes cooler and softer.,0.5588
Exf6rtBYbHc,Exf6rtBYbHc,8,The watermelon is likely to chill and become cooler when placed in the refrigerator.,0.5588
Exf6rtBYbHc,Exf6rtBYbHc,9,The watermelon in the refrigerator becomes cooler.,0.5588
Exf6rtBYbHc,Exf6rtBYbHc,10,The watermelon in the refrigerator will become cooler.,0.5588
EXyKi67lE74,EXyKi67lE74,1,"The video ends with a static image of the text ""THE END"".",0.5603
EXyKi67lE74,EXyKi67lE74,2,The video ends with a visual of the ocean waves crashing against the shore.,0.5603
EXyKi67lE74,EXyKi67lE74,3,The video ends with a fade to black.,0.5603
EXyKi67lE74,EXyKi67lE74,4,"The video ends with a static shot of the sky, signaling the conclusion of the content.",0.5603
EXyKi67lE74,EXyKi67lE74,5,The video ends with a white screen.,0.5603
EXyKi67lE74,EXyKi67lE74,6,The video ends with a close-up shot of a hand holding a piece of paper.,0.5603
EXyKi67lE74,EXyKi67lE74,7,The video ends with a static frame showing a black screen.,0.5603
EXyKi67lE74,EXyKi67lE74,8,The video ends with a static shot of the screen.,0.5603
EXyKi67lE74,EXyKi67lE74,9,The video ends with the screen turning completely black.,0.5603
EXyKi67lE74,EXyKi67lE74,10,"The video ends with a question mark, indicating uncertainty or the need for further information.",0.5603
EYZnLuU5XCE,EYZnLuU5XCE,1,"The common thread among the pictures is the depiction of young people in casual, relaxed poses, suggesting a theme of youth and informal settings.",0.5496
EYZnLuU5XCE,EYZnLuU5XCE,2,"The common thread in the series of pictures of young people in casual poses is their relaxed and informal demeanor, suggesting a theme of youthfulness and spontaneity.",0.5496
EYZnLuU5XCE,EYZnLuU5XCE,3,"The common thread in the series of pictures is that they all depict young people in casual, relaxed poses, suggesting a theme of youthfulness and informal settings.",0.5496
EYZnLuU5XCE,EYZnLuU5XCE,4,"Yes, the common thread in the series of pictures is the casual and relaxed poses of young people, suggesting a theme of youth and informality.",0.5496
EYZnLuU5XCE,EYZnLuU5XCE,5,"The common thread in the series of pictures is the casual and relaxed poses of the young people, suggesting a theme of youth and leisure.",0.5496
EYZnLuU5XCE,EYZnLuU5XCE,6,The common thread in the series of pictures of young people in casual poses is the theme of youth and informal settings.,0.5496
EYZnLuU5XCE,EYZnLuU5XCE,7,The common thread in the series of pictures is that they all depict young people in casual poses.,0.5496
EYZnLuU5XCE,EYZnLuU5XCE,8,"The common thread among the pictures of young people in casual poses appears to be a focus on youth and leisure, capturing candid and informal moments of individuals in relaxed settings.",0.5496
EYZnLuU5XCE,EYZnLuU5XCE,9,"The series of pictures of young people in casual poses likely share a theme of youthfulness, informality, and possibly a focus on lifestyle or social settings.",0.5496
EYZnLuU5XCE,EYZnLuU5XCE,10,"The common thread in the series of pictures is the casual and relaxed poses of young people, suggesting a theme of youthfulness and informality.",0.5496
EZMT3xxIGt8,EZMT3xxIGt8,1,"The image appears to be a blank or incomplete question, making it impossible to determine the answer without additional context.",0.7621
EZMT3xxIGt8,EZMT3xxIGt8,2,"The image does not provide enough context to determine whether the statement about paying $20,000 is true or false.",0.7621
EZMT3xxIGt8,EZMT3xxIGt8,3,"No, the image appears to be a blank screen, so there is no information provided about any payment.",0.7621
EZMT3xxIGt8,EZMT3xxIGt8,4,"The question appears incomplete, but based on the given information, it suggests a scenario where someone might have paid $20,000, though the context or the specific situation is not provided.",0.7621
EZMT3xxIGt8,EZMT3xxIGt8,5,"The image does not provide enough information to confirm whether he paid $20,000 or not.",0.7621
EZMT3xxIGt8,EZMT3xxIGt8,6,"The image does not provide enough information to determine if he paid $20,000.",0.7621
EZMT3xxIGt8,EZMT3xxIGt8,7,"The image appears to be a placeholder or a question mark, which does not provide enough context to determine if someone paid $20,000.",0.7621
EZMT3xxIGt8,EZMT3xxIGt8,8,"The image appears to be a blank or placeholder, so it does not provide any context or information to answer the question.",0.7621
EZMT3xxIGt8,EZMT3xxIGt8,9,"The image contains only a question mark, so it does not provide enough information to determine whether he paid $20,000 or not.",0.7621
EZMT3xxIGt8,EZMT3xxIGt8,10,"The question appears incomplete, but if you're asking if someone paid $20,000 for something, the answer would depend on the context, such as what was being purchased and the source of the payment.",0.7621
EZTAaKkHKyg,EZTAaKkHKyg,1,The unusual condiment that is squeezed into a bag of chips and then placed on a small plate is jalape?o ranch dressing.,0.4273
EZTAaKkHKyg,EZTAaKkHKyg,2,The unusual condiment squeezed into a bag of chips then placed on a small plate is a hot dog.,0.4273
EZTAaKkHKyg,EZTAaKkHKyg,3,The unusual condiment that is squeezed into a bag of chips and then placed on a small plate is sriracha sauce.,0.4273
EZTAaKkHKyg,EZTAaKkHKyg,4,Sour cream and onion dip is the unusual condiment that is squeezed into a bag of chips then placed on a small plate.,0.4273
EZTAaKkHKyg,EZTAaKkHKyg,5,"A popular unusual condiment squeezed into a bag of chips is ketchup, which is then placed on a small plate.",0.4273
EZTAaKkHKyg,EZTAaKkHKyg,6,The unusual condiment that is squeezed into a bag of chips and placed on a small plate is sriracha sauce.,0.4273
EZTAaKkHKyg,EZTAaKkHKyg,7,The unusual condiment squeezed into a bag of chips then placed on a small plate is jalape?o poppers.,0.4273
EZTAaKkHKyg,EZTAaKkHKyg,8,The unusual condiment that is often squeezed into a bag of chips and then placed on a small plate is hot sauce.,0.4273
EZTAaKkHKyg,EZTAaKkHKyg,9,"The unusual condiment is spicy mayonnaise, which is squeezed into a bag of chips and then placed on a small plate.",0.4273
EZTAaKkHKyg,EZTAaKkHKyg,10,The unusual condiment that is squeezed into a bag of chips and then placed on a small plate is jalape?o jelly.,0.4273
F2OEdOzce5g,F2OEdOzce5g,1,There is more kicking in kick-boxing than boxing.,0.6275
F2OEdOzce5g,F2OEdOzce5g,2,There is more kicking than boxing in the image.,0.6275
F2OEdOzce5g,F2OEdOzce5g,3,There is more kicking in the image.,0.6275
F2OEdOzce5g,F2OEdOzce5g,4,There is more kicking than boxing in the image.,0.6275
F2OEdOzce5g,F2OEdOzce5g,5,There is an equal amount of kicking and boxing as both men are engaging in both activities.,0.6275
F2OEdOzce5g,F2OEdOzce5g,6,"There is more kicking in the scene, as kick-boxing involves both kicking and boxing, and the image depicts a kick-boxing match.",0.6275
F2OEdOzce5g,F2OEdOzce5g,7,"In the image, there is more kicking than boxing as the two men are engaged in kick-boxing.",0.6275
F2OEdOzce5g,F2OEdOzce5g,8,There is more kicking in kick-boxing.,0.6275
F2OEdOzce5g,F2OEdOzce5g,9,There is more kicking than boxing in the image.,0.6275
F2OEdOzce5g,F2OEdOzce5g,10,"There is more kicking in kick-boxing, as it involves the use of both feet and hands, whereas boxing focuses primarily on hand techniques.",0.6275
F3JpwuSKkMc,F3JpwuSKkMc,1,"No, I have not seen this stunt performed in the image.",0.4268
F3JpwuSKkMc,F3JpwuSKkMc,2,"No, I have not seen this stunt performed.",0.4268
F3JpwuSKkMc,F3JpwuSKkMc,3,"No, I have not seen this stunt performed.",0.4268
F3JpwuSKkMc,F3JpwuSKkMc,4,"I'm an AI language model and have not performed or witnessed physical stunts, but I can assist with information or questions about them.",0.4268
F3JpwuSKkMc,F3JpwuSKkMc,5,"No, I have not seen this stunt performed before.",0.4268
F3JpwuSKkMc,F3JpwuSKkMc,6,"No, I have not seen this stunt performed.",0.4268
F3JpwuSKkMc,F3JpwuSKkMc,7,"I haven't seen this specific stunt performed, but I can help you understand or find information about similar stunts if you provide more details.",0.4268
F3JpwuSKkMc,F3JpwuSKkMc,8,"I have not seen this specific stunt performed, but I can assist with general information about stunts if needed.",0.4268
F3JpwuSKkMc,F3JpwuSKkMc,9,"As an AI language model, I don't have the capability to see or perform stunts, but I can provide information and answer questions about them.",0.4268
F3JpwuSKkMc,F3JpwuSKkMc,10,"No, I have not seen this stunt performed.",0.4268
F3qE951zzqA,F3qE951zzqA,1,The third kitten follows the first two kittens down the stairs.,0.5029
F3qE951zzqA,F3qE951zzqA,2,"The third kitten remains at the top of the stairs, watching the other two kittens hop down.",0.5029
F3qE951zzqA,F3qE951zzqA,3,The third kitten follows the first two kittens down the stairs.,0.5029
F3qE951zzqA,F3qE951zzqA,4,The third kitten follows the first two kittens down the stairs.,0.5029
F3qE951zzqA,F3qE951zzqA,5,The third kitten follows the first two kittens down the stairs.,0.5029
F3qE951zzqA,F3qE951zzqA,6,The third kitten follows the first two kittens as they hop down the stairs.,0.5029
F3qE951zzqA,F3qE951zzqA,7,"The third kitten, with a fluffy tail, hesitates at the bottom of the stairs, looking back up, before deciding to follow the other two kittens.",0.5029
F3qE951zzqA,F3qE951zzqA,8,The third kitten follows the other two kittens down the stairs.,0.5029
F3qE951zzqA,F3qE951zzqA,9,"The third kitten hesitates at the top of the stairs, unsure if it wants to follow the other two.",0.5029
F3qE951zzqA,F3qE951zzqA,10,The third kitten cautiously follows the other two kittens as they hop down the stairs.,0.5029
F4MPMa8-Hzg,F4MPMa8-Hzg,1,The dots on top of the cake are red.,0.676
F4MPMa8-Hzg,F4MPMa8-Hzg,2,The dots on top of the cake are white.,0.676
F4MPMa8-Hzg,F4MPMa8-Hzg,3,The dots on top of the cake are red.,0.676
F4MPMa8-Hzg,F4MPMa8-Hzg,4,The dots on top of the cake are red.,0.676
F4MPMa8-Hzg,F4MPMa8-Hzg,5,The dots on top of the cake are red.,0.676
F4MPMa8-Hzg,F4MPMa8-Hzg,6,The dots on top of the cake are red.,0.676
F4MPMa8-Hzg,F4MPMa8-Hzg,7,The dots on top of the cake are red.,0.676
F4MPMa8-Hzg,F4MPMa8-Hzg,8,The dots on top of the cake are red.,0.676
F4MPMa8-Hzg,F4MPMa8-Hzg,9,The dots on top of the cake are blue.,0.676
F4MPMa8-Hzg,F4MPMa8-Hzg,10,The dots on top of the cake are yellow.,0.676
F5NMK2TRzyY,F5NMK2TRzyY,1,A diver is demonstrating the technique of a backflip in a swimming pool.,0.3936
F5NMK2TRzyY,F5NMK2TRzyY,2,A diver is demonstrating a backflip entry into the swimming pool.,0.3936
F5NMK2TRzyY,F5NMK2TRzyY,3,A diver is demonstrating a forward flip or somersault in a swimming pool.,0.3936
F5NMK2TRzyY,F5NMK2TRzyY,4,A diver is demonstrating a controlled descent into the water in a swimming pool.,0.3936
F5NMK2TRzyY,F5NMK2TRzyY,5,"A diver is demonstrating a forward somersault, which involves a backward roll over the head, in a swimming pool.",0.3936
F5NMK2TRzyY,F5NMK2TRzyY,6,A diver is demonstrating their swimming skills and technique in a swimming pool.,0.3936
F5NMK2TRzyY,F5NMK2TRzyY,7,A diver is demonstrating a backstroke in a swimming pool.,0.3936
F5NMK2TRzyY,F5NMK2TRzyY,8,A diver is demonstrating a proper diving technique in a swimming pool.,0.3936
F5NMK2TRzyY,F5NMK2TRzyY,9,A diver is demonstrating a backflip entry into the water in a swimming pool.,0.3936
F5NMK2TRzyY,F5NMK2TRzyY,10,"A diver is demonstrating a diving technique, likely a forward or backflip, in a swimming pool.",0.3936
FAJK7_Yr1UM,FAJK7_Yr1UM,1,"The motorcyclists touch hands as a gesture of camaraderie and unity, often used to signal the start of a group ride or to maintain contact and coordination.",0.7089
FAJK7_Yr1UM,FAJK7_Yr1UM,2,"The motorcyclists touch hands to communicate readiness to start or indicate that they are about to ride together, a common practice in group rides to ensure safety and coordination.",0.7089
FAJK7_Yr1UM,FAJK7_Yr1UM,3,The motorcyclists touch hands as a sign of camaraderie and to signal their readiness to start the race together.,0.7089
FAJK7_Yr1UM,FAJK7_Yr1UM,4,"The motorcyclists touch hands as a gesture of camaraderie and unity, often to signal to each other or to express mutual support during a ride.",0.7089
FAJK7_Yr1UM,FAJK7_Yr1UM,5,"The motorcyclists touch hands to ensure they are in sync and maintain a safe distance from each other, which is a common practice in group riding to enhance safety and coordination.",0.7089
FAJK7_Yr1UM,FAJK7_Yr1UM,6,"The motorcyclists touch hands to signal unity, camaraderie, or to ensure they are in the same direction or group, especially in a formation or during a ride.",0.7089
FAJK7_Yr1UM,FAJK7_Yr1UM,7,"The motorcyclists touch hands as a gesture of camaraderie and trust, often used to signal a group stop or to ensure safety during a ride.",0.7089
FAJK7_Yr1UM,FAJK7_Yr1UM,8,The motorcyclists touch hands to signal coordination and to ensure they are maintaining a safe distance from each other.,0.7089
FAJK7_Yr1UM,FAJK7_Yr1UM,9,"The motorcyclists touch hands to ensure communication and coordination, especially in challenging conditions or when navigating through tight spaces.",0.7089
FAJK7_Yr1UM,FAJK7_Yr1UM,10,"The motorcyclists are likely touching hands to signal coordination and safety, such as when navigating a group through a turn or to maintain a safe distance from each other.",0.7089
FBD7bvFnshE,FBD7bvFnshE,1,"The video appears to be a simple animation or graphic showing a blue character with a tail, possibly part of an animated sequence or a game.",0.7067
FBD7bvFnshE,FBD7bvFnshE,2,The video is about a person singing a song with a guitar accompaniment.,0.7067
FBD7bvFnshE,FBD7bvFnshE,3,"The video appears to be a brief snippet or a placeholder image, possibly indicating that the video content is not yet available or has been removed.",0.7067
FBD7bvFnshE,FBD7bvFnshE,4,"The video appears to be a silent clip with no visible content to analyze, so it's not possible to determine its main topic or content.",0.7067
FBD7bvFnshE,FBD7bvFnshE,5,"The video is about a character standing in a room with a patterned wall, seemingly in a moment of reflection or contemplation.",0.7067
FBD7bvFnshE,FBD7bvFnshE,6,"The video appears to be about a person performing an action, possibly related to sports or fitness, given the setting and attire.",0.7067
FBD7bvFnshE,FBD7bvFnshE,7,"The video appears to be about a person preparing food in a kitchen, possibly making a dish that includes a plate of food with some garnishes.",0.7067
FBD7bvFnshE,FBD7bvFnshE,8,The video is about a person demonstrating a craft project involving a pair of scissors and a piece of paper.,0.7067
FBD7bvFnshE,FBD7bvFnshE,9,"The video seems to be about a dog interacting with a person, possibly during a playful or training session.",0.7067
FBD7bvFnshE,FBD7bvFnshE,10,"The video appears to be a brief interlude or segment that does not provide a clear narrative or content, as it contains only a few static frames with no discernible action or context.",0.7067
FDE7PCGMASA,FDE7PCGMASA,1,"No, the Venus flytrap is not poisonous to humans; it is a plant that uses a carnivorous diet to supplement its nutrient needs.",0.8837
FDE7PCGMASA,FDE7PCGMASA,2,"No, the Venus flytrap is not poisonous to humans; it is a plant that uses its traps to catch and digest insects, not to harm humans.",0.8837
FDE7PCGMASA,FDE7PCGMASA,3,"No, the Venus flytrap is not poisonous to humans; it is a plant that uses its traps to capture and digest insects, not to harm humans.",0.8837
FDE7PCGMASA,FDE7PCGMASA,4,"No, the Venus flytrap is not poisonous to humans; it is only toxic to insects and small animals.",0.8837
FDE7PCGMASA,FDE7PCGMASA,5,"No, the Venus flytrap is not poisonous to humans; it is a carnivorous plant that does not produce toxins harmful to humans.",0.8837
FDE7PCGMASA,FDE7PCGMASA,6,"No, the Venus flytrap is not poisonous to humans; it is a carnivorous plant that does not pose a threat to human health.",0.8837
FDE7PCGMASA,FDE7PCGMASA,7,"No, the Venus flytrap is not poisonous to humans; it is a carnivorous plant that traps and digests small insects.",0.8837
FDE7PCGMASA,FDE7PCGMASA,8,"No, the Venus flytrap is not poisonous to humans; it is a plant that uses its traps to catch and digest insects.",0.8837
FDE7PCGMASA,FDE7PCGMASA,9,"No, the Venus flytrap is not poisonous to humans; it is a carnivorous plant that feeds on insects and small animals.",0.8837
FDE7PCGMASA,FDE7PCGMASA,10,"No, the Venus flytrap is not poisonous to humans; it is a plant that uses its trap to capture and digest small insects.",0.8837
FDF2NCm5WCA,FDF2NCm5WCA,1,"The modified marker the hand uses to write ""Action"" has red and blue colors.",0.7388
FDF2NCm5WCA,FDF2NCm5WCA,2,"The modified marker the hand uses to write ""Action"" has a red and blue design.",0.7388
FDF2NCm5WCA,FDF2NCm5WCA,3,"The modified marker the hand uses to write ""Action"" has blue and red colors.",0.7388
FDF2NCm5WCA,FDF2NCm5WCA,4,"The modified marker used to write ""Action"" contains both red and black colors.",0.7388
FDF2NCm5WCA,FDF2NCm5WCA,5,"The modified marker the hand uses to write ""Action"" has colors red, blue, and black.",0.7388
FDF2NCm5WCA,FDF2NCm5WCA,6,"The modified marker the hand uses to write ""Action"" is red and black.",0.7388
FDF2NCm5WCA,FDF2NCm5WCA,7,"The modified marker the hand uses to write ""Action"" has a blue body and a red tip.",0.7388
FDF2NCm5WCA,FDF2NCm5WCA,8,"The modified marker the hand uses to write ""Action"" has a black body and a red tip.",0.7388
FDF2NCm5WCA,FDF2NCm5WCA,9,"The modified marker used to write ""Action"" has a blue and red color scheme.",0.7388
FDF2NCm5WCA,FDF2NCm5WCA,10,"The modified marker the hand uses to write ""Action"" has red, blue, and yellow colors.",0.7388
FIQJYK5nH_E,FIQJYK5nH_E,1,A young man enters the classroom by floating in through the ceiling.,0.5178
FIQJYK5nH_E,FIQJYK5nH_E,2,"A young man enters the classroom by jumping over a stack of books, surprising everyone.",0.5178
FIQJYK5nH_E,FIQJYK5nH_E,3,The young man enters the classroom by flying through the window.,0.5178
FIQJYK5nH_E,FIQJYK5nH_E,4,A young man jumps over a stack of chairs to enter the classroom.,0.5178
FIQJYK5nH_E,FIQJYK5nH_E,5,"A young man bursts through the door, causing a small cloud of dust to rise, surprising his classmates.",0.5178
FIQJYK5nH_E,FIQJYK5nH_E,6,The young man enters the classroom by flying in on a broomstick.,0.5178
FIQJYK5nH_E,FIQJYK5nH_E,7,"A young man enters the classroom through the window, using a rope to swing in from outside.",0.5178
FIQJYK5nH_E,FIQJYK5nH_E,8,A young man enters the classroom by flying in through the window.,0.5178
FIQJYK5nH_E,FIQJYK5nH_E,9,The young man enters the classroom by levitating through the open door.,0.5178
FIQJYK5nH_E,FIQJYK5nH_E,10,"The young man enters the classroom by flying in through a window, which is an unusual and unexpected entrance.",0.5178
FiXXyP5ZRxA,FiXXyP5ZRxA,1,"No, the image you provided does not contain any visual information that can be used to draw a doll.",0.6014
FiXXyP5ZRxA,FiXXyP5ZRxA,2,"I'm sorry, but as an AI text-based model, I do not have the ability to draw or visualize images. However, I can help you with written descriptions or provide guidance on drawing techniques.",0.6014
FiXXyP5ZRxA,FiXXyP5ZRxA,3,"I cannot draw a doll after watching this image, as it only contains a white square with a black square in the middle. There is no visual information provided that would allow me to draw a doll.",0.6014
FiXXyP5ZRxA,FiXXyP5ZRxA,4,"No, I cannot draw a doll after watching this image, as it does not contain any visual elements that could be used to create a drawing.",0.6014
FiXXyP5ZRxA,FiXXyP5ZRxA,5,"No, I cannot draw a doll after watching this image as it does not provide any visual information about a doll or drawing instructions.",0.6014
FiXXyP5ZRxA,FiXXyP5ZRxA,6,"No, I cannot draw a doll after watching this; the image is just a simple question mark.",0.6014
FiXXyP5ZRxA,FiXXyP5ZRxA,7,"No, the image provided does not contain enough information to draw a doll.",0.6014
FiXXyP5ZRxA,FiXXyP5ZRxA,8,"No, the image does not contain any information about dolls or drawing.",0.6014
FiXXyP5ZRxA,FiXXyP5ZRxA,9,I cannot draw a doll as I am a text-based AI and do not have the capability to produce visual content.,0.6014
FiXXyP5ZRxA,FiXXyP5ZRxA,10,"No, the image provided is not sufficient for drawing a doll as it is blank and does not contain any visual elements or instructions.",0.6014
FjHyHGURyEQ,FjHyHGURyEQ,1,The person in the yellow jersey appears to be skateboarding.,0.5896
FjHyHGURyEQ,FjHyHGURyEQ,2,"The person in the yellow jersey appears to be riding a bicycle, likely participating in a cycling event.",0.5896
FjHyHGURyEQ,FjHyHGURyEQ,3,"The person in the yellow jersey appears to be attempting to climb a mountain, likely as part of a cycling competition.",0.5896
FjHyHGURyEQ,FjHyHGURyEQ,4,"The person in the yellow jersey appears to be running or sprinting, likely in a race or athletic event.",0.5896
FjHyHGURyEQ,FjHyHGURyEQ,5,"The person in the yellow jersey appears to be standing and possibly in the middle of a movement, but the exact action is not clear from the image alone.",0.5896
FjHyHGURyEQ,FjHyHGURyEQ,6,The person in the yellow jersey is riding a bicycle.,0.5896
FjHyHGURyEQ,FjHyHGURyEQ,7,"The person in the yellow jersey appears to be cycling, likely participating in a race or event.",0.5896
FjHyHGURyEQ,FjHyHGURyEQ,8,The person in the yellow jersey appears to be skiing down a snowy slope.,0.5896
FjHyHGURyEQ,FjHyHGURyEQ,9,"The person in the yellow jersey appears to be in a relaxed or casual pose, possibly sitting or leaning against a surface.",0.5896
FjHyHGURyEQ,FjHyHGURyEQ,10,"The person in the yellow jersey appears to be in a state of rest or inactivity, as there are no visible movements or actions depicted.",0.5896
FKsBrmJ2xSg,FKsBrmJ2xSg,1,"After a man jumps off a diving board into a pool, he enters the water with an impact that can vary in force depending on his speed and the depth of the water.",0.6372
FKsBrmJ2xSg,FKsBrmJ2xSg,2,"After a man jumps off a diving board into a pool, he enters the water, creating a splash.",0.6372
FKsBrmJ2xSg,FKsBrmJ2xSg,3,"After a man jumps off a diving board into a pool, he typically enters the water with a splash, and the water surface ripples and moves around him.",0.6372
FKsBrmJ2xSg,FKsBrmJ2xSg,4,"After a man jumps off a diving board into a pool, he enters the water with a splash.",0.6372
FKsBrmJ2xSg,FKsBrmJ2xSg,5,"After a man jumps off a diving board into a pool, he enters the water, creating a splash, and the water's surface ripples outward.",0.6372
FKsBrmJ2xSg,FKsBrmJ2xSg,6,"After a man jumps off a diving board into a pool, he enters the water with a splash and may experience a moment of impact, followed by resurfacing and possibly exiting the pool.",0.6372
FKsBrmJ2xSg,FKsBrmJ2xSg,7,"After a man jumps off a diving board into a pool, he enters the water, which absorbs his kinetic energy and creates a splash.",0.6372
FKsBrmJ2xSg,FKsBrmJ2xSg,8,"After a man jumps off a diving board into a pool, he typically enters the water with a splash and may experience a variety of sensations such as buoyancy and the need to swim to the surface if he is not already.",0.6372
FKsBrmJ2xSg,FKsBrmJ2xSg,9,"After a man jumps off a diving board into a pool, he typically enters the water with a splash and may experience a variety of sensations such as buoyancy, resistance, and the need to adjust his breathing.",0.6372
FKsBrmJ2xSg,FKsBrmJ2xSg,10,"After a man jumps off a diving board into a pool, he enters the water with a splash.",0.6372
Fk_j6re_Uiw,Fk_j6re_Uiw,1,The two voices are arguing about the interpretation of a poem.,0.5664
Fk_j6re_Uiw,Fk_j6re_Uiw,2,The two voices are arguing about the meaning of a word in a sentence.,0.5664
Fk_j6re_Uiw,Fk_j6re_Uiw,3,The two voices are arguing about the effectiveness of a new educational policy.,0.5664
Fk_j6re_Uiw,Fk_j6re_Uiw,4,The two voices are arguing about the nature and implications of artificial intelligence.,0.5664
Fk_j6re_Uiw,Fk_j6re_Uiw,5,The two voices are arguing about the necessity of a new policy.,0.5664
Fk_j6re_Uiw,Fk_j6re_Uiw,6,The two voices are arguing about the definition of a specific term or concept.,0.5664
Fk_j6re_Uiw,Fk_j6re_Uiw,7,The two voices are arguing about the interpretation of a poem's meaning.,0.5664
Fk_j6re_Uiw,Fk_j6re_Uiw,8,The two voices are arguing about the effectiveness of a new educational method.,0.5664
Fk_j6re_Uiw,Fk_j6re_Uiw,9,The two voices are arguing about the importance of teamwork versus individual effort in achieving success.,0.5664
Fk_j6re_Uiw,Fk_j6re_Uiw,10,The two voices are arguing about the definition of happiness.,0.5664
FLSitZEug_c,FLSitZEug_c,1,"The best way to tie a plastic bag is by making a knot at the top to securely close it, ensuring the contents remain inside.",0.9033
FLSitZEug_c,FLSitZEug_c,2,The best way to tie a plastic bag is to make a knot or secure it with a twist-tie or a clip.,0.9033
FLSitZEug_c,FLSitZEug_c,3,"To tie a plastic bag, fold the top down a few times, then twist and tie tightly at the folded edge.",0.9033
FLSitZEug_c,FLSitZEug_c,4,"The best way to tie a plastic bag is to make a knot at the top, ensuring it's secure and the bag doesn't open while in use.",0.9033
FLSitZEug_c,FLSitZEug_c,5,The best way to tie a plastic bag is to form a knot by crossing the ends over each other and pulling tight.,0.9033
FLSitZEug_c,FLSitZEug_c,6,"The best way to tie a plastic bag is to form a knot by crossing the ends over each other, then pull the ends tightly to secure the knot.",0.9033
FLSitZEug_c,FLSitZEug_c,7,"To tie a plastic bag, first fold the top edge over, then make a knot or use a twist tie to secure it tightly.",0.9033
FLSitZEug_c,FLSitZEug_c,8,"To tie a plastic bag, form a knot by gathering the corners and pulling the edges through the center to create a secure closure.",0.9033
FLSitZEug_c,FLSitZEug_c,9,"To tie a plastic bag, fold the bag in half, bring the two halves together, and twist the ends tightly to form a secure knot.",0.9033
FLSitZEug_c,FLSitZEug_c,10,"The best way to tie a plastic bag is by making a knot at the top of the bag, ensuring the knot is secure to prevent the bag from opening.",0.9033
FtXVic8pRCw,FtXVic8pRCw,1,"The boy pretends to flinch and react dramatically to the supposed sting, perhaps clenching his fist or wincing.",0.788
FtXVic8pRCw,FtXVic8pRCw,2,"The boy pretends to get stung by a large black spider, which is a playful or imaginative action he might be engaging in.",0.788
FtXVic8pRCw,FtXVic8pRCw,3,"The boy pretends to get stung by a large black spider, which is a playful and imaginative act.",0.788
FtXVic8pRCw,FtXVic8pRCw,4,"The boy pretends to get stung by a large black spider, but nothing actually happens to him.",0.788
FtXVic8pRCw,FtXVic8pRCw,5,"The boy pretends to get stung by a large black spider, causing a humorous or exaggerated reaction.",0.788
FtXVic8pRCw,FtXVic8pRCw,6,"The boy pretends to get stung by a large black spider, likely as a playful act or a game.",0.788
FtXVic8pRCw,FtXVic8pRCw,7,"The boy pretends to get stung by a large black spider, but in reality, he is not stung.",0.788
FtXVic8pRCw,FtXVic8pRCw,8,The boy pretends to get stung by a large black spider as a playful act.,0.788
FtXVic8pRCw,FtXVic8pRCw,9,"The boy pretends to get stung by a large black spider, which is a playful and imaginative act.",0.788
FtXVic8pRCw,FtXVic8pRCw,10,"The boy's reaction typically involves a exaggerated expression of fear or pain, which can lead to a humorous or dramatic scene, depending on the context and the audience.",0.788
Fu7tEHd2MLA,Fu7tEHd2MLA,1,"The race car driver is attempting to navigate the track at a high speed, likely in an effort to win the race.",0.8018
Fu7tEHd2MLA,Fu7tEHd2MLA,2,The race car driver is attempting to navigate a turn on the track at high speed.,0.8018
Fu7tEHd2MLA,Fu7tEHd2MLA,3,"The race car driver appears to be navigating a turn, leaning into the curve with the car tilted to maintain speed and control.",0.8018
Fu7tEHd2MLA,Fu7tEHd2MLA,4,The race car driver is attempting to navigate a turn on the track.,0.8018
Fu7tEHd2MLA,Fu7tEHd2MLA,5,The race car driver is attempting to maintain control and navigate through the turn on the racetrack.,0.8018
Fu7tEHd2MLA,Fu7tEHd2MLA,6,"The race car driver is attempting to navigate the track, likely trying to gain a competitive advantage in a race.",0.8018
Fu7tEHd2MLA,Fu7tEHd2MLA,7,"The race car driver is attempting to navigate the track at high speed, likely trying to achieve a fast lap time or position themselves for a win.",0.8018
Fu7tEHd2MLA,Fu7tEHd2MLA,8,The race car driver is attempting to navigate through a turn at high speed.,0.8018
Fu7tEHd2MLA,Fu7tEHd2MLA,9,The race car driver appears to be maneuvering the car through a turn on a racetrack.,0.8018
Fu7tEHd2MLA,Fu7tEHd2MLA,10,The race car driver is attempting to navigate through a turn on the racetrack.,0.8018
Fvd3ry_9NRM,Fvd3ry_9NRM,1,"The actor might see a surge in search results that highlight their distinct facial feature, potentially leading to increased visibility or engagement from fans or the public.",0.7944
Fvd3ry_9NRM,Fvd3ry_9NRM,2,"The actor's search history reveals a pattern of interest in their own facial features, specifically eyebrows.",0.7944
Fvd3ry_9NRM,Fvd3ry_9NRM,3,"An actor googling ""actor with eyebrows"" every six months or so might expect to see search results that highlight their unique facial feature, potentially leading to increased online visibility and fan engagement.",0.7944
Fvd3ry_9NRM,Fvd3ry_9NRM,4,"The actor may find themselves featured in a series of humorous and slightly embarrassing memes and internet content, often related to their facial features, and may become a recurring subject of online jokes.",0.7944
Fvd3ry_9NRM,Fvd3ry_9NRM,5,"The actor might discover a series of humorous and often unintended search results that highlight their facial features, leading to a mix of amusement and embarrassment.",0.7944
Fvd3ry_9NRM,Fvd3ry_9NRM,6,"The actor is likely to find a mix of their own media and content related to eyebrows, potentially leading to an increase in their online presence and engagement with fans who are particularly interested in their facial features.",0.7944
Fvd3ry_9NRM,Fvd3ry_9NRM,7,"The actor might discover that their own online presence often features images or videos of them with eyebrows, leading to a humorous or intriguing observation about their facial features.",0.7944
Fvd3ry_9NRM,Fvd3ry_9NRM,8,"The actor might find themselves trending on social media platforms, often due to a humorous or unexpected series of images or videos that highlight their unique facial features, specifically their eyebrows.",0.7944
Fvd3ry_9NRM,Fvd3ry_9NRM,9,"An actor googling ""actor with eyebrows"" every six months or so might find that they are increasingly recognized by their distinct facial features, leading to more opportunities and recognition in their career.",0.7944
Fvd3ry_9NRM,Fvd3ry_9NRM,10,"An actor might receive unexpected search results related to their career or personal life, potentially leading to a mix of amusement, curiosity, or confusion.",0.7944
FVdQHVBAiB4,FVdQHVBAiB4,1,The guitar cost $300.,0.4776
FVdQHVBAiB4,FVdQHVBAiB4,2,The guitar cost $100.,0.4776
FVdQHVBAiB4,FVdQHVBAiB4,3,The guitar cost $299.,0.4776
FVdQHVBAiB4,FVdQHVBAiB4,4,The guitar cost $500.,0.4776
FVdQHVBAiB4,FVdQHVBAiB4,5,The guitar cost $150.,0.4776
FVdQHVBAiB4,FVdQHVBAiB4,6,The guitar cost $300.,0.4776
FVdQHVBAiB4,FVdQHVBAiB4,7,The guitar cost $300.,0.4776
FVdQHVBAiB4,FVdQHVBAiB4,8,The guitar cost $100.,0.4776
FVdQHVBAiB4,FVdQHVBAiB4,9,The guitar cost $120.,0.4776
FVdQHVBAiB4,FVdQHVBAiB4,10,The guitar cost $300.,0.4776
G2w7PrdwYhM,G2w7PrdwYhM,1,The apparatus is designed to measure the rate of a chemical reaction by monitoring the change in concentration of a reactant over time.,0.999
G2w7PrdwYhM,G2w7PrdwYhM,2,"The apparatus is designed to facilitate the analysis of physical properties, possibly in a laboratory setting, by using a specific measurement or testing method.",0.999
G2w7PrdwYhM,G2w7PrdwYhM,3,The apparatus is designed for the controlled and precise measurement of environmental factors such as temperature and humidity.,0.999
G2w7PrdwYhM,G2w7PrdwYhM,4,The apparatus is designed to compress a sample for analysis or testing.,0.999
G2w7PrdwYhM,G2w7PrdwYhM,5,"The apparatus is designed to measure and record environmental data, specifically air quality, by capturing and analyzing particulate matter.",0.999
G2w7PrdwYhM,G2w7PrdwYhM,6,The apparatus is designed to demonstrate the principles of buoyancy and density through a water displacement experiment.,0.999
G2w7PrdwYhM,G2w7PrdwYhM,7,The apparatus is used for observing and measuring electrical properties in a controlled environment.,0.999
G2w7PrdwYhM,G2w7PrdwYhM,8,The apparatus is designed to measure the specific gravity of liquids by observing the level of a liquid in a graduated tube when it is placed in a container of a reference liquid of known density.,0.999
G2w7PrdwYhM,G2w7PrdwYhM,9,The apparatus is designed to support and protect the person during a specific activity or task.,0.999
G2w7PrdwYhM,G2w7PrdwYhM,10,"The apparatus appears to be a simple holder or stand, possibly used to organize or display items, but without more context, the specific purpose cannot be determined.",0.999
G3GstfkuDIg,G3GstfkuDIg,1,"A boy visiting a hotel for the first time might feel excited and curious, exploring the rooms and amenities, while also feeling a bit overwhelmed by the unfamiliar environment.",0.6924
G3GstfkuDIg,G3GstfkuDIg,2,"When a boy visits a hotel for the first time, he might feel excited and curious about the new environment, exploring the rooms, amenities, and experiencing the hospitality of the staff.",0.6924
G3GstfkuDIg,G3GstfkuDIg,3,"A boy visiting a hotel for the first time might feel excited and curious about the new environment, potentially exploring the amenities and interacting with staff.",0.6924
G3GstfkuDIg,G3GstfkuDIg,4,"When a boy visits a hotel for the first time, he might feel excited and curious, experiencing a mix of new sights, sounds, and sensations, while also potentially feeling a bit overwhelmed or anxious about the unfamiliar environment.",0.6924
G3GstfkuDIg,G3GstfkuDIg,5,"When a boy visits a hotel for the first time, he might feel excited and curious about the new environment, exploring the rooms, amenities, and perhaps trying out new experiences like using the swimming pool or restaurant.",0.6924
G3GstfkuDIg,G3GstfkuDIg,6,"When a boy visits a hotel for the first time, he might experience excitement and curiosity about the unfamiliar surroundings, such as the rooms, amenities, and services provided by the hotel.",0.6924
G3GstfkuDIg,G3GstfkuDIg,7,"A boy visiting a hotel for the first time might feel excited and curious, exploring the different rooms, amenities, and services offered by the hotel.",0.6924
G3GstfkuDIg,G3GstfkuDIg,8,"A boy visiting a hotel for the first time might experience excitement and curiosity about the unfamiliar environment, possibly feeling a mix of anticipation and nervousness.",0.6924
G3GstfkuDIg,G3GstfkuDIg,9,"When a boy visits a hotel for the first time, he might feel excited and curious about exploring new surroundings and experiencing the unique aspects of the hotel.",0.6924
G3GstfkuDIg,G3GstfkuDIg,10,"When a boy visits a hotel for the first time, he might experience excitement, curiosity, and a sense of adventure as he explores the unfamiliar environment, meets new people, and learns about different amenities and rules of the hotel.",0.6924
G4jfirTeNCY,G4jfirTeNCY,1,"The image does not provide enough information to answer the question ""How many passes before the goal?""",0.6569
G4jfirTeNCY,G4jfirTeNCY,2,"The image shows a question asking ""how many passes before the goal"", but it does not provide a numerical answer.",0.6569
G4jfirTeNCY,G4jfirTeNCY,3,"The image shows a question asking how many passes are made before reaching the goal, but it does not provide the answer.",0.6569
G4jfirTeNCY,G4jfirTeNCY,4,There were 4 passes before the goal.,0.6569
G4jfirTeNCY,G4jfirTeNCY,5,"The image shows the number ""12"" which likely indicates the number of passes made before reaching the goal.",0.6569
G4jfirTeNCY,G4jfirTeNCY,6,"The image appears to be a blank slide or an incomplete question. Without additional context or information, it's not possible to determine how many passes were made before a goal.",0.6569
G4jfirTeNCY,G4jfirTeNCY,7,The image does not provide enough context to determine how many passes were made before reaching the goal.,0.6569
G4jfirTeNCY,G4jfirTeNCY,8,The image does not provide enough context to determine how many passes were made before the goal.,0.6569
G4jfirTeNCY,G4jfirTeNCY,9,"The image appears to be a blank or incomplete question, so there is no information provided to answer it.",0.6569
G4jfirTeNCY,G4jfirTeNCY,10,There are 5 passes before the goal.,0.6569
G5AgzHKJINU,G5AgzHKJINU,1,The man shoots the ball once.,0.4862
G5AgzHKJINU,G5AgzHKJINU,2,The man shoots the ball three times.,0.4862
G5AgzHKJINU,G5AgzHKJINU,3,The man shoots the ball three times in the video.,0.4862
G5AgzHKJINU,G5AgzHKJINU,4,The man shoots the ball once in the image.,0.4862
G5AgzHKJINU,G5AgzHKJINU,5,The man shoots the ball three times in the video.,0.4862
G5AgzHKJINU,G5AgzHKJINU,6,The man shoots the ball 10 times in the video.,0.4862
G5AgzHKJINU,G5AgzHKJINU,7,The man shoots the ball a total of 3 times in the video.,0.4862
G5AgzHKJINU,G5AgzHKJINU,8,The man shoots the ball twice.,0.4862
G5AgzHKJINU,G5AgzHKJINU,9,The man shoots the ball three times in the video.,0.4862
G5AgzHKJINU,G5AgzHKJINU,10,The man shoots the ball once.,0.4862
G6k-PoDDL0I,G6k-PoDDL0I,1,The man disappears from the frame after posing in front of the camera.,0.4328
G6k-PoDDL0I,G6k-PoDDL0I,2,"The man is seen lying on the ground with his hands raised, suggesting he may have fallen or been knocked down after posing.",0.4328
G6k-PoDDL0I,G6k-PoDDL0I,3,"The man is left standing in front of the camera, waiting for further instructions or actions.",0.4328
G6k-PoDDL0I,G6k-PoDDL0I,4,The man is seen leaving the camera's view after posing.,0.4328
G6k-PoDDL0I,G6k-PoDDL0I,5,"The man's face disappears from the frame, leaving only his body and the background visible.",0.4328
G6k-PoDDL0I,G6k-PoDDL0I,6,"The man's face is obscured, suggesting that his identity is hidden or that the image has been edited to remove his face.",0.4328
G6k-PoDDL0I,G6k-PoDDL0I,7,The man is left standing alone in front of the camera after posing.,0.4328
G6k-PoDDL0I,G6k-PoDDL0I,8,"The man is left standing in front of the camera, seemingly waiting for something to happen next.",0.4328
G6k-PoDDL0I,G6k-PoDDL0I,9,"The man is seen posing in front of the camera, and then the image fades to black.",0.4328
G6k-PoDDL0I,G6k-PoDDL0I,10,"The man is photographed and then continues on his way, presumably to a nearby park.",0.4328
G6zu9D0j8hk,G6zu9D0j8hk,1,"You can tell that a child's room is being designed by the presence of age-appropriate furniture, colorful and playful decorations, and space that is both functional and stimulating for a child's needs.",0.6943
G6zu9D0j8hk,G6zu9D0j8hk,2,"A child's room is being designed when it includes elements like vibrant colors, playful patterns, and items such as a castle bed, a toy box, and a soft rug, tailored to stimulate imagination and comfort.",0.6943
G6zu9D0j8hk,G6zu9D0j8hk,3,"The presence of furniture, decorations, and personal items tailored to the child's interests and needs are clear indicators that a child's room is being designed.",0.6943
G6zu9D0j8hk,G6zu9D0j8hk,4,"The room is being designed for a child as it includes elements typically associated with children's spaces such as bright colors, playful patterns, and furniture that is scaled for a child's size.",0.6943
G6zu9D0j8hk,G6zu9D0j8hk,5,"A child's room is being designed if it features bright colors, fun patterns, and age-appropriate furniture and decor.",0.6943
G6zu9D0j8hk,G6zu9D0j8hk,6,"A child's room is being designed by the presence of playful colors, fun patterns, and age-appropriate furniture and decorations.",0.6943
G6zu9D0j8hk,G6zu9D0j8hk,7,"The presence of furniture, decorations, and personal items tailored to a child's preferences and size indicate that a room is being designed for a child.",0.6943
G6zu9D0j8hk,G6zu9D0j8hk,8,"A child's room is being designed when it features vibrant colors, playful patterns, and furniture and decor tailored to appeal to a young child's interests and developmental stage.",0.6943
G6zu9D0j8hk,G6zu9D0j8hk,9,"A child's room is being designed if it features vibrant colors, playful patterns, and a variety of furniture and decor items that cater to a young child's interests and developmental stage.",0.6943
G6zu9D0j8hk,G6zu9D0j8hk,10,"A child's room is being designed when elements such as playful colors, fun patterns, and age-appropriate furniture are chosen to create a stimulating and welcoming environment.",0.6943
GAioLcwAMjE,GAioLcwAMjE,1,"The netting behind the soldier is covered with branches to blend in with the natural environment, making it less visible to potential threats.",0.5822
GAioLcwAMjE,GAioLcwAMjE,2,"The netting behind the soldier is covered with branches to camouflage the soldier, making it harder for the enemy to spot him in the field.",0.5822
GAioLcwAMjE,GAioLcwAMjE,3,"The branches behind the soldier are likely used as camouflage to blend the netting into the surrounding environment, making it less visible to potential threats.",0.5822
GAioLcwAMjE,GAioLcwAMjE,4,"The netting behind the soldier is covered with branches to create a more realistic and naturalistic camouflage effect, blending in with the surrounding environment to make the soldier less visible to potential observers.",0.5822
GAioLcwAMjE,GAioLcwAMjE,5,"The netting behind the soldier is covered with branches to camouflage it, making it less visible to potential observers and enhancing the soldier's stealth during military operations.",0.5822
GAioLcwAMjE,GAioLcwAMjE,6,"The netting behind the soldier is covered with branches to create a camouflage effect, blending the soldier into the natural environment and making it harder to be spotted by enemies.",0.5822
GAioLcwAMjE,GAioLcwAMjE,7,"The netting behind the soldier is covered with branches to create a more realistic and camouflaged background, mimicking natural foliage and making the figure blend into the environment.",0.5822
GAioLcwAMjE,GAioLcwAMjE,8,"The netting behind the soldier is covered with branches likely to provide camouflage, making it less visible from a distance, which is crucial for military operations to avoid detection by enemy forces.",0.5822
GAioLcwAMjE,GAioLcwAMjE,9,"The netting behind the soldier is likely covered with branches to provide camouflage and concealment, blending the soldier into the natural environment and making it harder to spot from a distance.",0.5822
GAioLcwAMjE,GAioLcwAMjE,10,"The netting behind the soldier is covered with branches to provide camouflage, blending the soldier into the surrounding environment to avoid detection by the enemy.",0.5822
GaT6xXXdZPI,GaT6xXXdZPI,1,"The video appears to show a static frame with no discernible action or movement, making it unclear what is happening in the video.",0.5303
GaT6xXXdZPI,GaT6xXXdZPI,2,The video shows a series of static frames with a white background and no discernible movement or action taking place.,0.5303
GaT6xXXdZPI,GaT6xXXdZPI,3,"The video shows a single white frame with no discernible content or action taking place, suggesting either a technical issue or a placeholder image.",0.5303
GaT6xXXdZPI,GaT6xXXdZPI,4,"The image appears to be a blank white screen, indicating that there is no visual content or activity occurring in the video at the moment the screenshot was taken.",0.5303
GaT6xXXdZPI,GaT6xXXdZPI,5,"The video shows a static frame with no discernible action or movement, indicating it may be a placeholder or an error.",0.5303
GaT6xXXdZPI,GaT6xXXdZPI,6,"The video shows a simple graphic with the text ""Thanks for watching!"" indicating the conclusion of a video or presentation.",0.5303
GaT6xXXdZPI,GaT6xXXdZPI,7,"The video appears to be a static image or placeholder, possibly indicating that no video content is available or that the video has not yet started.",0.5303
GaT6xXXdZPI,GaT6xXXdZPI,8,"The image provided is a blank white screen with no visible content, so there is no activity or scene to describe.",0.5303
GaT6xXXdZPI,GaT6xXXdZPI,9,The video shows a close-up of a tree trunk with a camera angle that captures the texture of the bark and the natural environment around it.,0.5303
GaT6xXXdZPI,GaT6xXXdZPI,10,"The video appears to show a blank white screen, which suggests that there may be an issue with the video content or that the content has not loaded yet.",0.5303
Gb9otyfOuqA,Gb9otyfOuqA,1,The umpire is signaling a strike.,0.2302
Gb9otyfOuqA,Gb9otyfOuqA,2,The umpire signals a strike.,0.2302
Gb9otyfOuqA,Gb9otyfOuqA,3,The umpire signals a strike.,0.2302
Gb9otyfOuqA,Gb9otyfOuqA,4,The umpire signals a strike.,0.2302
Gb9otyfOuqA,Gb9otyfOuqA,5,The umpire signals a strike.,0.2302
Gb9otyfOuqA,Gb9otyfOuqA,6,The umpire is signaling a strike.,0.2302
Gb9otyfOuqA,Gb9otyfOuqA,7,The umpire is signaling a strike.,0.2302
Gb9otyfOuqA,Gb9otyfOuqA,8,The umpire is signaling a strike.,0.2302
Gb9otyfOuqA,Gb9otyfOuqA,9,The umpire is signaling a strike.,0.2302
Gb9otyfOuqA,Gb9otyfOuqA,10,The umpire is signaling a strike.,0.2302
GBm6-NX3ue4,GBm6-NX3ue4,1,The yellow handle is cranked once the first time.,0.3937
GBm6-NX3ue4,GBm6-NX3ue4,2,The yellow handle is cranked once the first time.,0.3937
GBm6-NX3ue4,GBm6-NX3ue4,3,The yellow handle is cranked once the first time.,0.3937
GBm6-NX3ue4,GBm6-NX3ue4,4,The yellow handle is cranked once the first time.,0.3937
GBm6-NX3ue4,GBm6-NX3ue4,5,The yellow handle is cranked three times the first time.,0.3937
GBm6-NX3ue4,GBm6-NX3ue4,6,The yellow handle is cranked once the first time.,0.3937
GBm6-NX3ue4,GBm6-NX3ue4,7,The yellow handle is cranked once the first time.,0.3937
GBm6-NX3ue4,GBm6-NX3ue4,8,The yellow handle is cranked once the first time.,0.3937
GBm6-NX3ue4,GBm6-NX3ue4,9,The yellow handle is cranked once the first time.,0.3937
GBm6-NX3ue4,GBm6-NX3ue4,10,The yellow handle is cranked once the first time.,0.3937
GC_ZIryUtoc,GC_ZIryUtoc,1,"After the person in a green and black glove dips his hand in water, he likely feels the water's temperature and texture, and may also observe the moisture on his hand.",0.9348
GC_ZIryUtoc,GC_ZIryUtoc,2,"The person's hand, now wet, can be used to perform tasks that require a moist surface, such as cleaning or gardening.",0.9348
GC_ZIryUtoc,GC_ZIryUtoc,3,The person in the green and black glove will experience a sensation of wetness on their hand after dipping it in water.,0.9348
GC_ZIryUtoc,GC_ZIryUtoc,4,The person's hand becomes wet after dipping it in water.,0.9348
GC_ZIryUtoc,GC_ZIryUtoc,5,The person's hand becomes wet after dipping it in water.,0.9348
GC_ZIryUtoc,GC_ZIryUtoc,6,"The person's hand, now wet from the water, is likely to feel cool and may be used for various tasks requiring a clean or wet surface, such as washing, cleaning, or preparing food.",0.9348
GC_ZIryUtoc,GC_ZIryUtoc,7,The person's hand becomes wet after dipping it in water.,0.9348
GC_ZIryUtoc,GC_ZIryUtoc,8,The person in the green and black glove will have water on their hand after dipping it in the water.,0.9348
GC_ZIryUtoc,GC_ZIryUtoc,9,"After the person in a green and black glove dips his hand in water, the water will likely be disturbed, creating ripples or splashes, and the glove may become wet.",0.9348
GC_ZIryUtoc,GC_ZIryUtoc,10,The person's hand becomes wet.,0.9348
GD9prt9PD8Q,GD9prt9PD8Q,1,The character who asks for his five dollars is refused and is left disappointed.,0.6086
GD9prt9PD8Q,GD9prt9PD8Q,2,The character was given the five dollars and seemed pleased.,0.6086
GD9prt9PD8Q,GD9prt9PD8Q,3,"The character was told to wait until he finished his homework, implying that the five dollars would be given after completing the task.",0.6086
GD9prt9PD8Q,GD9prt9PD8Q,4,The character was given the five dollars he requested.,0.6086
GD9prt9PD8Q,GD9prt9PD8Q,5,The character was not given the five dollars and expressed disappointment.,0.6086
GD9prt9PD8Q,GD9prt9PD8Q,6,"In the cartoon, one of the characters asks for his five dollars, which seems to be a reference to a financial transaction or a situation where someone is owed money.",0.6086
GD9prt9PD8Q,GD9prt9PD8Q,7,"The character was denied his request for five dollars, leading to a humorous and exaggerated reaction.",0.6086
GD9prt9PD8Q,GD9prt9PD8Q,8,"The cartoon character was given a generous tip, far exceeding the requested five dollars.",0.6086
GD9prt9PD8Q,GD9prt9PD8Q,9,"The character was asked to do something specific for his five dollars, which involved performing a trick or task that the audience had to guess the outcome of.",0.6086
GD9prt9PD8Q,GD9prt9PD8Q,10,The character is told that he needs to wait for the next episode to get his five dollars.,0.6086
GDXiE0xXhSw,GDXiE0xXhSw,1,This is an image of a blank white background with no text or discernible content.,0.4525
GDXiE0xXhSw,GDXiE0xXhSw,2,"This image shows a simple geometric shape, specifically a square.",0.4525
GDXiE0xXhSw,GDXiE0xXhSw,3,This is a blank white background with no text or image content.,0.4525
GDXiE0xXhSw,GDXiE0xXhSw,4,This is a blank white image with no visible content.,0.4525
GDXiE0xXhSw,GDXiE0xXhSw,5,This is an image of a blank white square.,0.4525
GDXiE0xXhSw,GDXiE0xXhSw,6,This is a blank white square with no text or additional elements.,0.4525
GDXiE0xXhSw,GDXiE0xXhSw,7,This is a blank white square with a question mark in the center.,0.4525
GDXiE0xXhSw,GDXiE0xXhSw,8,"This image appears to be a blank or placeholder image, possibly used when a picture is not available or when there is no content to display.",0.4525
GDXiE0xXhSw,GDXiE0xXhSw,9,"This is an image of a single letter ""a"" in a sans-serif font.",0.4525
GDXiE0xXhSw,GDXiE0xXhSw,10,"This image appears to be a placeholder or a default icon, often used when an image is not available or has not been loaded.",0.4525
GeToJ_bYWkQ,GeToJ_bYWkQ,1,There are no back flips visible in the video.,0.3656
GeToJ_bYWkQ,GeToJ_bYWkQ,2,There are no back flips in the video.,0.3656
GeToJ_bYWkQ,GeToJ_bYWkQ,3,There is one back flip visible in the video.,0.3656
GeToJ_bYWkQ,GeToJ_bYWkQ,4,There are no back flips visible in the video.,0.3656
GeToJ_bYWkQ,GeToJ_bYWkQ,5,There are no back flips visible in the video.,0.3656
GeToJ_bYWkQ,GeToJ_bYWkQ,6,There is one back flip visible in the video.,0.3656
GeToJ_bYWkQ,GeToJ_bYWkQ,7,There are no back flips visible in the video.,0.3656
GeToJ_bYWkQ,GeToJ_bYWkQ,8,"In the video, there is one back flip visible.",0.3656
GeToJ_bYWkQ,GeToJ_bYWkQ,9,"In the video, there are two back flips visible.",0.3656
GeToJ_bYWkQ,GeToJ_bYWkQ,10,There are two back flips visible in the video.,0.3656
GF5kmTYwedw,GF5kmTYwedw,1,"The drums used to record this track are likely acoustic drums, as the sound has a natural, organic quality typical of drum kits recorded in a studio setting.",0.8624
GF5kmTYwedw,GF5kmTYwedw,2,"The track appears to be recorded using electronic drum pads, as indicated by the absence of traditional drum sounds and the lack of any visible drum hardware in the image.",0.8624
GF5kmTYwedw,GF5kmTYwedw,3,"The track features the use of electronic drums, evident from the clean, digital sound and the absence of natural drum overtones.",0.8624
GF5kmTYwedw,GF5kmTYwedw,4,"The track features the use of electronic drums, as indicated by the clean, precise sounds and lack of physical drum kit textures.",0.8624
GF5kmTYwedw,GF5kmTYwedw,5,"The track features the use of acoustic drums, including a snare, bass drum, and tom-toms, as well as a hi-hat, cymbals, and ride cymbal, to create the rhythmic and percussive foundation.",0.8624
GF5kmTYwedw,GF5kmTYwedw,6,"The track appears to feature electronic drum samples or synthesized drum sounds, as there are no physical drums visible in the image.",0.8624
GF5kmTYwedw,GF5kmTYwedw,7,"The track features the use of electronic drums, specifically electronic pads and a drum machine, as indicated by the absence of traditional drum sounds and the presence of a Roland drum machine in the background.",0.8624
GF5kmTYwedw,GF5kmTYwedw,8,"The track features recordings of electronic drums, which are often used in modern music production for their versatility and the ability to be programmed to play any rhythm or pattern.",0.8624
GF5kmTYwedw,GF5kmTYwedw,9,"The track features the use of electronic drum pads, which simulate the sound of real drums but are not physical drums themselves.",0.8624
GF5kmTYwedw,GF5kmTYwedw,10,"The drums used in this track are typically acoustic drums, which are often recorded using a drum kit consisting of a bass drum, snare drum, tom-toms, and cymbals, captured with microphones to capture the natural sound and resonance.",0.8624
GH7kcBkraNg,GH7kcBkraNg,1,The image shows a single scan.,0.3635
GH7kcBkraNg,GH7kcBkraNg,2,The image shows three scans.,0.3635
GH7kcBkraNg,GH7kcBkraNg,3,There are two scans shown in the image.,0.3635
GH7kcBkraNg,GH7kcBkraNg,4,The image shows two scans.,0.3635
GH7kcBkraNg,GH7kcBkraNg,5,The image shows one scan.,0.3635
GH7kcBkraNg,GH7kcBkraNg,6,The image shows one scan.,0.3635
GH7kcBkraNg,GH7kcBkraNg,7,The image shows two scans.,0.3635
GH7kcBkraNg,GH7kcBkraNg,8,The image shows two scans.,0.3635
GH7kcBkraNg,GH7kcBkraNg,9,The image shows two scans.,0.3635
GH7kcBkraNg,GH7kcBkraNg,10,The image shows one scan.,0.3635
GIdtda2RH_g,GIdtda2RH_g,1,"The highway in the image appears to have two levels, indicated by the two lanes on each side.",0.6892
GIdtda2RH_g,GIdtda2RH_g,2,"This highway appears to be a multi-level structure, likely a flyover or an elevated road, but the exact number of levels cannot be determined from this image alone.",0.6892
GIdtda2RH_g,GIdtda2RH_g,3,"This highway is a multi-level structure, indicating it has multiple levels or decks for different lanes or directions.",0.6892
GIdtda2RH_g,GIdtda2RH_g,4,This highway is a two-level highway.,0.6892
GIdtda2RH_g,GIdtda2RH_g,5,"The highway in the picture appears to be a two-level highway, with a main road and an overpass.",0.6892
GIdtda2RH_g,GIdtda2RH_g,6,This highway is two levels.,0.6892
GIdtda2RH_g,GIdtda2RH_g,7,"This highway appears to be a multi-level structure, likely a bridge or interchange, with at least two distinct levels visible.",0.6892
GIdtda2RH_g,GIdtda2RH_g,8,"This highway is at least three levels, as indicated by the three lanes in the image.",0.6892
GIdtda2RH_g,GIdtda2RH_g,9,"This highway appears to be a multi-level structure, with at least two distinct levels visible.",0.6892
GIdtda2RH_g,GIdtda2RH_g,10,"This highway appears to be a multi-level highway with at least two visible levels, as indicated by the road signs and the layout of the lanes.",0.6892
GjGFHotsrc0,GjGFHotsrc0,1,The interviewee recommends Harriet Tubman for the fifth Mt. Rushmore image.,0.6123
GjGFHotsrc0,GjGFHotsrc0,2,"The interviewee recommends the inclusion of the first US president, George Washington, for the fifth image on Mount Rushmore.",0.6123
GjGFHotsrc0,GjGFHotsrc0,3,The interviewee recommends using a person who has a strong background in outdoor activities for the fifth image of Mt. Rushmore.,0.6123
GjGFHotsrc0,GjGFHotsrc0,4,The interviewee recommends using a 3D model for the fifth Mt. Rushmore image.,0.6123
GjGFHotsrc0,GjGFHotsrc0,5,The interviewee recommends that the fifth image on Mt. Rushmore should be of the person who has the most impact on the world.,0.6123
GjGFHotsrc0,GjGFHotsrc0,6,The interviewee recommends an unknown person for the fifth image on Mt. Rushmore.,0.6123
GjGFHotsrc0,GjGFHotsrc0,7,The interviewee recommends Thomas Jefferson for the fifth image on Mount Rushmore.,0.6123
GjGFHotsrc0,GjGFHotsrc0,8,The interviewee recommends that the fifth image on Mount Rushmore should depict George Washington.,0.6123
GjGFHotsrc0,GjGFHotsrc0,9,"The interviewee recommends ""Sally"" for the fifth image on Mt. Rushmore.",0.6123
GjGFHotsrc0,GjGFHotsrc0,10,The interviewee recommends John F. Kennedy for the fifth image on Mt. Rushmore.,0.6123
GjidAAzBQ0s,GjidAAzBQ0s,1,There are three spools of twine in the drawer.,0.737
GjidAAzBQ0s,GjidAAzBQ0s,2,There are two spools of twine in the drawer.,0.737
GjidAAzBQ0s,GjidAAzBQ0s,3,There are 5 spools of twine in the drawer.,0.737
GjidAAzBQ0s,GjidAAzBQ0s,4,There are four spools of twine in the drawer.,0.737
GjidAAzBQ0s,GjidAAzBQ0s,5,There are three spools of twine in the drawer.,0.737
GjidAAzBQ0s,GjidAAzBQ0s,6,There are three spools of twine in the drawer.,0.737
GjidAAzBQ0s,GjidAAzBQ0s,7,There are three spools of twine in the drawer.,0.737
GjidAAzBQ0s,GjidAAzBQ0s,8,There are two spools of twine in the drawer.,0.737
GjidAAzBQ0s,GjidAAzBQ0s,9,There are two spools of twine in the drawer.,0.737
GjidAAzBQ0s,GjidAAzBQ0s,10,There are three spools of twine in the drawer.,0.737
GJq44zrdS5A,GJq44zrdS5A,1,This appears to be a screenshot or frame from a video game or animated series.,0.6297
GJq44zrdS5A,GJq44zrdS5A,2,"This appears to be a thumbnail or a still image from a video, possibly related to a specific topic or event.",0.6297
GJq44zrdS5A,GJq44zrdS5A,3,"This image appears to be a thumbnail or still frame from a video, but the content of the video itself is not discernible from the image alone.",0.6297
GJq44zrdS5A,GJq44zrdS5A,4,This is a video that features a person performing a dance routine.,0.6297
GJq44zrdS5A,GJq44zrdS5A,5,"This appears to be a thumbnail for a video, likely a tutorial or informational video, given the title ""How to Use Instagram Stories in 2022"".",0.6297
GJq44zrdS5A,GJq44zrdS5A,6,"This image appears to be a thumbnail or preview for a video, but the content or type of video cannot be determined from the image alone.",0.6297
GJq44zrdS5A,GJq44zrdS5A,7,"This is an instructional video, likely teaching a craft or hobby technique.",0.6297
GJq44zrdS5A,GJq44zrdS5A,8,This is an instructional video demonstrating a process or technique.,0.6297
GJq44zrdS5A,GJq44zrdS5A,9,This is a brief animated video with a black background.,0.6297
GJq44zrdS5A,GJq44zrdS5A,10,"This image appears to be a thumbnail for a video, likely an advertisement or promotional video, given the presence of the ""PREMIUM"" label and the action-oriented design.",0.6297
Gn1hEZcLt5Q,Gn1hEZcLt5Q,1,"The person in the image appears to be breaking the pencils by applying force with their hand, which is causing the pencils to shatter.",0.5312
Gn1hEZcLt5Q,Gn1hEZcLt5Q,2,"The image shows a hand breaking a pencil, but it does not provide context or details on how the breaking was done.",0.5312
Gn1hEZcLt5Q,Gn1hEZcLt5Q,3,"He breaks the pencils by applying force to them, causing them to shatter or snap.",0.5312
Gn1hEZcLt5Q,Gn1hEZcLt5Q,4,The image does not provide information on how the person is breaking the pencils. It only shows a person holding a pencil and a broken pencil.,0.5312
Gn1hEZcLt5Q,Gn1hEZcLt5Q,5,"The image shows a person breaking pencils, which is typically done by applying force to the pencil, causing it to shatter or snap.",0.5312
Gn1hEZcLt5Q,Gn1hEZcLt5Q,6,The image does not provide enough context to determine how he manages to break the pencils.,0.5312
Gn1hEZcLt5Q,Gn1hEZcLt5Q,7,He breaks the pencils by hitting them with a forceful impact.,0.5312
Gn1hEZcLt5Q,Gn1hEZcLt5Q,8,He breaks the pencils by hitting them with a hammer.,0.5312
Gn1hEZcLt5Q,Gn1hEZcLt5Q,9,"The image shows a hand breaking a pencil in half, likely by applying force to the middle of the pencil, causing it to snap.",0.5312
Gn1hEZcLt5Q,Gn1hEZcLt5Q,10,"The image shows a hand breaking a pencil, which is a common action to demonstrate the fragility of the object.",0.5312
GnOVP1b106U,GnOVP1b106U,1,"When a bird starts chirping, it usually indicates that the bird is communicating with others of its species, possibly to sing, warn of danger, or attract a mate.",0.7393
GnOVP1b106U,GnOVP1b106U,2,"When a bird starts chirping, it typically indicates that the bird is alert, communicating, or calling out to other birds.",0.7393
GnOVP1b106U,GnOVP1b106U,3,"When a bird starts chirping, it typically indicates that the bird is communicating, often as a way to express its presence, attract a mate, or warn of danger.",0.7393
GnOVP1b106U,GnOVP1b106U,4,"When a bird starts chirping, it usually indicates that the bird is communicating, possibly to signal its presence, attract a mate, or warn others of potential danger.",0.7393
GnOVP1b106U,GnOVP1b106U,5,"When a bird starts chirping, it is often a sign of communication, alerting, or signaling a desire for food, attention, or a response to its environment.",0.7393
GnOVP1b106U,GnOVP1b106U,6,"When a bird starts chirping, it usually indicates that the bird is communicating, possibly to signal its presence, attract a mate, or warn other birds of danger.",0.7393
GnOVP1b106U,GnOVP1b106U,7,"When a bird starts chirping, it is usually a sign of communication, such as warning others of danger, calling its mate, or signaling readiness to mate.",0.7393
GnOVP1b106U,GnOVP1b106U,8,"When a bird starts chirping, it usually indicates that the bird is communicating, singing, or making a sound to attract a mate, warn off other birds, or announce its presence.",0.7393
GnOVP1b106U,GnOVP1b106U,9,"When a bird starts chirping, it typically indicates that the bird is communicating, which could be a sign of alarm, distress, mating, or a call to its flock or offspring.",0.7393
GnOVP1b106U,GnOVP1b106U,10,"When a bird starts chirping, it usually indicates that the bird is communicating with other birds, signaling distress, or expressing happiness or excitement.",0.7393
GO99jgYXXPo,GO99jgYXXPo,1,There are two eggs in the serving.,0.4358
GO99jgYXXPo,GO99jgYXXPo,2,There is one egg in the serving.,0.4358
GO99jgYXXPo,GO99jgYXXPo,3,There is one egg in the serving.,0.4358
GO99jgYXXPo,GO99jgYXXPo,4,There is one egg in the serving.,0.4358
GO99jgYXXPo,GO99jgYXXPo,5,There are two eggs in the serving.,0.4358
GO99jgYXXPo,GO99jgYXXPo,6,There is one egg in the serving.,0.4358
GO99jgYXXPo,GO99jgYXXPo,7,There is one egg in the serving.,0.4358
GO99jgYXXPo,GO99jgYXXPo,8,There are 2 eggs in the serving.,0.4358
GO99jgYXXPo,GO99jgYXXPo,9,There is one egg in the serving.,0.4358
GO99jgYXXPo,GO99jgYXXPo,10,The image shows one egg in the serving.,0.4358
Gp4LVTn3YbY,Gp4LVTn3YbY,1,"The woman swallows the wafer, which is likely a religious sacrament.",0.7784
Gp4LVTn3YbY,Gp4LVTn3YbY,2,"The woman experiences the taste and texture of the wafer, which may lead to a moment of enjoyment or reflection depending on her reaction.",0.7784
Gp4LVTn3YbY,Gp4LVTn3YbY,3,"The woman likely chews and swallows the wafer, experiencing the taste and texture of the food.",0.7784
Gp4LVTn3YbY,Gp4LVTn3YbY,4,"After the woman puts the wafer in her mouth, she likely experiences the taste and texture of the wafer as she chews and swallows it.",0.7784
Gp4LVTn3YbY,Gp4LVTn3YbY,5,"After the woman puts the wafer in her mouth, she chews it, savoring the taste, and then swallows it.",0.7784
Gp4LVTn3YbY,Gp4LVTn3YbY,6,"After the woman puts the wafer in her mouth, she likely experiences a taste and potentially a sense of fulfillment or satisfaction from the wafer's flavor and texture.",0.7784
Gp4LVTn3YbY,Gp4LVTn3YbY,7,"The woman swallows the wafer, which is a common practice during religious ceremonies.",0.7784
Gp4LVTn3YbY,Gp4LVTn3YbY,8,The woman swallows the wafer and continues to chew and swallow the other pieces.,0.7784
Gp4LVTn3YbY,Gp4LVTn3YbY,9,The woman will likely experience a taste sensation and potentially enjoy the flavor of the wafer.,0.7784
Gp4LVTn3YbY,Gp4LVTn3YbY,10,"After the woman puts the wafer in her mouth, she likely experiences the taste and texture of the wafer as she chews and swallows it.",0.7784
Gq-fFH6p7cQ,Gq-fFH6p7cQ,1,The man takes two steps before stepping into the water.,0.4492
Gq-fFH6p7cQ,Gq-fFH6p7cQ,2,The man takes two steps before stepping into the water.,0.4492
Gq-fFH6p7cQ,Gq-fFH6p7cQ,3,The man takes three steps before stepping into the water.,0.4492
Gq-fFH6p7cQ,Gq-fFH6p7cQ,4,The man takes two steps before stepping into the water.,0.4492
Gq-fFH6p7cQ,Gq-fFH6p7cQ,5,The man takes two steps before stepping into the water.,0.4492
Gq-fFH6p7cQ,Gq-fFH6p7cQ,6,The man takes two steps before stepping into the water.,0.4492
Gq-fFH6p7cQ,Gq-fFH6p7cQ,7,The man takes two steps before stepping into the water.,0.4492
Gq-fFH6p7cQ,Gq-fFH6p7cQ,8,The man takes two steps before stepping into the water.,0.4492
Gq-fFH6p7cQ,Gq-fFH6p7cQ,9,The man takes two steps before stepping into the water.,0.4492
Gq-fFH6p7cQ,Gq-fFH6p7cQ,10,The man takes two steps before stepping into the water.,0.4492
GqcZ_L3yWes,GqcZ_L3yWes,1,"The boy is sitting with a dog wearing a wig, but it's not clear what specific action he is performing on the dog.",0.6302
GqcZ_L3yWes,GqcZ_L3yWes,2,The boy is petting the dog that is sitting in front of him and wearing a wig.,0.6302
GqcZ_L3yWes,GqcZ_L3yWes,3,"The boy is petting the dog wearing a wig, sitting in front of him.",0.6302
GqcZ_L3yWes,GqcZ_L3yWes,4,"The boy is petting the dog wearing a wig, which is sitting in front of him.",0.6302
GqcZ_L3yWes,GqcZ_L3yWes,5,"The boy is sitting in front of a dog wearing a wig, but it is not clear what specific action he is performing with the dog.",0.6302
GqcZ_L3yWes,GqcZ_L3yWes,6,The boy is petting the dog wearing a wig that is sitting in front of him.,0.6302
GqcZ_L3yWes,GqcZ_L3yWes,7,"The boy is sitting in front of the dog with a wig on, possibly pretending to be the dog.",0.6302
GqcZ_L3yWes,GqcZ_L3yWes,8,"The boy is sitting in front of the dog wearing a wig, possibly engaging in playful or imaginative interaction.",0.6302
GqcZ_L3yWes,GqcZ_L3yWes,9,The boy is petting the dog wearing a wig while it sits in front of him.,0.6302
GqcZ_L3yWes,GqcZ_L3yWes,10,The boy is petting the dog wearing a wig that is sitting in front of him.,0.6302
GRfibNOTJnw,GRfibNOTJnw,1,There are no red lollipops visible in the image.,0.4387
GRfibNOTJnw,GRfibNOTJnw,2,There are no red lollipops visible in the image.,0.4387
GRfibNOTJnw,GRfibNOTJnw,3,There are two red lollipops in the image.,0.4387
GRfibNOTJnw,GRfibNOTJnw,4,There are no red lollipops in the image.,0.4387
GRfibNOTJnw,GRfibNOTJnw,5,There are no red lollipops in the image.,0.4387
GRfibNOTJnw,GRfibNOTJnw,6,There are no red lollipops in the image.,0.4387
GRfibNOTJnw,GRfibNOTJnw,7,"In the image, there are no red lollipops visible.",0.4387
GRfibNOTJnw,GRfibNOTJnw,8,"In the image, there are no red lollipops visible.",0.4387
GRfibNOTJnw,GRfibNOTJnw,9,There are two red lollipops in the picture.,0.4387
GRfibNOTJnw,GRfibNOTJnw,10,There are two red lollipops in the image.,0.4387
Gs4ZVLz6-CE,Gs4ZVLz6-CE,1,"The animals in the picture are not clearly visible, so it's impossible to identify them accurately.",0.5459
Gs4ZVLz6-CE,Gs4ZVLz6-CE,2,The animals in the picture are elephants.,0.5459
Gs4ZVLz6-CE,Gs4ZVLz6-CE,3,The image shows two animals that appear to be a fox and a rabbit.,0.5459
Gs4ZVLz6-CE,Gs4ZVLz6-CE,4,The image shows a group of monkeys.,0.5459
Gs4ZVLz6-CE,Gs4ZVLz6-CE,5,The animals in the picture are tigers.,0.5459
Gs4ZVLz6-CE,Gs4ZVLz6-CE,6,"The image shows a collection of animals, but it's not clear which specific animals they are.",0.5459
Gs4ZVLz6-CE,Gs4ZVLz6-CE,7,The animals in the picture are birds.,0.5459
Gs4ZVLz6-CE,Gs4ZVLz6-CE,8,The animals in the picture are ducks.,0.5459
Gs4ZVLz6-CE,Gs4ZVLz6-CE,9,The image shows two animals that appear to be rabbits.,0.5459
Gs4ZVLz6-CE,Gs4ZVLz6-CE,10,The image shows a group of koalas.,0.5459
GSo0ep3dlh4,GSo0ep3dlh4,1,The woman is buttoning up the front of the button-down shirt.,0.8455
GSo0ep3dlh4,GSo0ep3dlh4,2,The woman is buttoning up the button-down shirt.,0.8455
GSo0ep3dlh4,GSo0ep3dlh4,3,The woman is shown wearing a button-down shirt in the image.,0.8455
GSo0ep3dlh4,GSo0ep3dlh4,4,The woman is buttoning up the button-down shirt.,0.8455
GSo0ep3dlh4,GSo0ep3dlh4,5,The woman buttons up her button-down shirt.,0.8455
GSo0ep3dlh4,GSo0ep3dlh4,6,"The woman is seen buttoning the shirt, indicating she is preparing to wear it.",0.8455
GSo0ep3dlh4,GSo0ep3dlh4,7,The woman is shown buttoning up her button-down shirt.,0.8455
GSo0ep3dlh4,GSo0ep3dlh4,8,The woman is buttoning up her button-down shirt.,0.8455
GSo0ep3dlh4,GSo0ep3dlh4,9,"The woman is holding the button-down shirt, likely examining it or preparing to wear it.",0.8455
GSo0ep3dlh4,GSo0ep3dlh4,10,The woman is seen buttoning up her button-down shirt.,0.8455
GtTPXrtzEFc,GtTPXrtzEFc,1,"The cat is likely pawing the doors because it is trying to get in or out, possibly to find food, go outside, or join the family in another room.",0.5874
GtTPXrtzEFc,GtTPXrtzEFc,2,The cat might be pawing at the doors to gain attention or access to the other side.,0.5874
GtTPXrtzEFc,GtTPXrtzEFc,3,"The cat is likely pawing at the doors to get attention or to express curiosity or frustration, as cats are known to mark their territory and communicate with humans through various behaviors.",0.5874
GtTPXrtzEFc,GtTPXrtzEFc,4,"The cat might be pawing the doors out of curiosity, seeking attention, or trying to communicate that it needs to go outside.",0.5874
GtTPXrtzEFc,GtTPXrtzEFc,5,"The cat might be pawing the doors because it wants to go outside or enter a room, or it could be showing a desire for attention.",0.5874
GtTPXrtzEFc,GtTPXrtzEFc,6,"The cat might be pawing the doors in an attempt to get attention, to open the door, or to express curiosity about something outside.",0.5874
GtTPXrtzEFc,GtTPXrtzEFc,7,"The cat might be pawing the doors to get attention, express frustration, or try to communicate something, such as wanting to go outside or get in.",0.5874
GtTPXrtzEFc,GtTPXrtzEFc,8,The cat is likely pawing the door to gain attention or to be let inside.,0.5874
GtTPXrtzEFc,GtTPXrtzEFc,9,"The cat might be pawing the doors to get attention, express hunger, or to try to go outside.",0.5874
GtTPXrtzEFc,GtTPXrtzEFc,10,"The cat is pawing at the doors, likely because it is trying to get in or out, or it might be reacting to a sound or movement outside.",0.5874
GuSGaDJsgsE,GuSGaDJsgsE,1,"The video starts with a sound effect that resembles a high-pitched, mechanical whine.",0.6159
GuSGaDJsgsE,GuSGaDJsgsE,2,The sound heard at the beginning of the video is a notification bell.,0.6159
GuSGaDJsgsE,GuSGaDJsgsE,3,The sound heard at the beginning of the video is a brief musical interlude.,0.6159
GuSGaDJsgsE,GuSGaDJsgsE,4,The video begins with a sound of a door opening.,0.6159
GuSGaDJsgsE,GuSGaDJsgsE,5,The sound heard at the beginning of the video is a high-pitched tone.,0.6159
GuSGaDJsgsE,GuSGaDJsgsE,6,"The video begins with a gentle, ambient hum that gradually fades into a clearer, more defined sound, likely a spoken word or a musical note, which is not easily discernible from the provided image.",0.6159
GuSGaDJsgsE,GuSGaDJsgsE,7,"The sound heard at the beginning of the video is a quiet, almost inaudible, background noise that could be described as a soft hum or a distant whisper.",0.6159
GuSGaDJsgsE,GuSGaDJsgsE,8,"The sound heard at the beginning of the video is a soft, gentle humming.",0.6159
GuSGaDJsgsE,GuSGaDJsgsE,9,"The sound heard at the beginning of the video is a ""ding"" or a bell-like sound.",0.6159
GuSGaDJsgsE,GuSGaDJsgsE,10,The sound heard at the beginning of the video is a notification or alert sound.,0.6159
GuxpJ5XyL5Q,GuxpJ5XyL5Q,1,"The teacher is standing in the classroom, possibly preparing to teach or interacting with students.",0.4372
GuxpJ5XyL5Q,GuxpJ5XyL5Q,2,"The teacher appears to be standing in the classroom, possibly addressing the class or preparing to teach a lesson.",0.4372
GuxpJ5XyL5Q,GuxpJ5XyL5Q,3,The teacher is explaining a concept to the students in the classroom.,0.4372
GuxpJ5XyL5Q,GuxpJ5XyL5Q,4,The teacher is writing on the whiteboard in the classroom.,0.4372
GuxpJ5XyL5Q,GuxpJ5XyL5Q,5,"The teacher is standing near a whiteboard, possibly explaining a concept or leading a lesson.",0.4372
GuxpJ5XyL5Q,GuxpJ5XyL5Q,6,"The teacher is standing in front of the class, likely explaining a topic or engaging with the students.",0.4372
GuxpJ5XyL5Q,GuxpJ5XyL5Q,7,"The teacher is standing in front of the classroom, likely addressing the students.",0.4372
GuxpJ5XyL5Q,GuxpJ5XyL5Q,8,The teacher is explaining something to the students in the classroom.,0.4372
GuxpJ5XyL5Q,GuxpJ5XyL5Q,9,The teacher is explaining a concept to the students in the classroom.,0.4372
GuxpJ5XyL5Q,GuxpJ5XyL5Q,10,The teacher is likely explaining a concept or demonstrating a technique to the students in the classroom.,0.4372
GWCGF1WpMPc,GWCGF1WpMPc,1,The old woman bends down to pick up the broken ball.,0.7793
GWCGF1WpMPc,GWCGF1WpMPc,2,The old woman gently picks up the broken ball and offers a comforting smile.,0.7793
GWCGF1WpMPc,GWCGF1WpMPc,3,"The old woman, likely the grandmother, is shown looking at the child with a concerned expression, suggesting she is assessing the situation after the child breaks the ball.",0.7793
GWCGF1WpMPc,GWCGF1WpMPc,4,The old woman bends down to pick up the broken ball.,0.7793
GWCGF1WpMPc,GWCGF1WpMPc,5,"The old woman looks at the broken ball and then gently picks it up, showing a mix of concern and understanding.",0.7793
GWCGF1WpMPc,GWCGF1WpMPc,6,"The old woman smiles and gently picks up the broken ball, showing a kind and understanding demeanor.",0.7793
GWCGF1WpMPc,GWCGF1WpMPc,7,The old woman looks at the broken ball with a concerned expression.,0.7793
GWCGF1WpMPc,GWCGF1WpMPc,8,The old woman bends down to pick up the broken ball.,0.7793
GWCGF1WpMPc,GWCGF1WpMPc,9,The old woman likely picks up the broken ball and possibly explains the rules of the game to the kid.,0.7793
GWCGF1WpMPc,GWCGF1WpMPc,10,"The old woman, presumably the grandmother, looks down at the broken ball with a mix of disappointment and concern.",0.7793
Gw_73ZoYFr8,Gw_73ZoYFr8,1,There are two books visible in the video.,0.5332
Gw_73ZoYFr8,Gw_73ZoYFr8,2,There is one book in the video.,0.5332
Gw_73ZoYFr8,Gw_73ZoYFr8,3,There are two books in the video.,0.5332
Gw_73ZoYFr8,Gw_73ZoYFr8,4,There are no books visible in the video.,0.5332
Gw_73ZoYFr8,Gw_73ZoYFr8,5,There are no books visible in the video.,0.5332
Gw_73ZoYFr8,Gw_73ZoYFr8,6,There is one book visible in the video.,0.5332
Gw_73ZoYFr8,Gw_73ZoYFr8,7,There are two books visible in the video.,0.5332
Gw_73ZoYFr8,Gw_73ZoYFr8,8,There are no books visible in the video.,0.5332
Gw_73ZoYFr8,Gw_73ZoYFr8,9,There are no books visible in the video.,0.5332
Gw_73ZoYFr8,Gw_73ZoYFr8,10,There are no books visible in the video.,0.5332
GxcEldb2Prw,GxcEldb2Prw,1,The man's clenched fists and the way he is looking downward suggest that he is frustrated.,0.5855
GxcEldb2Prw,GxcEldb2Prw,2,The man's clenched fists and the furrowed brow suggest he is frustrated.,0.5855
GxcEldb2Prw,GxcEldb2Prw,3,The man's furrowed brow and the slight tilt of his head suggest he may be frustrated.,0.5855
GxcEldb2Prw,GxcEldb2Prw,4,The man's clenched fists and the furrowed brow suggest he is frustrated.,0.5855
GxcEldb2Prw,GxcEldb2Prw,5,The man's clenched fists and the furrowed brow suggest that he is frustrated.,0.5855
GxcEldb2Prw,GxcEldb2Prw,6,The man's clenched fists and furrowed brow suggest that he is frustrated.,0.5855
GxcEldb2Prw,GxcEldb2Prw,7,The man's clenched fists and furrowed brow suggest he is frustrated.,0.5855
GxcEldb2Prw,GxcEldb2Prw,8,The man's clenched fist and furrowed brow suggest he is frustrated.,0.5855
GxcEldb2Prw,GxcEldb2Prw,9,The man's furrowed brow and the clenched fist suggest he is frustrated.,0.5855
GxcEldb2Prw,GxcEldb2Prw,10,The man's furrowed brow and the way he is looking down suggest he might be feeling frustrated.,0.5855
Gxwk3wdwV08,Gxwk3wdwV08,1,"The man realizes he has likely bitten his tongue or another part of his mouth, which is causing the blood.",0.7174
Gxwk3wdwV08,Gxwk3wdwV08,2,"The man realizes that he has likely brushed his teeth too hard, causing gum bleeding.",0.7174
Gxwk3wdwV08,Gxwk3wdwV08,3,"The man realizes that he has been brushing his teeth too hard, causing gum bleeding.",0.7174
Gxwk3wdwV08,Gxwk3wdwV08,4,"The man realizes that he has likely bitten down too hard on his toothbrush while brushing his teeth, resulting in bleeding.",0.7174
Gxwk3wdwV08,Gxwk3wdwV08,5,The man realizes that he has likely been brushing his teeth too hard or using a???????? which has caused gum bleeding.,0.7174
Gxwk3wdwV08,Gxwk3wdwV08,6,"The man realizes that he has likely bitten his cheek or gum, which caused the bleeding.",0.7174
Gxwk3wdwV08,Gxwk3wdwV08,7,"The man realizes that he has likely bitten his tongue or cheek, causing the bleeding.",0.7174
Gxwk3wdwV08,Gxwk3wdwV08,8,"The man realizes that he has likely bitten his lip or cheek and is bleeding, which might be a sign of dental damage or a need to see a dentist.",0.7174
Gxwk3wdwV08,Gxwk3wdwV08,9,"The man realizes that he has likely bitten his lip or cheek, which is causing the blood and leaving the toothbrush untouched on the counter.",0.7174
Gxwk3wdwV08,Gxwk3wdwV08,10,The man realizes that he has just flossed and the blood is from the floss rather than from an injury.,0.7174
GYqVa5CA8jM,GYqVa5CA8jM,1,The image does not provide enough information to determine if the little boy likes his medicine.,0.5033
GYqVa5CA8jM,GYqVa5CA8jM,2,The image does not provide enough information to determine whether the little boy likes his medicine.,0.5033
GYqVa5CA8jM,GYqVa5CA8jM,3,The image does not provide enough context to determine if the little boy likes his medicine.,0.5033
GYqVa5CA8jM,GYqVa5CA8jM,4,The image does not provide enough information to determine whether the little boy likes his medicine.,0.5033
GYqVa5CA8jM,GYqVa5CA8jM,5,The image does not provide enough context to determine if the little boy likes his medicine.,0.5033
GYqVa5CA8jM,GYqVa5CA8jM,6,The image does not provide enough information to determine whether the little boy likes his medicine.,0.5033
GYqVa5CA8jM,GYqVa5CA8jM,7,The image does not provide enough context to determine if the little boy likes his medicine.,0.5033
GYqVa5CA8jM,GYqVa5CA8jM,8,The image does not provide enough information to determine if the little boy likes his medicine.,0.5033
GYqVa5CA8jM,GYqVa5CA8jM,9,"The image provided does not contain any information about a little boy or his feelings towards medicine. It is a blank white space with a small ""X"" in the center.",0.5033
GYqVa5CA8jM,GYqVa5CA8jM,10,The image does not provide enough information to determine whether the little boy likes his medicine.,0.5033
H18wdPYmAOA,H18wdPYmAOA,1,The skin showed a significant improvement in texture and tone after the new laser resurfacing machine was used.,0.6112
H18wdPYmAOA,H18wdPYmAOA,2,The skin experienced a noticeable improvement in texture and a reduction in fine lines and wrinkles following the use of the new laser resurfacing machine.,0.6112
H18wdPYmAOA,H18wdPYmAOA,3,The skin appeared smoother and more even after using the new laser resurfacing machine.,0.6112
H18wdPYmAOA,H18wdPYmAOA,4,The skin showed signs of healing and rejuvenation after the laser resurfacing treatment.,0.6112
H18wdPYmAOA,H18wdPYmAOA,5,The skin appeared smoother and more even after the laser resurfacing machine was used.,0.6112
H18wdPYmAOA,H18wdPYmAOA,6,The skin appeared smoother and more youthful after the laser resurfacing machine was used.,0.6112
H18wdPYmAOA,H18wdPYmAOA,7,The skin appeared smoother and more even after the new laser resurfacing machine was used.,0.6112
H18wdPYmAOA,H18wdPYmAOA,8,"The skin showed signs of recovery after the use of a new laser resurfacing machine, indicating successful treatment.",0.6112
H18wdPYmAOA,H18wdPYmAOA,9,"The skin showed signs of improvement, with reduced wrinkles and a smoother texture after the new laser resurfacing machine was used.",0.6112
H18wdPYmAOA,H18wdPYmAOA,10,The skin appeared red and sore after the new laser resurfacing machine was used.,0.6112
H6npY5v3HVs,H6npY5v3HVs,1,"The two individuals are engaged in a sport that involves jumping, likely trampolining.",0.4707
H6npY5v3HVs,H6npY5v3HVs,2,The two individuals are engaged in the sport of soccer (football).,0.4707
H6npY5v3HVs,H6npY5v3HVs,3,The two individuals in the image are engaged in the sport of baseball.,0.4707
H6npY5v3HVs,H6npY5v3HVs,4,The two individuals are engaged in bowling.,0.4707
H6npY5v3HVs,H6npY5v3HVs,5,The two individuals are engaged in the sport of golf.,0.4707
H6npY5v3HVs,H6npY5v3HVs,6,The two individuals are engaged in the sport of tennis.,0.4707
H6npY5v3HVs,H6npY5v3HVs,7,The two individuals are engaged in the sport of tennis.,0.4707
H6npY5v3HVs,H6npY5v3HVs,8,The two individuals are engaged in a game of badminton.,0.4707
H6npY5v3HVs,H6npY5v3HVs,9,The two individuals are engaged in the sport of tennis.,0.4707
H6npY5v3HVs,H6npY5v3HVs,10,The two individuals are engaged in swimming.,0.4707
H8GzucU2bb0,H8GzucU2bb0,1,"The image shows a child with an iPad, but the child's expression or body language does not provide a clear indication of gratitude.",0.7169
H8GzucU2bb0,H8GzucU2bb0,2,"The image shows a child with a thumbs-up gesture, which could be interpreted as a sign of approval or gratitude, possibly in response to receiving an iPad.",0.7169
H8GzucU2bb0,H8GzucU2bb0,3,The image does not provide enough context to determine if the child is grateful for getting the iPad.,0.7169
H8GzucU2bb0,H8GzucU2bb0,4,The image does not provide enough context to determine if the child is grateful for the i-pad.,0.7169
H8GzucU2bb0,H8GzucU2bb0,5,The image does not provide enough context to determine the child's gratitude for the iPad.,0.7169
H8GzucU2bb0,H8GzucU2bb0,6,"The child appears to be very happy and excited, which could be interpreted as a sign of gratitude for getting the iPad.",0.7169
H8GzucU2bb0,H8GzucU2bb0,7,"The image does not provide any information about the child's feelings or the context of receiving an iPad, so it's not possible to determine if the child is grateful based solely on this image.",0.7169
H8GzucU2bb0,H8GzucU2bb0,8,The image does not provide enough context to determine if the child is grateful for getting the iPad.,0.7169
H8GzucU2bb0,H8GzucU2bb0,9,"The image shows a child with a look of joy and excitement, which might suggest that the child is grateful for getting the i-pad.",0.7169
H8GzucU2bb0,H8GzucU2bb0,10,The child's expression suggests they are excited and possibly grateful for the i-pad.,0.7169
H9h3o-BKTbM,H9h3o-BKTbM,1,"The young man likely has a funny look on his face because seeing a monkey in a crowd of people is unusual and unexpected, which can be amusing or surprising.",0.6502
H9h3o-BKTbM,H9h3o-BKTbM,2,"The young man is likely reacting humorously to the unexpected presence of a monkey in a crowd of people, which is an unusual and amusing sight.",0.6502
H9h3o-BKTbM,H9h3o-BKTbM,3,"The young man likely has a funny look on his face because monkeys are not typically found in crowds of people, making the sight unexpected and amusing.",0.6502
H9h3o-BKTbM,H9h3o-BKTbM,4,"The young man might have a funny look on his face because the monkey's presence in a crowd of people is unusual and unexpected, which can be amusing.",0.6502
H9h3o-BKTbM,H9h3o-BKTbM,5,"The young man likely has a funny look on his face because seeing a monkey in a crowd of people is unusual and unexpected, which can be humorous.",0.6502
H9h3o-BKTbM,H9h3o-BKTbM,6,"The young man is likely reacting to the unexpected sight of a monkey in a crowd of people, which is unusual and amusing.",0.6502
H9h3o-BKTbM,H9h3o-BKTbM,7,The young man likely has a funny look on his face because the monkey's unexpected presence in a crowd of people is amusing and out of the ordinary.,0.6502
H9h3o-BKTbM,H9h3o-BKTbM,8,The young man has a funny look on his face because he likely found the sight of a monkey in a crowd of people amusing or unexpected.,0.6502
H9h3o-BKTbM,H9h3o-BKTbM,9,The young man likely has a funny look on his face because he found the monkey in the crowd of people surprising and amusing.,0.6502
H9h3o-BKTbM,H9h3o-BKTbM,10,The young man has a funny look on his face because he is likely surprised or amused by the unexpected presence of a monkey in a crowd of people.,0.6502
HALDk0pCfXU,HALDk0pCfXU,1,"The dog looks down at the phone, seemingly surprised or curious.",0.5225
HALDk0pCfXU,HALDk0pCfXU,2,The dog likely walks away from the smart phone after stepping on it.,0.5225
HALDk0pCfXU,HALDk0pCfXU,3,"The dog immediately steps on the smartphone, causing it to shatter into pieces.",0.5225
HALDk0pCfXU,HALDk0pCfXU,4,The dog quickly lifts its paw off the phone to avoid damage.,0.5225
HALDk0pCfXU,HALDk0pCfXU,5,"The dog steps on the smartphone, causing it to emit a loud noise.",0.5225
HALDk0pCfXU,HALDk0pCfXU,6,The dog steps on the smartphone and immediately jumps back in surprise.,0.5225
HALDk0pCfXU,HALDk0pCfXU,7,"The dog steps on the smartphone, causing it to break.",0.5225
HALDk0pCfXU,HALDk0pCfXU,8,The dog lifts its paw to inspect the phone.,0.5225
HALDk0pCfXU,HALDk0pCfXU,9,"The dog steps on the smartphone, then lifts its paw and looks at the phone.",0.5225
HALDk0pCfXU,HALDk0pCfXU,10,The dog quickly jumps back after stepping on the smartphone.,0.5225
HAsemyRhNj8,HAsemyRhNj8,1,"The 22-year-old in the video does not use the term ""natty bro,"" which might suggest a casual or less formal speaking style, potentially indicating a lack of adherence to a specific slang or term typically associated with that label.",0.6538
HAsemyRhNj8,HAsemyRhNj8,2,"The 22-year-old in the video does not exhibit the typical behaviors or attire associated with a ""natty bro,"" suggesting a more casual and less polished appearance.",0.6538
HAsemyRhNj8,HAsemyRhNj8,3,"The 22-year-old in the video displays casual behavior and language that suggests a relaxed, informal style, which might indicate they are not a ""natty bro.""",0.6538
HAsemyRhNj8,HAsemyRhNj8,4,"The 22-year-old in the video is seen wearing a t-shirt with a graphic design, which might indicate a casual and laid-back style, possibly not fitting the ""natty bro"" image typically associated with more formal or traditional fashion choices.",0.6538
HAsemyRhNj8,HAsemyRhNj8,5,"The 22-year-old in the video gives clues about not being a natty bro by showing a casual and laid-back demeanor, along with a relaxed attitude and natural expressions.",0.6538
HAsemyRhNj8,HAsemyRhNj8,6,"The 22-year-old in the video does not exhibit typical ""natty bro"" behavior, such as using slang or engaging in casual conversation that might be considered overly casual or informal.",0.6538
HAsemyRhNj8,HAsemyRhNj8,7,"The 22-year-old in the video does not exhibit any signs of being a ""natty bro,"" as they appear to be casually dressed and relaxed, suggesting a more laid-back and authentic personality.",0.6538
HAsemyRhNj8,HAsemyRhNj8,8,"The 22-year-old in the video shows signs of not being a ""natty bro"" by engaging in casual and relatable activities, such as enjoying a meal and having a conversation, which suggests a more down-to-earth and approachable demeanor.",0.6538
HAsemyRhNj8,HAsemyRhNj8,9,"The 22-year-old in the video shows a casual and relaxed demeanor, indicating a laid-back attitude that suggests they might not be a ""natty bro.""",0.6538
HAsemyRhNj8,HAsemyRhNj8,10,"The 22-year-old in the video does not exhibit the typical behaviors or speech patterns associated with being a ""natty bro,"" suggesting they are not one.",0.6538
HC74qkV2-YA,HC74qkV2-YA,1,"The men are seen standing over the paper on the floor, suggesting they may be discussing or examining it.",0.5488
HC74qkV2-YA,HC74qkV2-YA,2,The men are standing on top of the paper on the floor.,0.5488
HC74qkV2-YA,HC74qkV2-YA,3,The men are seen picking up the paper from the floor.,0.5488
HC74qkV2-YA,HC74qkV2-YA,4,The men are seen picking up the paper from the floor.,0.5488
HC74qkV2-YA,HC74qkV2-YA,5,"The men are seen interacting with a piece of paper on the floor, but without more context, it's not clear what specific action they are taking with it.",0.5488
HC74qkV2-YA,HC74qkV2-YA,6,The men are seen reading the paper on the floor.,0.5488
HC74qkV2-YA,HC74qkV2-YA,7,"The men are standing over a piece of paper on the floor, likely discussing or examining it.",0.5488
HC74qkV2-YA,HC74qkV2-YA,8,The men are seen kicking the paper around on the floor.,0.5488
HC74qkV2-YA,HC74qkV2-YA,9,The men are picking up the paper from the floor.,0.5488
HC74qkV2-YA,HC74qkV2-YA,10,The men are standing on the paper on the floor.,0.5488
HCE45LGztlo,HCE45LGztlo,1,"When you commit a sin, it can lead to personal feelings of guilt, shame, or remorse, and may also have negative consequences for your relationships and spiritual well-being.",0.7025
HCE45LGztlo,HCE45LGztlo,2,"When you commit a sin, you may experience feelings of guilt, remorse, or shame, and the act can have negative consequences for yourself, others, and your relationship with a higher power or religious beliefs.",0.7025
HCE45LGztlo,HCE45LGztlo,3,"When you commit a sin, you may experience a sense of guilt, remorse, or consequences that can vary depending on the context and the individual's beliefs and moral code.",0.7025
HCE45LGztlo,HCE45LGztlo,4,"When you commit a sin, you may experience guilt, remorse, and a sense of having violated a moral or religious principle, which can lead to personal and spiritual consequences.",0.7025
HCE45LGztlo,HCE45LGztlo,5,"When you commit a sin, you may experience consequences such as guilt, remorse, or negative effects on your relationships and spiritual well-being.",0.7025
HCE45LGztlo,HCE45LGztlo,6,"When you commit a sin, you may experience a sense of guilt, remorse, or consequences that depend on the nature of the sin and the context in which it is committed.",0.7025
HCE45LGztlo,HCE45LGztlo,7,"When you commit a sin, you may experience feelings of guilt, remorse, and a sense of having violated moral or religious principles.",0.7025
HCE45LGztlo,HCE45LGztlo,8,"When you commit a sin, it can lead to personal guilt, remorse, and a sense of disconnection from a higher power or moral compass, depending on your beliefs.",0.7025
HCE45LGztlo,HCE45LGztlo,9,"When you commit a sin, it can lead to a sense of guilt, remorse, and the potential for spiritual or moral consequences, depending on the context and the beliefs of the individual or community.",0.7025
HCE45LGztlo,HCE45LGztlo,10,"When you commit a sin, it can lead to a sense of guilt, remorse, and may also have consequences that vary depending on the context, such as spiritual, emotional, or legal repercussions.",0.7025
HcvOhX3n784,HcvOhX3n784,1,"By the end of the video, the character is seen standing in a room, possibly reflecting on the events that transpired.",0.5725
HcvOhX3n784,HcvOhX3n784,2,"By the end of the video, the character is left standing alone in a dimly lit room, gazing out of a window.",0.5725
HcvOhX3n784,HcvOhX3n784,3,"By the end of the video, the character is seen with a new outfit and a different hairstyle.",0.5725
HcvOhX3n784,HcvOhX3n784,4,The video concludes with the main character arriving at their destination.,0.5725
HcvOhX3n784,HcvOhX3n784,5,"By the end of the video, the scene shifts to a completely different setting, showing a group of people standing in a room with tables and chairs, indicating a change in the narrative or a new scene.",0.5725
HcvOhX3n784,HcvOhX3n784,6,"By the end of the video, the person has successfully completed the task of arranging the items in the box.",0.5725
HcvOhX3n784,HcvOhX3n784,7,The video ends with a close-up shot of a person's hand holding a small object.,0.5725
HcvOhX3n784,HcvOhX3n784,8,The video concludes with the character completing the task or achieving the goal.,0.5725
HcvOhX3n784,HcvOhX3n784,9,The video ends with a resolution to the conflict and the characters finding a peaceful solution.,0.5725
HcvOhX3n784,HcvOhX3n784,10,"The video ends with a shot of a tranquil outdoor scene, likely to convey a sense of peace or resolution.",0.5725
HD2_qedLUTE,HD2_qedLUTE,1,"The first two sentences spoken in this video are ""Good morning"" and ""How are you?""",0.6307
HD2_qedLUTE,HD2_qedLUTE,2,"The first two sentences spoken in this video are: ""This is a test"" and ""This is a test.""",0.6307
HD2_qedLUTE,HD2_qedLUTE,3,"The first two sentences spoken in the video are ""How are you?"" and ""I'm fine, thanks.""",0.6307
HD2_qedLUTE,HD2_qedLUTE,4,"The first two sentences spoken in the video are ""Hello, how are you?"" and ""It's nice to meet you.""",0.6307
HD2_qedLUTE,HD2_qedLUTE,5,"The first two sentences spoken in the video are: ""Hello, how are you?"" and ""I'm doing well, thank you.""",0.6307
HD2_qedLUTE,HD2_qedLUTE,6,"The first two sentences spoken in the video are ""Hello, how are you?"" and ""I'm doing well, thank you.""",0.6307
HD2_qedLUTE,HD2_qedLUTE,7,"The first two sentences spoken in this video are ""Hello, how are you?"" and ""I'm fine, thank you.""",0.6307
HD2_qedLUTE,HD2_qedLUTE,8,"The first two sentences spoken in the video are, ""Hello, how are you?"" followed by ""I'm doing well, thank you.""",0.6307
HD2_qedLUTE,HD2_qedLUTE,9,"The first two sentences spoken in this video are ""Hello, everyone"" and ""Welcome to our channel.""",0.6307
HD2_qedLUTE,HD2_qedLUTE,10,"The first two sentences spoken in this video are ""Hello, how are you?"" followed by ""I'm doing well, thank you.""",0.6307
HD9FEp5RDRs,HD9FEp5RDRs,1,"The water bowl is on the ground, near the bottom left corner of the image.",0.6378
HD9FEp5RDRs,HD9FEp5RDRs,2,The water bowl is not visible in the image provided.,0.6378
HD9FEp5RDRs,HD9FEp5RDRs,3,The water bowl is on the floor near the dog's bed.,0.6378
HD9FEp5RDRs,HD9FEp5RDRs,4,The water bowl is not visible in the image.,0.6378
HD9FEp5RDRs,HD9FEp5RDRs,5,The water bowl is on the floor to the right of the dog.,0.6378
HD9FEp5RDRs,HD9FEp5RDRs,6,The water bowl is not visible in the image.,0.6378
HD9FEp5RDRs,HD9FEp5RDRs,7,The water bowl is not visible in the image provided.,0.6378
HD9FEp5RDRs,HD9FEp5RDRs,8,The water bowl is not visible in the image provided.,0.6378
HD9FEp5RDRs,HD9FEp5RDRs,9,The water bowl is on the floor next to the dog's bed.,0.6378
HD9FEp5RDRs,HD9FEp5RDRs,10,"The water bowl is located on the right side of the image, near the edge.",0.6378
HhJRo_1C5iY,HhJRo_1C5iY,1,"The image does not provide enough context to determine why the dog is barking or hitting the woman with its paw. It is important to note that the image itself is a blank white square, so no details about the dog or the situation can be inferred.",0.8641
HhJRo_1C5iY,HhJRo_1C5iY,2,"The image you provided does not contain a dog or a woman, so it's not possible to determine why the dog might be barking or hitting a woman with its paw. If you have a specific image or context in mind, please provide more details so I can assist you better.",0.8641
HhJRo_1C5iY,HhJRo_1C5iY,3,"The image does not provide context for the dog's behavior, so it is not possible to determine why the dog is barking and hitting a woman with his paw.",0.8641
HhJRo_1C5iY,HhJRo_1C5iY,4,"The image shows a dog with its paw raised, but the context or reason for the dog's behavior cannot be determined from the image alone. It could be due to various reasons such as playfulness, a response to a command, or an attempt to interact with the woman.",0.8641
HhJRo_1C5iY,HhJRo_1C5iY,5,"The image does not provide enough context to determine why the dog is barking and hitting a woman with its paw. This could be a scenario from a story or a cartoon, but without additional information, it's impossible to provide a factual answer.",0.8641
HhJRo_1C5iY,HhJRo_1C5iY,6,"The image appears to be a cartoon or illustration where a dog is depicted in an exaggerated and humorous manner, not a real-life scenario. In cartoons, animals are often portrayed in ways that are not reflective of real-life behavior. Therefore, the dog is not barking or hitting a woman with his paw in a real-life",0.8641
HhJRo_1C5iY,HhJRo_1C5iY,7,The image provided does not contain any information about a dog barking or hitting a woman with its paw. It appears to be a blank space.,0.8641
HhJRo_1C5iY,HhJRo_1C5iY,8,"The image you provided does not show a dog barking or hitting a woman with its paw. It appears to be a blank screen, so there is no context to answer the question.",0.8641
HhJRo_1C5iY,HhJRo_1C5iY,9,The image does not provide enough context to determine why the dog is barking and hitting a woman with his paw. It's important to consider the possibility of a dangerous situation and to seek help if necessary.,0.8641
HhJRo_1C5iY,HhJRo_1C5iY,10,"The image shows a dog barking and hitting a woman with its paw, which could be due to the woman trying to startle or provoke the dog, or it might be a result of the woman's actions that the dog perceives as threatening or aggressive.",0.8641
HhlU4N9Lo3Q,HhlU4N9Lo3Q,1,The model with the blue outfit is performing 3 exercises.,0.3676
HhlU4N9Lo3Q,HhlU4N9Lo3Q,2,The model with the blue outfit is doing 3 exercises.,0.3676
HhlU4N9Lo3Q,HhlU4N9Lo3Q,3,The model with the blue outfit is performing 2 exercises.,0.3676
HhlU4N9Lo3Q,HhlU4N9Lo3Q,4,The model with the blue outfit is performing 4 exercises.,0.3676
HhlU4N9Lo3Q,HhlU4N9Lo3Q,5,"The model with the blue outfit is doing one exercise, which is a push-up.",0.3676
HhlU4N9Lo3Q,HhlU4N9Lo3Q,6,The model with the blue outfit is doing 4 exercises.,0.3676
HhlU4N9Lo3Q,HhlU4N9Lo3Q,7,The model in the blue outfit is doing one exercise.,0.3676
HhlU4N9Lo3Q,HhlU4N9Lo3Q,8,The model with the blue outfit is doing one exercise.,0.3676
HhlU4N9Lo3Q,HhlU4N9Lo3Q,9,The model with the blue outfit is doing 10 exercises.,0.3676
HhlU4N9Lo3Q,HhlU4N9Lo3Q,10,The model in the blue outfit is performing 3 exercises.,0.3676
HhyW9mStn7Y,HhyW9mStn7Y,1,We see two scores in the image.,0.409
HhyW9mStn7Y,HhyW9mStn7Y,2,We see two scores in the image.,0.409
HhyW9mStn7Y,HhyW9mStn7Y,3,We see two scores in the image.,0.409
HhyW9mStn7Y,HhyW9mStn7Y,4,There are no scores visible in the image.,0.409
HhyW9mStn7Y,HhyW9mStn7Y,5,We see two scores in the image.,0.409
HhyW9mStn7Y,HhyW9mStn7Y,6,There are no scores visible in the image.,0.409
HhyW9mStn7Y,HhyW9mStn7Y,7,There are no scores visible in the image.,0.409
HhyW9mStn7Y,HhyW9mStn7Y,8,There are two scores shown in the image.,0.409
HhyW9mStn7Y,HhyW9mStn7Y,9,"In the image, we see two scores.",0.409
HhyW9mStn7Y,HhyW9mStn7Y,10,There are two scores visible in the image.,0.409
HI2ZUfgeX0w,HI2ZUfgeX0w,1,"The people appear to be waiting in a parking lot or open area near the shopping mall as they listen to a ""seek shelter"" warning.",0.7564
HI2ZUfgeX0w,HI2ZUfgeX0w,2,"The people appear to be waiting in a parking lot, likely near a shopping mall, as they listen to a ""seek shelter"" warning.",0.7564
HI2ZUfgeX0w,HI2ZUfgeX0w,3,"The people appear to be waiting in a parking lot as they listen to a ""seek shelter"" warning, likely in response to a severe weather event or emergency at a nearby shopping mall.",0.7564
HI2ZUfgeX0w,HI2ZUfgeX0w,4,"The individuals in the image appear to be waiting in a parking lot, likely in response to a ""seek shelter"" warning from a nearby shopping mall.",0.7564
HI2ZUfgeX0w,HI2ZUfgeX0w,5,"The individuals are likely waiting in a public area near the shopping mall, possibly a parking lot or nearby street, as they listen to the ""seek shelter"" warning.",0.7564
HI2ZUfgeX0w,HI2ZUfgeX0w,6,"The people in the image appear to be waiting in a public area, likely outside a building, as they listen to a ""seek shelter"" warning, which is commonly associated with severe weather or emergencies.",0.7564
HI2ZUfgeX0w,HI2ZUfgeX0w,7,"The people appear to be waiting in a parking lot as they listen to a ""seek shelter"" warning for a nearby shopping mall.",0.7564
HI2ZUfgeX0w,HI2ZUfgeX0w,8,"The people appear to be waiting in a public area, likely near a shopping mall, as they are listening to a ""seek shelter"" warning, suggesting an emergency situation.",0.7564
HI2ZUfgeX0w,HI2ZUfgeX0w,9,"The individuals appear to be waiting in a shopping mall as they are listening to a ""seek shelter"" warning.",0.7564
HI2ZUfgeX0w,HI2ZUfgeX0w,10,"The individuals are likely waiting in a public area, possibly outside the shopping mall, as they are listening to a ""seek shelter"" warning, which suggests they are in the vicinity of the shopping center.",0.7564
HIA3EZSjD3k,HIA3EZSjD3k,1,There is one phone visible in the video.,0.3027
HIA3EZSjD3k,HIA3EZSjD3k,2,There are two phones in the video.,0.3027
HIA3EZSjD3k,HIA3EZSjD3k,3,There are two phones visible in the video.,0.3027
HIA3EZSjD3k,HIA3EZSjD3k,4,There are two phones visible in the video.,0.3027
HIA3EZSjD3k,HIA3EZSjD3k,5,There are no phones visible in the video.,0.3027
HIA3EZSjD3k,HIA3EZSjD3k,6,There is one phone visible in the video.,0.3027
HIA3EZSjD3k,HIA3EZSjD3k,7,There are two phones visible in the video.,0.3027
HIA3EZSjD3k,HIA3EZSjD3k,8,There is one phone visible in the video.,0.3027
HIA3EZSjD3k,HIA3EZSjD3k,9,There are two phones visible in the video.,0.3027
HIA3EZSjD3k,HIA3EZSjD3k,10,There are two phones in the video.,0.3027
HIE5JGhq9XU,HIE5JGhq9XU,1,The girls sliding down the tube appear to be around 8 to 12 years old.,0.5458
HIE5JGhq9XU,HIE5JGhq9XU,2,The girls appear to be about 10 years old.,0.5458
HIE5JGhq9XU,HIE5JGhq9XU,3,The girls appear to be around 8-10 years old.,0.5458
HIE5JGhq9XU,HIE5JGhq9XU,4,The girls appear to be around 10-12 years old.,0.5458
HIE5JGhq9XU,HIE5JGhq9XU,5,"The girls appear to be young children, likely around 5 to 10 years old.",0.5458
HIE5JGhq9XU,HIE5JGhq9XU,6,The girls appear to be in their early to mid-teens.,0.5458
HIE5JGhq9XU,HIE5JGhq9XU,7,"The girls appear to be teenagers, as they are of a typical age for such activities.",0.5458
HIE5JGhq9XU,HIE5JGhq9XU,8,"The girls appear to be teenagers, likely between 14 and 18 years old.",0.5458
HIE5JGhq9XU,HIE5JGhq9XU,9,The girls appear to be about 10-12 years old.,0.5458
HIE5JGhq9XU,HIE5JGhq9XU,10,The girls appear to be about 10-12 years old.,0.5458
HifNO8jnX-w,HifNO8jnX-w,1,The woman is using a rolling pin to crush the egg.,0.4169
HifNO8jnX-w,HifNO8jnX-w,2,The woman is using a rolling pin to crush the egg.,0.4169
HifNO8jnX-w,HifNO8jnX-w,3,The woman is using a spoon to crush the egg.,0.4169
HifNO8jnX-w,HifNO8jnX-w,4,The woman is using a rolling pin to crush the egg.,0.4169
HifNO8jnX-w,HifNO8jnX-w,5,The woman is using a rolling pin to crush the egg.,0.4169
HifNO8jnX-w,HifNO8jnX-w,6,The woman is using a rolling pin to crush the egg.,0.4169
HifNO8jnX-w,HifNO8jnX-w,7,The woman is using her hand to crush the egg.,0.4169
HifNO8jnX-w,HifNO8jnX-w,8,The woman is using a stone to crush the egg.,0.4169
HifNO8jnX-w,HifNO8jnX-w,9,The woman is using her hand to crush the egg.,0.4169
HifNO8jnX-w,HifNO8jnX-w,10,The woman is using her hand to crush the egg.,0.4169
HJpXxOUYDxE,HJpXxOUYDxE,1,The woman motorcyclist continues her ride as the man turns his head away.,0.4389
HJpXxOUYDxE,HJpXxOUYDxE,2,"The woman motorcyclist looks at the man, and they appear to engage in a conversation.",0.4389
HJpXxOUYDxE,HJpXxOUYDxE,3,"The woman motorcyclist looks back and the man follows her gaze, indicating a shared focus on something ahead.",0.4389
HJpXxOUYDxE,HJpXxOUYDxE,4,The woman motorcyclist looks to the side as she continues riding past the man.,0.4389
HJpXxOUYDxE,HJpXxOUYDxE,5,The woman motorcyclist looks behind her and then continues riding.,0.4389
HJpXxOUYDxE,HJpXxOUYDxE,6,"The woman motorcyclist looks and then continues riding, passing the man who is standing on the side of the road.",0.4389
HJpXxOUYDxE,HJpXxOUYDxE,7,The woman motorcyclist looks back and the man continues riding.,0.4389
HJpXxOUYDxE,HJpXxOUYDxE,8,The woman motorcyclist looks back after the man.,0.4389
HJpXxOUYDxE,HJpXxOUYDxE,9,The woman motorcyclist looks back after the man.,0.4389
HJpXxOUYDxE,HJpXxOUYDxE,10,"The woman motorcyclist looks and then the man is presumably aware of her presence, possibly preparing to respond or react to her actions.",0.4389
HkaGKlpb05k,HkaGKlpb05k,1,The painter started work on the day after the initial setup was completed.,0.5404
HkaGKlpb05k,HkaGKlpb05k,2,The painter started work at 9:00 AM.,0.5404
HkaGKlpb05k,HkaGKlpb05k,3,The painter started work at 9 AM.,0.5404
HkaGKlpb05k,HkaGKlpb05k,4,The painter began their work on March 15th.,0.5404
HkaGKlpb05k,HkaGKlpb05k,5,The painter started work on the painting in the morning.,0.5404
HkaGKlpb05k,HkaGKlpb05k,6,The painter started work at 8:00 AM.,0.5404
HkaGKlpb05k,HkaGKlpb05k,7,The painter started work on the painting in the morning.,0.5404
HkaGKlpb05k,HkaGKlpb05k,8,The painter started work on the canvas in the morning.,0.5404
HkaGKlpb05k,HkaGKlpb05k,9,The painter started work at 10:00 AM.,0.5404
HkaGKlpb05k,HkaGKlpb05k,10,The painter started work in the morning.,0.5404
HkUqgG3OPkA,HkUqgG3OPkA,1,"The boxer's body is arched backward, demonstrating the technique used to evade the kick.",0.4922
HkUqgG3OPkA,HkUqgG3OPkA,2,"The boxer's head is not hit, and the opponent's foot is likely to land on the ground or the mat, indicating a missed kick.",0.4922
HkUqgG3OPkA,HkUqgG3OPkA,3,The boxer's back is visible as he bends backward to avoid the kick.,0.4922
HkUqgG3OPkA,HkUqgG3OPkA,4,"The boxer's head is no longer in the line of the kick, and the opponent's leg is visible as it misses its target.",0.4922
HkUqgG3OPkA,HkUqgG3OPkA,5,The boxer's back is visible after bending backward to avoid a kick to the head.,0.4922
HkUqgG3OPkA,HkUqgG3OPkA,6,"The boxer is seen in a crouched position, likely preparing to counterattack or assessing the situation.",0.4922
HkUqgG3OPkA,HkUqgG3OPkA,7,"After a boxer avoids a kick to the head by bending backward, the boxer's back is arched, and their head is turned away from the incoming kick.",0.4922
HkUqgG3OPkA,HkUqgG3OPkA,8,The boxer's back is seen as they bend backward to avoid the kick.,0.4922
HkUqgG3OPkA,HkUqgG3OPkA,9,The boxer is seen standing upright after bending backward to avoid a kick to the head.,0.4922
HkUqgG3OPkA,HkUqgG3OPkA,10,The boxer's back is bent backward as a defensive maneuver to avoid the incoming kick.,0.4922
Hn39NgRMxtY,Hn39NgRMxtY,1,"The men are likely practicing calisthenics or doing a workout that involves swinging exercises, which are often used for strength training and improving overall body control and flexibility.",1.0637
Hn39NgRMxtY,Hn39NgRMxtY,2,"The men are swinging through the air in a gym as part of their workout routine, likely to engage in calisthenics or a form of strength training that improves upper body strength and coordination.",1.0637
Hn39NgRMxtY,Hn39NgRMxtY,3,"The men are swinging through the air in a gym as part of a workout routine, likely to improve their agility, strength, and core stability.",1.0637
Hn39NgRMxtY,Hn39NgRMxtY,4,"The men are swinging through the air in a gym as part of a fitness exercise, likely to improve their core strength and balance.",1.0637
Hn39NgRMxtY,Hn39NgRMxtY,5,"The men are likely engaging in calisthenics or a form of exercise that involves bodyweight movements, such as ring dips or push-ups, which are performed while swinging from a pull-up bar or similar equipment.",1.0637
Hn39NgRMxtY,Hn39NgRMxtY,6,"They are practicing acrobatic exercises, possibly as part of a gymnastics or circus training session.",1.0637
Hn39NgRMxtY,Hn39NgRMxtY,7,"The men are swinging through the air in a gym likely as part of a workout routine, possibly using a swing for upper body exercises, core strength, or as a fun, engaging way to enhance their fitness regimen.",1.0637
Hn39NgRMxtY,Hn39NgRMxtY,8,"The men are swinging through the air in a gym to perform exercises that mimic swinging motions, likely as part of a workout routine that focuses on upper body strength and agility.",1.0637
Hn39NgRMxtY,Hn39NgRMxtY,9,"They are performing acrobatic exercises, likely part of a gymnastics or fitness routine.",1.0637
Hn39NgRMxtY,Hn39NgRMxtY,10,"They are likely participating in a physical activity or exercise routine that involves swinging, such as a gym class or workout activity.",1.0637
Ho6rVzAF_9s,Ho6rVzAF_9s,1,The off and on engine switch is typically located on the right side of the handles.,0.8439
Ho6rVzAF_9s,Ho6rVzAF_9s,2,The off and on engine switch is typically on the left side of the handles.,0.8439
Ho6rVzAF_9s,Ho6rVzAF_9s,3,The off and on engine switch is typically located on the left side of the handle.,0.8439
Ho6rVzAF_9s,Ho6rVzAF_9s,4,The off and on engine switch is typically located on the right side of the handlebar.,0.8439
Ho6rVzAF_9s,Ho6rVzAF_9s,5,"The off and on engine switch is typically located on the right side of the handlebars, towards the front of the vehicle.",0.8439
Ho6rVzAF_9s,Ho6rVzAF_9s,6,The off and on engine switch is typically located on the left side of the handles.,0.8439
Ho6rVzAF_9s,Ho6rVzAF_9s,7,The off and on engine switch is typically located on the right side of the handles.,0.8439
Ho6rVzAF_9s,Ho6rVzAF_9s,8,The off and on engine switch is typically on the right side of the handles in most aircraft.,0.8439
Ho6rVzAF_9s,Ho6rVzAF_9s,9,The off and on engine switch is typically located on the left side of the handlebars.,0.8439
Ho6rVzAF_9s,Ho6rVzAF_9s,10,The off and on engine switch is typically on the left side of the handles.,0.8439
HpAFuQ51Fmg,HpAFuQ51Fmg,1,The girl is hiding in a blanket.,0.354
HpAFuQ51Fmg,HpAFuQ51Fmg,2,"The girl is hiding behind a large, colorful object that resembles a blanket or a piece of fabric.",0.354
HpAFuQ51Fmg,HpAFuQ51Fmg,3,The girl is hiding in a room.,0.354
HpAFuQ51Fmg,HpAFuQ51Fmg,4,The girl is hiding behind a tree.,0.354
HpAFuQ51Fmg,HpAFuQ51Fmg,5,The girl is hiding behind a tree.,0.354
HpAFuQ51Fmg,HpAFuQ51Fmg,6,The girl is hiding behind a bush.,0.354
HpAFuQ51Fmg,HpAFuQ51Fmg,7,The girl is hiding behind a curtain.,0.354
HpAFuQ51Fmg,HpAFuQ51Fmg,8,The girl is hiding behind a rock.,0.354
HpAFuQ51Fmg,HpAFuQ51Fmg,9,The girl is hiding behind a large stack of books.,0.354
HpAFuQ51Fmg,HpAFuQ51Fmg,10,The girl is hiding behind a green curtain.,0.354
Ht0eoZvmPo4,Ht0eoZvmPo4,1,"The video ends with the text ""The End"" appearing on the screen.",0.7152
Ht0eoZvmPo4,Ht0eoZvmPo4,2,"The video ends with a close-up of the person's hand holding a phone, displaying a message.",0.7152
Ht0eoZvmPo4,Ht0eoZvmPo4,3,The video ends with a black screen.,0.7152
Ht0eoZvmPo4,Ht0eoZvmPo4,4,"The video ends with a close-up shot of the hands holding the flower, emphasizing the intricate details of the petals.",0.7152
Ht0eoZvmPo4,Ht0eoZvmPo4,5,The video ends with the screen going black.,0.7152
Ht0eoZvmPo4,Ht0eoZvmPo4,6,"The video ends with a static frame showing the text ""The End"".",0.7152
Ht0eoZvmPo4,Ht0eoZvmPo4,7,The video ends with a shot of the ocean waves.,0.7152
Ht0eoZvmPo4,Ht0eoZvmPo4,8,"The video ends with a static image of the text ""END"" displayed.",0.7152
Ht0eoZvmPo4,Ht0eoZvmPo4,9,"The video ends with a person running, as indicated by the action depicted in the last frame.",0.7152
Ht0eoZvmPo4,Ht0eoZvmPo4,10,The video ends with a fade to black.,0.7152
HT9Eo6Si5Mo,HT9Eo6Si5Mo,1,"The tall figure may set up a tent, gather firewood, and begin preparing for a night under the stars.",0.7491
HT9Eo6Si5Mo,HT9Eo6Si5Mo,2,"The tall figure might set up a tent, start a fire, or explore the surroundings, integrating with the campsite environment.",0.7491
HT9Eo6Si5Mo,HT9Eo6Si5Mo,3,"The tall figure likely sets up a tent and begins to unpack camping gear, preparing for a night in the wilderness.",0.7491
HT9Eo6Si5Mo,HT9Eo6Si5Mo,4,"A tall figure entering a campsite might cause a mix of excitement and curiosity among campers, potentially leading to a lively interaction or a quiet moment of observation, depending on the figure's intentions and the campers' expectations.",0.7491
HT9Eo6Si5Mo,HT9Eo6Si5Mo,5,The tall figure may be met with either a warm welcome or a cautious observation depending on the campers' trust and familiarity with the person.,0.7491
HT9Eo6Si5Mo,HT9Eo6Si5Mo,6,"A tall figure entering a campsite might start a conversation with the campers, creating a sense of camaraderie or curiosity among the group.",0.7491
HT9Eo6Si5Mo,HT9Eo6Si5Mo,7,"The campsite is illuminated by the tall figure's flashlight, revealing the campsite's features and the presence of other campers.",0.7491
HT9Eo6Si5Mo,HT9Eo6Si5Mo,8,"A tall figure entering a campsite often leads to increased activity and excitement among campers, potentially altering the peaceful ambiance of the campsite.",0.7491
HT9Eo6Si5Mo,HT9Eo6Si5Mo,9,"A tall figure entering a campsite can startle campers, potentially leading to a variety of responses from surprise to excitement, depending on the context and familiarity of the campers with the figure.",0.7491
HT9Eo6Si5Mo,HT9Eo6Si5Mo,10,"The campsite gains a new, imposing presence that might attract attention and alter the atmosphere.",0.7491
HtZ2KVuDfIo,HtZ2KVuDfIo,1,"After taking a bite of the cookie, the woman enjoys the sweet taste and satisfaction, savoring the moment.",0.6275
HtZ2KVuDfIo,HtZ2KVuDfIo,2,The woman savors the taste of the cookie and enjoys the moment.,0.6275
HtZ2KVuDfIo,HtZ2KVuDfIo,3,The woman appears to be enjoying the cookie as she takes a bite.,0.6275
HtZ2KVuDfIo,HtZ2KVuDfIo,4,"The woman savors the taste of the cookie, savoring its flavor and texture.",0.6275
HtZ2KVuDfIo,HtZ2KVuDfIo,5,The woman enjoys the taste of the cookie after taking a bite.,0.6275
HtZ2KVuDfIo,HtZ2KVuDfIo,6,"The woman continues to enjoy her cookie, savoring the flavor and texture.",0.6275
HtZ2KVuDfIo,HtZ2KVuDfIo,7,"After the woman takes a bite of the cookie, the scene likely transitions to show the cookie being eaten, with the woman possibly savoring the taste.",0.6275
HtZ2KVuDfIo,HtZ2KVuDfIo,8,"After the woman takes a bite of the cookie, she continues to eat it while looking at the camera.",0.6275
HtZ2KVuDfIo,HtZ2KVuDfIo,9,"The woman enjoys the taste and texture of the cookie, savoring the moment before moving on to the next activity.",0.6275
HtZ2KVuDfIo,HtZ2KVuDfIo,10,"After taking a bite of the cookie, the woman will likely experience the taste and texture of the cookie, which could lead to satisfaction or enjoyment depending on the flavor and quality of the cookie.",0.6275
HUs-7p9QAMk,HUs-7p9QAMk,1,"The man is wearing a harness likely for safety and security purposes, such as in a high-risk activity like skydiving, rappelling, or rock climbing, where it ensures he is securely attached to a safety line.",0.8493
HUs-7p9QAMk,HUs-7p9QAMk,2,"The man is wearing a harness likely for safety or to assist in a specific activity, such as rock climbing, skydiving, or another extreme sport or task that requires secure attachment to equipment.",0.8493
HUs-7p9QAMk,HUs-7p9QAMk,3,"The man is likely wearing a harness for safety, possibly for an activity like rock climbing, skydiving, or aerial work, where the harness is used to secure him to a rope or other safety equipment.",0.8493
HUs-7p9QAMk,HUs-7p9QAMk,4,"The man is wearing a harness likely for safety or for a specific activity that requires it, such as rock climbing, skydiving, or horseback riding.",0.8493
HUs-7p9QAMk,HUs-7p9QAMk,5,"The man is likely wearing a harness for safety or to assist with a specific activity, such as climbing or working at height.",0.8493
HUs-7p9QAMk,HUs-7p9QAMk,6,"The man is likely wearing a harness for safety or as part of his work or activity, such as climbing, hiking, or engaging in an outdoor sport that requires securing equipment or tools.",0.8493
HUs-7p9QAMk,HUs-7p9QAMk,7,"The man is likely wearing a harness for safety or to assist with a specific task, such as climbing or working at height, to ensure he remains secure and protected.",0.8493
HUs-7p9QAMk,HUs-7p9QAMk,8,"The man is likely wearing a harness for safety or support, such as for rock climbing, caving, or other activities that require securing oneself to a rope or structure.",0.8493
HUs-7p9QAMk,HUs-7p9QAMk,9,"The man is wearing a harness, likely for safety or to provide support during an activity that requires it, such as rock climbing or a similar adventure sport.",0.8493
HUs-7p9QAMk,HUs-7p9QAMk,10,"The man is wearing a harness, likely for safety or support, such as in an industrial setting, a high-altitude activity, or a sport like skydiving or bungee jumping.",0.8493
HVh_en2b0-U,HVh_en2b0-U,1,There are no French doors visible behind the man in the image.,0.2944
HVh_en2b0-U,HVh_en2b0-U,2,There are two French doors visible behind the man in the image.,0.2944
HVh_en2b0-U,HVh_en2b0-U,3,There are two French doors visible behind the man in the image.,0.2944
HVh_en2b0-U,HVh_en2b0-U,4,There are no French doors visible behind the man in the image.,0.2944
HVh_en2b0-U,HVh_en2b0-U,5,There are two French doors behind the man in the image.,0.2944
HVh_en2b0-U,HVh_en2b0-U,6,There are no French doors visible behind the man in the image.,0.2944
HVh_en2b0-U,HVh_en2b0-U,7,There are two French doors visible behind the man in the image.,0.2944
HVh_en2b0-U,HVh_en2b0-U,8,There are two French doors behind the man in the image.,0.2944
HVh_en2b0-U,HVh_en2b0-U,9,There are two French doors visible behind the man in the image.,0.2944
HVh_en2b0-U,HVh_en2b0-U,10,There are two French doors visible behind the man in the image.,0.2944
HvYkXvDkuPc,HvYkXvDkuPc,1,The video ends with a close-up of a person's hand.,0.4133
HvYkXvDkuPc,HvYkXvDkuPc,2,The video ends with a shot of a serene landscape featuring a calm lake surrounded by lush greenery and a clear blue sky.,0.4133
HvYkXvDkuPc,HvYkXvDkuPc,3,The video ends with a static image of a white screen.,0.4133
HvYkXvDkuPc,HvYkXvDkuPc,4,"The video ends with a static image of the text ""The End.""",0.4133
HvYkXvDkuPc,HvYkXvDkuPc,5,The video ends with a serene view of a sunset over the ocean.,0.4133
HvYkXvDkuPc,HvYkXvDkuPc,6,"The video ends with a static shot of the sky, possibly indicating a pause or conclusion.",0.4133
HvYkXvDkuPc,HvYkXvDkuPc,7,"The video ends with the text ""The End"" appearing on the screen.",0.4133
HvYkXvDkuPc,HvYkXvDkuPc,8,The video ends with a fade to black.,0.4133
HvYkXvDkuPc,HvYkXvDkuPc,9,"The video ends with a static screen displaying the text ""The End.""",0.4133
HvYkXvDkuPc,HvYkXvDkuPc,10,The video ends with a white screen.,0.4133
Hw0bRvn1ZIo,Hw0bRvn1ZIo,1,"The text displayed after ""Jiu Jitsu"" is ""Self Defense.""",0.7039
Hw0bRvn1ZIo,Hw0bRvn1ZIo,2,"The text displayed after ""Jiu Jitsu"" is ""Self-Defense.""",0.7039
Hw0bRvn1ZIo,Hw0bRvn1ZIo,3,"The text displayed after ""Jiu Jitsu"" is ""Instructions"".",0.7039
Hw0bRvn1ZIo,Hw0bRvn1ZIo,4,"The text displayed after ""Jiu Jitsu"" is ""Instructive Video"".",0.7039
Hw0bRvn1ZIo,Hw0bRvn1ZIo,5,"The text displayed after ""Jiu Jitsu"" is ""Brazilians.""",0.7039
Hw0bRvn1ZIo,Hw0bRvn1ZIo,6,"The text displayed after ""Jiu Jitsu"" is ""instructional video"".",0.7039
Hw0bRvn1ZIo,Hw0bRvn1ZIo,7,"The text displayed after ""Jiu Jitsu"" is ""instructive video"".",0.7039
Hw0bRvn1ZIo,Hw0bRvn1ZIo,8,"The text displayed after ""Jiu Jitsu"" is ""Brazilian Jiu Jitsu Instructional Video"".",0.7039
Hw0bRvn1ZIo,Hw0bRvn1ZIo,9,"The text displayed after ""Jiu Jitsu"" is ""Brazilian Jiu Jitsu Instructional Video.""",0.7039
Hw0bRvn1ZIo,Hw0bRvn1ZIo,10,"The text displayed after ""Jiu Jitsu"" is ""self-defense"".",0.7039
HwD5afpQNZM,HwD5afpQNZM,1,"The video shows a person performing an action that involves a yellow object, possibly a banana, in a kitchen setting.",0.7452
HwD5afpQNZM,HwD5afpQNZM,2,"The video shows a single frame with a white background and a small, partially visible object in the bottom right corner.",0.7452
HwD5afpQNZM,HwD5afpQNZM,3,"The video shows a person sitting in front of a computer screen, likely engaging in an activity such as working, gaming, or watching content.",0.7452
HwD5afpQNZM,HwD5afpQNZM,4,"The video shows a close-up of a hand holding a small, green object, possibly a piece of fruit or vegetable, against a blurred background.",0.7452
HwD5afpQNZM,HwD5afpQNZM,5,"The video shows a person standing in front of a green background, possibly preparing to give a presentation or perform.",0.7452
HwD5afpQNZM,HwD5afpQNZM,6,"The video shows a blank white screen, indicating either a pause, a technical issue, or a placeholder for content.",0.7452
HwD5afpQNZM,HwD5afpQNZM,7,"The video shows a series of frames that appear to be from a computer or digital interface, possibly depicting a sequence of numbers, symbols, or codes.",0.7452
HwD5afpQNZM,HwD5afpQNZM,8,The video shows a simple graphic with a white background and a black text box in the center.,0.7452
HwD5afpQNZM,HwD5afpQNZM,9,The video shows a close-up of a person's hand with a tattoo on the back of the hand.,0.7452
HwD5afpQNZM,HwD5afpQNZM,10,The video shows a close-up view of a computer screen with a black background.,0.7452
HxYov3ZvQN8,HxYov3ZvQN8,1,"The player who shows good sportsmanship during the soccer game is the one who demonstrates fair play and??????, even when the game is competitive.",0.5955
HxYov3ZvQN8,HxYov3ZvQN8,2,The player who demonstrates good sportsmanship during this soccer game is the one who offers a handshake to the opposing player after the game.,0.5955
HxYov3ZvQN8,HxYov3ZvQN8,3,The player who displays good sportsmanship during this soccer game is the one who shows respect to their opponents and follows the rules of the game.,0.5955
HxYov3ZvQN8,HxYov3ZvQN8,4,"The player who is good sportsmanship during this soccer game is the one who demonstrates fair play,??????, and adheres to the rules of the game.",0.5955
HxYov3ZvQN8,HxYov3ZvQN8,5,"The player who displays good sportsmanship is the one who shows respect and fair play, such as avoiding unnecessary roughness and acknowledging the efforts of the opposing team.",0.5955
HxYov3ZvQN8,HxYov3ZvQN8,6,The player who demonstrates good sportsmanship during this soccer game is the one who courteously acknowledges the opponent's good play after scoring a goal.,0.5955
HxYov3ZvQN8,HxYov3ZvQN8,7,"The player who demonstrates good sportsmanship during this soccer game is the one who shows respect and fair play, even after making a mistake or losing a point.",0.5955
HxYov3ZvQN8,HxYov3ZvQN8,8,The player who shows good sportsmanship is the one who concedes a fair play penalty and demonstrates sportsmanship by accepting the referee's decision with grace and composure.,0.5955
HxYov3ZvQN8,HxYov3ZvQN8,9,The player who displays good sportsmanship during this soccer game is the one who courteously congratulates the opposing team after scoring a goal.,0.5955
HxYov3ZvQN8,HxYov3ZvQN8,10,"The player who displays good sportsmanship during this soccer game is the one who offers a handshake to the opposing player after the game, demonstrating respect and fair play.",0.5955
HyOKrz1C4zU,HyOKrz1C4zU,1,The fruits being harvested are yellow and red.,0.7458
HyOKrz1C4zU,HyOKrz1C4zU,2,The fruits being harvested are red and green.,0.7458
HyOKrz1C4zU,HyOKrz1C4zU,3,The fruits being harvested in the picture are red.,0.7458
HyOKrz1C4zU,HyOKrz1C4zU,4,The fruits being harvested in the picture are yellow.,0.7458
HyOKrz1C4zU,HyOKrz1C4zU,5,The fruits being harvested are red.,0.7458
HyOKrz1C4zU,HyOKrz1C4zU,6,The fruits being harvested are red.,0.7458
HyOKrz1C4zU,HyOKrz1C4zU,7,The fruits being harvested are red and green.,0.7458
HyOKrz1C4zU,HyOKrz1C4zU,8,The fruits being harvested are red and green.,0.7458
HyOKrz1C4zU,HyOKrz1C4zU,9,The fruits being harvested are a mix of red and green.,0.7458
HyOKrz1C4zU,HyOKrz1C4zU,10,The fruits being harvested are a mix of green and yellow.,0.7458
HZHBrAMppd8,HZHBrAMppd8,1,"The video ends with a blank screen, indicating the conclusion of the content.",0.5753
HZHBrAMppd8,HZHBrAMppd8,2,"The video ends with the character standing in the middle of the screen, facing the viewer.",0.5753
HZHBrAMppd8,HZHBrAMppd8,3,The video ends with a smiley face appearing on the screen.,0.5753
HZHBrAMppd8,HZHBrAMppd8,4,"The video ends with a still image of a person sitting by the water, gazing into the distance.",0.5753
HZHBrAMppd8,HZHBrAMppd8,5,"By the end of the video, the cat is seen walking away from the camera.",0.5753
HZHBrAMppd8,HZHBrAMppd8,6,The video ends with a scene that is not described in the provided text.,0.5753
HZHBrAMppd8,HZHBrAMppd8,7,"The video ends with a shot of the sea, highlighting the vastness and tranquility of the ocean.",0.5753
HZHBrAMppd8,HZHBrAMppd8,8,The video concludes with a fade to black.,0.5753
HZHBrAMppd8,HZHBrAMppd8,9,"By the end of the video, the character has completed their task and is ready to proceed to the next step.",0.5753
HZHBrAMppd8,HZHBrAMppd8,10,"By the end of the video, the person is shown in a relaxed pose with a confident smile.",0.5753
HZva-aCzZts,HZva-aCzZts,1,The carpenter likely tightens the screws with the electric screwdriver to secure the anchor bracket in place.,0.9951
HZva-aCzZts,HZva-aCzZts,2,"After using an electric screwdriver to place three long screws in an anchor bracket, the carpenter would likely proceed to secure the bracket in place, ensuring it is firmly attached to the surface.",0.9951
HZva-aCzZts,HZva-aCzZts,3,"After using an electric screwdriver to place three long screws in an anchor bracket, the carpenter likely inspects the bracket to ensure the screws are properly aligned and securely fastened.",0.9951
HZva-aCzZts,HZva-aCzZts,4,"After using an electric screwdriver to place three long screws in an anchor bracket, the carpenter likely proceeds to align and secure additional components or proceed with the installation of other parts of the structure.",0.9951
HZva-aCzZts,HZva-aCzZts,5,"After using an electric screwdriver to place three long screws in an anchor bracket, the carpenter would likely proceed to check the stability of the anchor bracket by pulling on it or by ensuring that the screws are properly seated and the bracket is securely fastened.",0.9951
HZva-aCzZts,HZva-aCzZts,6,"After using an electric screwdriver to place three long screws in an anchor bracket, the carpenter likely inspects the bracket to ensure the screws are securely fastened and then proceeds to the next task in the construction project.",0.9951
HZva-aCzZts,HZva-aCzZts,7,"The carpenter would likely proceed to secure the anchor bracket to a surface by driving the screws into it, ensuring the bracket is firmly attached and stable.",0.9951
HZva-aCzZts,HZva-aCzZts,8,"After using an electric screwdriver to place three long screws in an anchor bracket, the carpenter likely checks the alignment and tightness of the screws to ensure the bracket is securely fastened.",0.9951
HZva-aCzZts,HZva-aCzZts,9,The carpenter likely proceeds to use the electric screwdriver to tighten the screws securely into the anchor bracket.,0.9951
HZva-aCzZts,HZva-aCzZts,10,"After using an electric screwdriver to place three long screws in an anchor bracket, the carpenter would likely proceed to tighten the screws securely to ensure the bracket is firmly attached to the structure.",0.9951
HZVvjdZt5PM,HZVvjdZt5PM,1,"The woman was demonstrating the impracticality and potential dangers of using a hair straightening wand around her nose, likely to emphasize the importance of using such tools safely.",0.6849
HZVvjdZt5PM,HZVvjdZt5PM,2,"The woman was likely demonstrating a humorous or unconventional use of a hair straightening wand, possibly for comedic effect or as part of a quirky personal grooming routine.",0.6849
HZVvjdZt5PM,HZVvjdZt5PM,3,"The woman was likely demonstrating a humorous or unconventional use of the hair straightening wand, perhaps to highlight its unexpected versatility or to simply entertain.",0.6849
HZVvjdZt5PM,HZVvjdZt5PM,4,"The woman was likely demonstrating a creative or humorous approach to using a hair straightening wand, possibly for a lighthearted or comedic effect.",0.6849
HZVvjdZt5PM,HZVvjdZt5PM,5,"The woman was demonstrating a humorous or unconventional method of using a hair straightening wand, which is not typically intended for such an application.",0.6849
HZVvjdZt5PM,HZVvjdZt5PM,6,"The woman was demonstrating a humorous or unconventional use of a hair straightening wand, possibly to highlight the absurdity or the impracticality of such a misuse.",0.6849
HZVvjdZt5PM,HZVvjdZt5PM,7,"The woman was demonstrating the use of a hair straightening wand, likely to show how it can be used on different parts of the face or for a specific styling technique.",0.6849
HZVvjdZt5PM,HZVvjdZt5PM,8,"The woman was likely demonstrating a hair styling technique that involves using a hair straightening wand to straighten or style her hair, specifically around the nose area.",0.6849
HZVvjdZt5PM,HZVvjdZt5PM,9,"The woman was humorously demonstrating a creative use of the hair straightening wand, perhaps suggesting a playful or absurd application rather than a practical one.",0.6849
HZVvjdZt5PM,HZVvjdZt5PM,10,"The woman was humorously demonstrating that the hair straightening wand could be used for various unconventional purposes, not just straightening hair.",0.6849
I0f5KN--RYw,I0f5KN--RYw,1,"The thin player, likely the referee, stops to observe the heavy player, who has abruptly stopped walking and turned around.",0.6508
I0f5KN--RYw,I0f5KN--RYw,2,"The thin player, who was covering the heavy player, is now left exposed and vulnerable as the heavy player suddenly stops and turns around.",0.6508
I0f5KN--RYw,I0f5KN--RYw,3,"The thin player covering the heavy player will likely lose their position, as the heavy player abruptly stops walking and turns around, disrupting the cover.",0.6508
I0f5KN--RYw,I0f5KN--RYw,4,"The thin player covering the heavy player is likely to lose their balance and fall over, as the heavy player's abrupt stop and turn disrupts the thin player's stability.",0.6508
I0f5KN--RYw,I0f5KN--RYw,5,"The thin player covering the heavy player is suddenly exposed and likely forced to react quickly, potentially leading to a change in the game's dynamics.",0.6508
I0f5KN--RYw,I0f5KN--RYw,6,"The thin player, likely a defensive player in a sports game, is forced to adjust their position as the heavy player, presumably an offensive player, suddenly stops walking and turns around, potentially to face the defensive player or to react to a new play development.",0.6508
I0f5KN--RYw,I0f5KN--RYw,7,"The thin player, who was covering the heavy player, is likely to be pushed or knocked off balance, possibly leading to a fall or losing their position.",0.6508
I0f5KN--RYw,I0f5KN--RYw,8,"The thin player is likely to be pushed or displaced as the heavy player abruptly stops walking and turns around, possibly causing a collision or shift in position.",0.6508
I0f5KN--RYw,I0f5KN--RYw,9,The thin player is likely to be pushed or knocked over by the heavy player's abrupt stop and turn.,0.6508
I0f5KN--RYw,I0f5KN--RYw,10,"The thin player covering the heavy player is likely to be pushed off balance and potentially fall, as the heavy player's abrupt stop and turn would disrupt the thin player's stability.",0.6508
I0hKaP5Y8LU,I0hKaP5Y8LU,1,The woman in the image appears to be preparing to take off from a trampoline to start her acrobatic performance.,0.7406
I0hKaP5Y8LU,I0hKaP5Y8LU,2,"The woman in the image appears to be performing an acrobatic move in mid-air, suggesting she has launched herself from a platform or a high point, possibly a trampoline or a gymnastics apparatus.",0.7406
I0hKaP5Y8LU,I0hKaP5Y8LU,3,The woman takes off from a trampoline to start her acrobatic performance.,0.7406
I0hKaP5Y8LU,I0hKaP5Y8LU,4,The woman takes off from a trampoline to start her acrobatic performance.,0.7406
I0hKaP5Y8LU,I0hKaP5Y8LU,5,The woman takes off from a trampoline to start her acrobatic performance.,0.7406
I0hKaP5Y8LU,I0hKaP5Y8LU,6,The woman takes off from the trampoline to start her acrobatic performance.,0.7406
I0hKaP5Y8LU,I0hKaP5Y8LU,7,The woman takes off from the trampoline to start her acrobatic performance.,0.7406
I0hKaP5Y8LU,I0hKaP5Y8LU,8,The woman takes off from a trampoline to start her acrobatic performance.,0.7406
I0hKaP5Y8LU,I0hKaP5Y8LU,9,"The woman in the image appears to be on a trampoline, which is her starting point for the acrobatic performance.",0.7406
I0hKaP5Y8LU,I0hKaP5Y8LU,10,The woman takes off from a trampoline to start her acrobatic performance.,0.7406
I1lgJSu89aU,I1lgJSu89aU,1,The view from the glass window appears to be of a building with a patterned facade.,0.5995
I1lgJSu89aU,I1lgJSu89aU,2,"The view from the glass window appears to be of a serene landscape, possibly with trees and a clear sky.",0.5995
I1lgJSu89aU,I1lgJSu89aU,3,"The view from the glass window appears to be of a plain white background, suggesting the window is facing a wall or an empty space.",0.5995
I1lgJSu89aU,I1lgJSu89aU,4,"The view from the glass window appears to be of a scenic outdoor area, possibly with trees and greenery, suggesting a peaceful natural setting.",0.5995
I1lgJSu89aU,I1lgJSu89aU,5,The view from the glass window shows a scenic landscape with trees and mountains in the background.,0.5995
I1lgJSu89aU,I1lgJSu89aU,6,The view from the glass window appears to be of a snowy landscape with a large tree in the foreground.,0.5995
I1lgJSu89aU,I1lgJSu89aU,7,The view from the glass window is not visible in the image provided.,0.5995
I1lgJSu89aU,I1lgJSu89aU,8,"The view from the glass window appears to be of a natural landscape, possibly a forest or mountains, with a clear sky above.",0.5995
I1lgJSu89aU,I1lgJSu89aU,9,The view from the glass window is not clearly visible in the image provided.,0.5995
I1lgJSu89aU,I1lgJSu89aU,10,"The view from the glass window shows a serene outdoor scene, likely featuring nature or a peaceful urban environment.",0.5995
I4JX5m-gJxM,I4JX5m-gJxM,1,"The first two displayed texts in the video are ""Hello"" and ""World"".",0.7747
I4JX5m-gJxM,I4JX5m-gJxM,2,"The first two displayed texts in the video are ""in"" and ""the"".",0.7747
I4JX5m-gJxM,I4JX5m-gJxM,3,"The first two displayed texts in the video are ""123"" and ""123"".",0.7747
I4JX5m-gJxM,I4JX5m-gJxM,4,"The first two displayed texts in the video are ""Simplify"" and ""Solve"".",0.7747
I4JX5m-gJxM,I4JX5m-gJxM,5,"The first two displayed texts in the video are ""SUN"" and ""MON"".",0.7747
I4JX5m-gJxM,I4JX5m-gJxM,6,"The first two displayed texts in the video are ""A"" and ""B"".",0.7747
I4JX5m-gJxM,I4JX5m-gJxM,7,"The first two displayed texts in the video are ""Hello"" and ""World"".",0.7747
I4JX5m-gJxM,I4JX5m-gJxM,8,"The first two displayed texts in the video are ""Hello"" and ""World"".",0.7747
I4JX5m-gJxM,I4JX5m-gJxM,9,"The first two displayed texts in the video are ""Hello, World!"" and ""This is a test.""",0.7747
I4JX5m-gJxM,I4JX5m-gJxM,10,"The first two displayed texts in the video are ""Back to the future"" and ""The future is bright"".",0.7747
I5ZKEsOXkGU,I5ZKEsOXkGU,1,The image provided does not contain enough context to determine if it is an example of love at first sight.,0.7287
I5ZKEsOXkGU,I5ZKEsOXkGU,2,"The image provided is too minimal to determine if it represents love at first sight, as it does not contain any context or visual cues that could suggest such a scenario.",0.7287
I5ZKEsOXkGU,I5ZKEsOXkGU,3,"The image provided does not contain any visual content that could be interpreted as an example of love at first sight, as it is a blank white space.",0.7287
I5ZKEsOXkGU,I5ZKEsOXkGU,4,"The image you've provided is a blank white card, and there's no context to determine if it's an example of love at first sight.",0.7287
I5ZKEsOXkGU,I5ZKEsOXkGU,5,The image provided is a simple line drawing and does not convey any information about love or first impressions.,0.7287
I5ZKEsOXkGU,I5ZKEsOXkGU,6,The image you've provided is a simple geometric shape and does not depict a scenario of love at first sight.,0.7287
I5ZKEsOXkGU,I5ZKEsOXkGU,7,The image provided is a simple graphic of a heart and does not depict a situation where love at first sight can be inferred.,0.7287
I5ZKEsOXkGU,I5ZKEsOXkGU,8,"The image provided is a simple question mark, which does not depict any scenario of love at first sight.",0.7287
I5ZKEsOXkGU,I5ZKEsOXkGU,9,The image provided does not contain any visual elements that can be interpreted as an example of love at first sight.,0.7287
I5ZKEsOXkGU,I5ZKEsOXkGU,10,The image alone does not provide enough context to determine if it is an example of love at first sight.,0.7287
I9QFj6lz15w,I9QFj6lz15w,1,"The Avocado seed is being punctured with toothpicks to allow air to circulate around the root,??????????? which helps the seedling to grow and develop roots more effectively.",0.6909
I9QFj6lz15w,I9QFj6lz15w,2,"The Avocado seed is being punctured with toothpicks to create small holes that allow air to circulate, which helps in maintaining proper humidity and prevents rotting while the seed germinates.",0.6909
I9QFj6lz15w,I9QFj6lz15w,3,"The Avocado seed is being punctured with toothpicks to create holes that allow air to circulate around the roots, which helps in the germination process and prevents the roots from rotting.",0.6909
I9QFj6lz15w,I9QFj6lz15w,4,The Avocado seed is being punctured with toothpicks to allow air to circulate around the roots and prevent the stem from rotting during the initial germination process.,0.6909
I9QFj6lz15w,I9QFj6lz15w,5,The Avocado seed is being punctured with toothpicks to create air holes for better aeration and to prevent the seed from splitting as it germinates and grows roots.,0.6909
I9QFj6lz15w,I9QFj6lz15w,6,"The Avocado seed is being punctured with toothpicks to allow air to circulate around the roots as it germinates, which helps prevent rot and promotes healthy growth.",0.6909
I9QFj6lz15w,I9QFj6lz15w,7,"The toothpicks are being used to suspend the Avocado seed from a plastic cup, providing support and allowing it to receive water and nutrients from the bottom of the cup while promoting root growth.",0.6909
I9QFj6lz15w,I9QFj6lz15w,8,"The Avocado seed is being punctured with toothpicks to allow it to be suspended in water, promoting the growth of the root system while keeping the seed from sitting at the bottom and rotting.",0.6909
I9QFj6lz15w,I9QFj6lz15w,9,"The toothpicks are being used to suspend the avocado seed in water, allowing it to sprout and grow into a plant.",0.6909
I9QFj6lz15w,I9QFj6lz15w,10,"The Avocado seed is being punctured with toothpicks to provide holes for the roots to grow through, allowing it to be planted and take root in soil.",0.6909
IazJA4RD4AE,IazJA4RD4AE,1,"The background is silent, with no discernible sounds.",0.5133
IazJA4RD4AE,IazJA4RD4AE,2,The speaker's voice is the primary sound heard in the background.,0.5133
IazJA4RD4AE,IazJA4RD4AE,3,"The background noise includes a low hum and distant voices, suggesting a public setting.",0.5133
IazJA4RD4AE,IazJA4RD4AE,4,The sound of a speaker's voice can be heard in the background as they are speaking.,0.5133
IazJA4RD4AE,IazJA4RD4AE,5,"The background noise includes a faint hum and occasional sounds that suggest a busy environment, possibly an office or a classroom.",0.5133
IazJA4RD4AE,IazJA4RD4AE,6,"The background is silent, with no sounds other than the speaker's voice.",0.5133
IazJA4RD4AE,IazJA4RD4AE,7,The sound of a camera shutter can be heard in the background as the speaker is speaking.,0.5133
IazJA4RD4AE,IazJA4RD4AE,8,The background noise is the sound of a speaker's voice.,0.5133
IazJA4RD4AE,IazJA4RD4AE,9,There is no sound in the background as the speaker is speaking.,0.5133
IazJA4RD4AE,IazJA4RD4AE,10,"The background noise includes a low hum and occasional static, which suggests a possible audio issue or recording environment.",0.5133
ICkVMgn44jc,ICkVMgn44jc,1,"Swimming in icy water can improve cardiovascular health, enhance endurance, and help in managing body weight.",0.4801
ICkVMgn44jc,ICkVMgn44jc,2,"Swimming in icy water can improve cardiovascular health, enhance endurance, and provide a unique sensory experience.",0.4801
ICkVMgn44jc,ICkVMgn44jc,3,"Swimming in icy water can help improve circulation, strengthen the immune system, and provide a refreshing mental and physical reset.",0.4801
ICkVMgn44jc,ICkVMgn44jc,4,"Swimming in icy water can improve cardiovascular health, enhance endurance, and provide a unique and invigorating sensory experience.",0.4801
ICkVMgn44jc,ICkVMgn44jc,5,"Swimming in icy water can provide benefits such as improved cardiovascular health, increased metabolism, and enhanced muscle flexibility.",0.4801
ICkVMgn44jc,ICkVMgn44jc,6,"Swimming in icy water can help improve circulation, strengthen the heart, and provide a refreshing sensory experience.",0.4801
ICkVMgn44jc,ICkVMgn44jc,7,"Swimming in icy water can help improve circulation, strengthen the immune system, and enhance mental resilience.",0.4801
ICkVMgn44jc,ICkVMgn44jc,8,"Swimming in icy water can help improve cardiovascular health, increase endurance, and reduce inflammation.",0.4801
ICkVMgn44jc,ICkVMgn44jc,9,"Swimming in icy water can help improve cardiovascular health, increase endurance, and enhance mental resilience.",0.4801
ICkVMgn44jc,ICkVMgn44jc,10,"Swimming in icy water can improve cardiovascular health, enhance endurance, and provide a unique stress-relieving experience.",0.4801
Ie-KCtcZ7uc,Ie-KCtcZ7uc,1,What are you doing with a Bentley Bentayga?,0.5757
Ie-KCtcZ7uc,Ie-KCtcZ7uc,2,What's the story with that Bentley?,0.5757
Ie-KCtcZ7uc,Ie-KCtcZ7uc,3,What are they doing driving a Bentley Bentayga?,0.5757
Ie-KCtcZ7uc,Ie-KCtcZ7uc,4,What are you doing with that Bentley Bentayga?,0.5757
Ie-KCtcZ7uc,Ie-KCtcZ7uc,5,"The first question asked of these young men driving away in a Bentley Bentayga is, ""Where are you headed?""",0.5757
Ie-KCtcZ7uc,Ie-KCtcZ7uc,6,What are the odds of them pulling a stunt like that in their Bentley Bentayga?,0.5757
Ie-KCtcZ7uc,Ie-KCtcZ7uc,7,"The first question asked is ""What are you driving?""",0.5757
Ie-KCtcZ7uc,Ie-KCtcZ7uc,8,What is the name of the car you're driving?,0.5757
Ie-KCtcZ7uc,Ie-KCtcZ7uc,9,"The first question asked is ""Where are you going?""",0.5757
Ie-KCtcZ7uc,Ie-KCtcZ7uc,10,What are your plans for the weekend?,0.5757
IEE2dPefD58,IEE2dPefD58,1,The baby looks away from the woman after staring at her.,0.3476
IEE2dPefD58,IEE2dPefD58,2,The baby looks at the woman.,0.3476
IEE2dPefD58,IEE2dPefD58,3,The baby looks away after staring at the woman.,0.3476
IEE2dPefD58,IEE2dPefD58,4,The baby looks around the room.,0.3476
IEE2dPefD58,IEE2dPefD58,5,The baby looks at the woman.,0.3476
IEE2dPefD58,IEE2dPefD58,6,The baby looks away and then coos.,0.3476
IEE2dPefD58,IEE2dPefD58,7,The baby looks away from the woman and towards something else.,0.3476
IEE2dPefD58,IEE2dPefD58,8,The baby looks away from the woman.,0.3476
IEE2dPefD58,IEE2dPefD58,9,The baby looks away from the woman.,0.3476
IEE2dPefD58,IEE2dPefD58,10,The baby looks away after staring at the woman.,0.3476
IF1G49x7rUk,IF1G49x7rUk,1,"The cat then proceeds to pour a large amount of water over the fish, likely attempting to extinguish the fire from the hot oil, which is a dangerous and unwise action.",0.7449
IF1G49x7rUk,IF1G49x7rUk,2,The cat then fries the fish in the oil.,0.7449
IF1G49x7rUk,IF1G49x7rUk,3,The cat then serves the fish by placing it on a plate.,0.7449
IF1G49x7rUk,IF1G49x7rUk,4,"The cat then proceeds to eat the fish, despite the oil spill, showing no concern for hygiene.",0.7449
IF1G49x7rUk,IF1G49x7rUk,5,The cat then sets the pot on the stove to cook the fish.,0.7449
IF1G49x7rUk,IF1G49x7rUk,6,The cat then proceeds to burn its paws while trying to remove the fish from the oil.,0.7449
IF1G49x7rUk,IF1G49x7rUk,7,The cat then places the fish into a pan with the oil.,0.7449
IF1G49x7rUk,IF1G49x7rUk,8,The cat then proceeds to set the fish on fire.,0.7449
IF1G49x7rUk,IF1G49x7rUk,9,The cat then proceeds to serve the fish with a side of hot oil.,0.7449
IF1G49x7rUk,IF1G49x7rUk,10,"The cat likely cleans up the mess and then decides to drink the leftover oil from the fish, as the cat's actions suggest a lack of awareness of the consequences of its actions.",0.7449
IgHdataMrsI,IgHdataMrsI,1,The doctor is likely demonstrating a medical procedure or technique on the stuffed animal to practice or explain it before performing it on a patient.,0.5863
IgHdataMrsI,IgHdataMrsI,2,The doctor is likely demonstrating a technique or conducting a physical examination on the stuffed animal to practice skills or to help explain procedures to a patient.,0.5863
IgHdataMrsI,IgHdataMrsI,3,"The doctor is likely using the stuffed animal to demonstrate proper needle insertion technique to a child patient, making the procedure less intimidating.",0.5863
IgHdataMrsI,IgHdataMrsI,4,The doctor is likely using the large stuffed animal as a tool to demonstrate or practice a medical procedure in a controlled and non-threatening environment.,0.5863
IgHdataMrsI,IgHdataMrsI,5,The doctor is likely using the stuffed animal as a teaching tool or to engage a young patient during a medical examination.,0.5863
IgHdataMrsI,IgHdataMrsI,6,The doctor is likely using the stuffed animal as a playful or comforting gesture to make a young patient more comfortable during the examination.,0.5863
IgHdataMrsI,IgHdataMrsI,7,"The doctor is likely using the large stuffed animal as a tool to demonstrate how to properly handle and examine a patient, teaching a technique or practicing palpation skills.",0.5863
IgHdataMrsI,IgHdataMrsI,8,The doctor is likely demonstrating how to properly handle a patient or practice injection techniques without causing harm.,0.5863
IgHdataMrsI,IgHdataMrsI,9,The doctor is likely using the stuffed animal as a teaching tool to demonstrate techniques or explain procedures to a child patient in a non-threatening and engaging way.,0.5863
IgHdataMrsI,IgHdataMrsI,10,The doctor is likely using the stuffed animal to demonstrate proper needle insertion technique or to help the patient feel more comfortable and relaxed during a medical procedure.,0.5863
IGL7j9-JRG4,IGL7j9-JRG4,1,"The heart is primarily made of cardiac muscle tissue, which is specialized to contract and pump blood efficiently.",0.7477
IGL7j9-JRG4,IGL7j9-JRG4,2,"The heart is primarily composed of cardiac muscle, which is specialized to pump blood efficiently through the circulatory system.",0.7477
IGL7j9-JRG4,IGL7j9-JRG4,3,"The heart is primarily made of cardiac muscle, also known as myocardium, which is responsible for the rhythmic contractions that pump blood throughout the body.",0.7477
IGL7j9-JRG4,IGL7j9-JRG4,4,"The heart is made of cardiac muscle, also known as myocardium, which is a special type of muscle tissue that can contract and relax without fatigue.",0.7477
IGL7j9-JRG4,IGL7j9-JRG4,5,"The heart is made of cardiac muscle, which is specialized to contract rhythmically to pump blood throughout the body.",0.7477
IGL7j9-JRG4,IGL7j9-JRG4,6,"The heart is primarily made of cardiac muscle tissue, which is a specialized type of muscle that can contract rhythmically without being directly controlled by the nervous system.",0.7477
IGL7j9-JRG4,IGL7j9-JRG4,7,"The heart is primarily made of cardiac muscle, also known as myocardium, which is specialized to contract and pump blood efficiently.",0.7477
IGL7j9-JRG4,IGL7j9-JRG4,8,"The heart is primarily made of muscle tissue, specifically cardiac muscle, which is a type of striated muscle.",0.7477
IGL7j9-JRG4,IGL7j9-JRG4,9,"The heart is primarily made of cardiac muscle, which is a specialized type of muscle that can contract and relax without fatigue.",0.7477
IGL7j9-JRG4,IGL7j9-JRG4,10,"The heart is primarily composed of cardiac muscle, which is a special type of muscle that can contract and relax without fatigue, allowing it to pump blood throughout the body.",0.7477
IgvTAaTs1h0,IgvTAaTs1h0,1,The model appears in three shots in this video.,0.3943
IgvTAaTs1h0,IgvTAaTs1h0,2,The model appears in two shots in the video.,0.3943
IgvTAaTs1h0,IgvTAaTs1h0,3,The model is appearing in 10 shots in the video.,0.3943
IgvTAaTs1h0,IgvTAaTs1h0,4,The model is appearing in 1 shot in this video.,0.3943
IgvTAaTs1h0,IgvTAaTs1h0,5,The model is appearing in one shot in the video.,0.3943
IgvTAaTs1h0,IgvTAaTs1h0,6,The model is appearing in 10 shots in this video.,0.3943
IgvTAaTs1h0,IgvTAaTs1h0,7,The model is appearing in 3 shots in the video.,0.3943
IgvTAaTs1h0,IgvTAaTs1h0,8,The model appears in one shot in the video.,0.3943
IgvTAaTs1h0,IgvTAaTs1h0,9,The model is appearing in 4 shots in the video.,0.3943
IgvTAaTs1h0,IgvTAaTs1h0,10,The model is appearing in 3 shots in the video.,0.3943
Ih-J19BMr2k,Ih-J19BMr2k,1,The man is walking with a skateboard.,0.5635
Ih-J19BMr2k,Ih-J19BMr2k,2,The man is standing in front of a wall with a textured pattern.,0.5635
Ih-J19BMr2k,Ih-J19BMr2k,3,"The man in the image is holding a cup, possibly enjoying a beverage.",0.5635
Ih-J19BMr2k,Ih-J19BMr2k,4,The man appears to be engaged in a conversation or listening intently to someone off-camera.,0.5635
Ih-J19BMr2k,Ih-J19BMr2k,5,"The man is standing and looking to his right, possibly observing something or someone off-camera.",0.5635
Ih-J19BMr2k,Ih-J19BMr2k,6,"The man appears to be standing and looking off to the side, possibly engaged in a conversation or observing something.",0.5635
Ih-J19BMr2k,Ih-J19BMr2k,7,"The man appears to be standing with his hands in his pockets, possibly waiting or observing his surroundings.",0.5635
Ih-J19BMr2k,Ih-J19BMr2k,8,"The man appears to be standing in front of a white background, possibly posing for a portrait or a photograph.",0.5635
Ih-J19BMr2k,Ih-J19BMr2k,9,"The man appears to be standing in a room with a bookshelf behind him, possibly in a library or study.",0.5635
Ih-J19BMr2k,Ih-J19BMr2k,10,"The man appears to be engaged in an activity that involves his hands, possibly playing a musical instrument or working on a craft.",0.5635
IhSgnUly68U,IhSgnUly68U,1,The man then applies RockTape to the top of his foot.,0.5758
IhSgnUly68U,IhSgnUly68U,2,"The man applies RockTape to the bottom of his foot, presumably to provide support or relief from pain.",0.5758
IhSgnUly68U,IhSgnUly68U,3,"The man proceeds to apply RockTape to the bottom of his foot, likely to provide support and reduce pain in the area.",0.5758
IhSgnUly68U,IhSgnUly68U,4,"The man appears to be preparing to apply RockTape to the bottom of his foot, possibly to provide support or alleviate pain in the area.",0.5758
IhSgnUly68U,IhSgnUly68U,5,"The man is likely preparing for a physical activity or sport where foot protection is beneficial, possibly involving running or other sports that require stability and support.",0.5758
IhSgnUly68U,IhSgnUly68U,6,"The man wraps the RockTape around his foot, securing it in place.",0.5758
IhSgnUly68U,IhSgnUly68U,7,"The man likely continues his activity or workout, using the RockTape for support and stability.",0.5758
IhSgnUly68U,IhSgnUly68U,8,The man proceeds to walk across a room.,0.5758
IhSgnUly68U,IhSgnUly68U,9,The man likely proceeds to walk or perform an activity to test the effectiveness and comfort of the RockTape application.,0.5758
IhSgnUly68U,IhSgnUly68U,10,The man continues to walk on a brick path after applying RockTape to the bottom of his foot.,0.5758
IipsUXtbfi0,IipsUXtbfi0,1,"The key event in the video is the sunrise, which illuminates the sky and casts a warm glow over the landscape.",0.8112
IipsUXtbfi0,IipsUXtbfi0,2,The key event in the video is the appearance of a man in a green shirt and blue jeans standing in a room.,0.8112
IipsUXtbfi0,IipsUXtbfi0,3,"The video captures a significant moment where the first person expresses their gratitude, possibly after receiving a gift or assistance, which is evident from the enthusiastic ""Thank you"" and the smiling face.",0.8112
IipsUXtbfi0,IipsUXtbfi0,4,"The key event in the video is the appearance of a text box with the word ""INTRO"" indicating the start of an introduction or overview.",0.8112
IipsUXtbfi0,IipsUXtbfi0,5,"The video depicts a scene where a person is setting up a camera tripod in an outdoor environment, likely preparing for a photography session or a video recording.",0.8112
IipsUXtbfi0,IipsUXtbfi0,6,The key event in the video was the arrival of the SpaceX Starship SN8 prototype on a launchpad at NASA's Kennedy Space Center.,0.8112
IipsUXtbfi0,IipsUXtbfi0,7,The key event in the video was the start of a video game session.,0.8112
IipsUXtbfi0,IipsUXtbfi0,8,"The key event in the video is the appearance of a bird, which is the central focus of the scene.",0.8112
IipsUXtbfi0,IipsUXtbfi0,9,"The key event in the video is the appearance of a bright light or flash, possibly indicating a significant moment or action.",0.8112
IipsUXtbfi0,IipsUXtbfi0,10,The key event in the video was the announcement of a new product launch.,0.8112
IluSoQAf7iQ,IluSoQAf7iQ,1,"The man is explaining to write down 5 objections and features to ensure a comprehensive analysis of a product or service, helping to identify potential drawbacks and strengths for better decision-making.",0.7004
IluSoQAf7iQ,IluSoQAf7iQ,2,"The man is likely explaining this to guide someone in creating a comprehensive list for a product or service, which helps in understanding and addressing potential concerns or highlighting key benefits.",0.7004
IluSoQAf7iQ,IluSoQAf7iQ,3,"The man is likely explaining the process of creating a list to identify and compare different aspects of a product or service, helping to make an informed decision.",0.7004
IluSoQAf7iQ,IluSoQAf7iQ,4,"The man is likely explaining this to guide someone through a product or service review process, where listing objections and features helps in a thorough evaluation and decision-making.",0.7004
IluSoQAf7iQ,IluSoQAf7iQ,5,"The man is explaining to write down 5 objections and features to help in a structured product comparison or evaluation process, ensuring a comprehensive analysis by considering both positive attributes (features) and potential drawbacks (objections).",0.7004
IluSoQAf7iQ,IluSoQAf7iQ,6,"The man is likely explaining this to help ensure a comprehensive review or analysis of a product or concept, where listing 5 objections and 5 features can provide a balanced perspective that covers both positive and negative aspects.",0.7004
IluSoQAf7iQ,IluSoQAf7iQ,7,"The man is likely explaining this to help clarify the process of listing and evaluating pros and cons, which is a common technique in decision-making and problem-solving.",0.7004
IluSoQAf7iQ,IluSoQAf7iQ,8,The man is likely explaining this to help ensure that all relevant points are considered and documented before making a decision or taking an action.,0.7004
IluSoQAf7iQ,IluSoQAf7iQ,9,"The man is likely explaining this to guide a discussion or presentation, ensuring that all points are clearly identified and discussed, which is useful for decision-making or persuasive arguments.",0.7004
IluSoQAf7iQ,IluSoQAf7iQ,10,"The man is likely explaining this to ensure a comprehensive product or service evaluation, where listing both the negatives (objections) and positives (features) helps in a balanced analysis and decision-making process.",0.7004
IPNczM8NRps,IPNczM8NRps,1,"The wife is making loud noises or moving around, which are distracting her husband while he is trying to focus on his cell phone game.",0.6422
IPNczM8NRps,IPNczM8NRps,2,"The wife is whispering in his ear, trying to get his attention while he is engrossed in watching a game on his cell phone.",0.6422
IPNczM8NRps,IPNczM8NRps,3,"The wife is standing in front of her husband, who is engrossed in a game on his cell phone, blocking his view and causing him to become distracted.",0.6422
IPNczM8NRps,IPNczM8NRps,4,"The wife is talking loudly on her cell phone, which is bothering her husband who is trying to watch the game.",0.6422
IPNczM8NRps,IPNczM8NRps,5,"The wife is making a loud noise, possibly by eating or talking loudly, which is distracting her husband while he is trying to focus on the game on his cell phone.",0.6422
IPNczM8NRps,IPNczM8NRps,6,"The wife is talking loudly on her cell phone, which is causing a disturbance and irritating her husband as he tries to watch the game.",0.6422
IPNczM8NRps,IPNczM8NRps,7,The wife is likely making a loud noise or engaging in a distracting activity that disrupts the husband's concentration on his cell phone while he is watching a game.,0.6422
IPNczM8NRps,IPNczM8NRps,8,The wife is making a noise that is disturbing her husband while he is trying to focus on the game on his cell phone.,0.6422
IPNczM8NRps,IPNczM8NRps,9,"The wife is walking behind him, which is irritating her husband while he is watching a game on his cell phone.",0.6422
IPNczM8NRps,IPNczM8NRps,10,"The wife is making loud, repetitive noises that are disturbing the husband's concentration on his game.",0.6422
IRTTtnSRTyY,IRTTtnSRTyY,1,"The video does not contain any sound, as it is a still image.",0.3618
IRTTtnSRTyY,IRTTtnSRTyY,2,"The video does not contain any audio, so no sound is being made.",0.3618
IRTTtnSRTyY,IRTTtnSRTyY,3,"The video does not contain any audio, so there is no sound to describe.",0.3618
IRTTtnSRTyY,IRTTtnSRTyY,4,"The video appears to be silent, with no visible sound or audio.",0.3618
IRTTtnSRTyY,IRTTtnSRTyY,5,The video appears to be silent or there is no sound being produced.,0.3618
IRTTtnSRTyY,IRTTtnSRTyY,6,"The video does not provide any audio, so there is no sound being made.",0.3618
IRTTtnSRTyY,IRTTtnSRTyY,7,The video shows a blank frame with no visible sound.,0.3618
IRTTtnSRTyY,IRTTtnSRTyY,8,The video shows a static image without any sound.,0.3618
IRTTtnSRTyY,IRTTtnSRTyY,9,"The video does not contain any audio content, so there is no sound being made.",0.3618
IRTTtnSRTyY,IRTTtnSRTyY,10,"The video does not contain any audio, so there is no sound being made.",0.3618
IScHYoAPr5s,IScHYoAPr5s,1,"During a throw-in after someone scores in basketball, the ball is thrown back into play from the sideline where the score occurred.",0.7465
IScHYoAPr5s,IScHYoAPr5s,2,"During a throw-in after someone scores in basketball, the ball is thrown in by a player from the team that scored the point, and play resumes from the spot where the score was made.",0.7465
IScHYoAPr5s,IScHYoAPr5s,3,"During the throw-in after someone scores in this basketball game, the ball is thrown in by the player from the opposing team to restart play from the sidelines where the basket was made.",0.7465
IScHYoAPr5s,IScHYoAPr5s,4,"During a throw-in after someone scores in this basketball game, the ball is thrown back into play from the sidelines at the point where the score was made.",0.7465
IScHYoAPr5s,IScHYoAPr5s,5,"During a throw-in after someone scores in basketball, the ball is thrown in from the sidelines by a player from the team that did not score.",0.7465
IScHYoAPr5s,IScHYoAPr5s,6,"During the throw-in after a score in basketball, the ball is passed back into play by the player who scored or their teammates, with the opposing team taking possession from where the score occurred.",0.7465
IScHYoAPr5s,IScHYoAPr5s,7,"During a throw-in after a score in a basketball game, the ball is thrown back into play by a player from the team that scored, from the spot where the score was made.",0.7465
IScHYoAPr5s,IScHYoAPr5s,8,"During the throw-in after a score in basketball, the ball is thrown in from the sidelines by a player from the team that scored, while the opposing team forms a circle and awaits the throw.",0.7465
IScHYoAPr5s,IScHYoAPr5s,9,"During a throw-in after someone scores in basketball, the ball is thrown back into play from the sidelines by a player who was not involved in the scoring.",0.7465
IScHYoAPr5s,IScHYoAPr5s,10,"During the throw-in after someone scores in this basketball game, the ball is passed back into play from the boundary lines by a player from the team that scored, typically from the corner of the court.",0.7465
ISPojHxT_bc,ISPojHxT_bc,1,The number of arrows changes in this video game depending on the player's level and the difficulty setting.,0.5305
ISPojHxT_bc,ISPojHxT_bc,2,The number of arrows in the video game changes based on the player's skill level and the difficulty of the level they are playing.,0.5305
ISPojHxT_bc,ISPojHxT_bc,3,The number of arrows in this video game changes based on the player's level and the weapon they are using.,0.5305
ISPojHxT_bc,ISPojHxT_bc,4,The number of arrows in this video game changes depending on the player's level or the specific challenge being played.,0.5305
ISPojHxT_bc,ISPojHxT_bc,5,The number of arrows changes in this video game depending on the player's level or the current weapon equipped.,0.5305
ISPojHxT_bc,ISPojHxT_bc,6,The number of arrows changes in the video game based on the player's level and the number of enemies defeated.,0.5305
ISPojHxT_bc,ISPojHxT_bc,7,The number of arrows changes in the video game based on the player's performance and the level they are on.,0.5305
ISPojHxT_bc,ISPojHxT_bc,8,The number of arrows in the video game changes based on the player's level or the specific quest requirements.,0.5305
ISPojHxT_bc,ISPojHxT_bc,9,The number of arrows in this video game changes depending on the player's skill level and the difficulty of the level being played.,0.5305
ISPojHxT_bc,ISPojHxT_bc,10,The number of arrows in this video game changes depending on the player's level or the specific challenge being faced.,0.5305
IsuDOLuMBR0,IsuDOLuMBR0,1,"The women in the video are making a sound that can be described as ""whee"" at the end.",0.6196
IsuDOLuMBR0,IsuDOLuMBR0,2,The women in the video are laughing at the end.,0.6196
IsuDOLuMBR0,IsuDOLuMBR0,3,The women in the video are laughing at the end.,0.6196
IsuDOLuMBR0,IsuDOLuMBR0,4,The women are making a sound of laughter at the end of the video.,0.6196
IsuDOLuMBR0,IsuDOLuMBR0,5,"The women are making a sound that could be interpreted as a ""whoop"" or a ""yell"" at the end of the video.",0.6196
IsuDOLuMBR0,IsuDOLuMBR0,6,The women are making a sound that resembles laughter or a chuckle at the end of the video.,0.6196
IsuDOLuMBR0,IsuDOLuMBR0,7,The women are making a sound that is often associated with laughter or a joyful expression.,0.6196
IsuDOLuMBR0,IsuDOLuMBR0,8,The women are making a sound that is difficult to identify due to the image not showing their mouths or facial expressions.,0.6196
IsuDOLuMBR0,IsuDOLuMBR0,9,The women are making a sound that could be interpreted as laughter or cheering at the end of the video.,0.6196
IsuDOLuMBR0,IsuDOLuMBR0,10,"The women are making a collective ""Hooray!"" at the end of the video.",0.6196
ITL429RMscI,ITL429RMscI,1,The rank of general with three stars is Major General.,0.2808
ITL429RMscI,ITL429RMscI,2,The rank of general with three stars is a Lieutenant General.,0.2808
ITL429RMscI,ITL429RMscI,3,The rank of general with three stars is a Lieutenant General.,0.2808
ITL429RMscI,ITL429RMscI,4,A lieutenant general is a rank of general that has three stars.,0.2808
ITL429RMscI,ITL429RMscI,5,The rank of general with three stars is Major General.,0.2808
ITL429RMscI,ITL429RMscI,6,The rank of general with three stars is Major General.,0.2808
ITL429RMscI,ITL429RMscI,7,The rank of general with three stars is a Lieutenant General.,0.2808
ITL429RMscI,ITL429RMscI,8,A Lieutenant General has three stars.,0.2808
ITL429RMscI,ITL429RMscI,9,The rank of a general with three stars is Lieutenant General.,0.2808
ITL429RMscI,ITL429RMscI,10,The rank of general with three stars is a Lieutenant General.,0.2808
Iuf0gTj4S0M,Iuf0gTj4S0M,1,"After answering the question, each child took turns walking to the front of the class one by one.",0.6663
Iuf0gTj4S0M,Iuf0gTj4S0M,2,Each child took a turn to answer the question one by one.,0.6663
Iuf0gTj4S0M,Iuf0gTj4S0M,3,Each child stood up and walked to a designated spot after answering the question.,0.6663
Iuf0gTj4S0M,Iuf0gTj4S0M,4,"After answering the question, each child took turns standing up one by one.",0.6663
Iuf0gTj4S0M,Iuf0gTj4S0M,5,"One by one, each child took turns answering the question.",0.6663
Iuf0gTj4S0M,Iuf0gTj4S0M,6,"Each child, one by one, stepped forward to answer the question.",0.6663
Iuf0gTj4S0M,Iuf0gTj4S0M,7,"One by one, each child stood up and walked to the front of the class to answer the question.",0.6663
Iuf0gTj4S0M,Iuf0gTj4S0M,8,Each child took turns answering the question one by one.,0.6663
Iuf0gTj4S0M,Iuf0gTj4S0M,9,"One by one, each child took turns answering the question.",0.6663
Iuf0gTj4S0M,Iuf0gTj4S0M,10,Each child took turns answering the question one by one.,0.6663
IVAcuxSsdSw,IVAcuxSsdSw,1,The men are playing basketball.,0.4933
IVAcuxSsdSw,IVAcuxSsdSw,2,The men in the picture are playing soccer.,0.4933
IVAcuxSsdSw,IVAcuxSsdSw,3,"The men are playing a sport that involves a racquet and a ball, which appears to be tennis.",0.4933
IVAcuxSsdSw,IVAcuxSsdSw,4,The men in the picture are playing soccer.,0.4933
IVAcuxSsdSw,IVAcuxSsdSw,5,The men in the picture are playing soccer.,0.4933
IVAcuxSsdSw,IVAcuxSsdSw,6,The men are playing basketball.,0.4933
IVAcuxSsdSw,IVAcuxSsdSw,7,The men in the image are playing basketball.,0.4933
IVAcuxSsdSw,IVAcuxSsdSw,8,The men in the image are playing basketball.,0.4933
IVAcuxSsdSw,IVAcuxSsdSw,9,The men in the picture are playing soccer.,0.4933
IVAcuxSsdSw,IVAcuxSsdSw,10,The men in the picture are playing baseball.,0.4933
IVqpg_1aWXU,IVqpg_1aWXU,1,"The toy airplane is labeled ""Air Force Symbol"" on its body.",0.4784
IVqpg_1aWXU,IVqpg_1aWXU,2,"The toy airplane has ""???"" written on it.",0.4784
IVqpg_1aWXU,IVqpg_1aWXU,3,"The toy airplane has the word ""GLIDE"" written on it.",0.4784
IVqpg_1aWXU,IVqpg_1aWXU,4,"The toy airplane has the word ""Fly"" written on it.",0.4784
IVqpg_1aWXU,IVqpg_1aWXU,5,"The toy airplane has the word ""FLY"" written on it.",0.4784
IVqpg_1aWXU,IVqpg_1aWXU,6,"The toy airplane is labeled with the letters ""R"" and ""M"".",0.4784
IVqpg_1aWXU,IVqpg_1aWXU,7,"The toy airplane has the text ""Airplane"" written on it.",0.4784
IVqpg_1aWXU,IVqpg_1aWXU,8,"The toy airplane has the word ""FLY"" written on it.",0.4784
IVqpg_1aWXU,IVqpg_1aWXU,9,"The toy airplane has the word ""Fly"" written on it.",0.4784
IVqpg_1aWXU,IVqpg_1aWXU,10,"The toy airplane has the word ""Toy"" written on it.",0.4784
IvWk2kXJoH0,IvWk2kXJoH0,1,The video showed a player dribbling the ball and then passing it to a teammate during a women's soccer game.,0.4765
IvWk2kXJoH0,IvWk2kXJoH0,2,The video showed a woman performing a shot on goal and another player attempting a pass.,0.4765
IvWk2kXJoH0,IvWk2kXJoH0,3,"The video showed a woman performing a kick and then dribbling the ball, demonstrating soccer skills.",0.4765
IvWk2kXJoH0,IvWk2kXJoH0,4,The video showed a dribble move and a pass during the women's soccer game.,0.4765
IvWk2kXJoH0,IvWk2kXJoH0,5,The video shows a woman kicking the ball with her right foot and then another player running towards the ball.,0.4765
IvWk2kXJoH0,IvWk2kXJoH0,6,The video showed a player executing a powerful kick and then a defensive slide tackle.,0.4765
IvWk2kXJoH0,IvWk2kXJoH0,7,The video showed a woman performing a pass and then a shot on goal in a women's soccer game.,0.4765
IvWk2kXJoH0,IvWk2kXJoH0,8,The video shows a woman dribbling the ball and then taking a shot on goal.,0.4765
IvWk2kXJoH0,IvWk2kXJoH0,9,The video showed a corner kick followed by a goal attempt.,0.4765
IvWk2kXJoH0,IvWk2kXJoH0,10,The video showed a player executing a pass and a shot on goal during a women's soccer game.,0.4765
IWSPAfCKtV8,IWSPAfCKtV8,1,The sound at the end of the video is a chime.,0.4284
IWSPAfCKtV8,IWSPAfCKtV8,2,The sound at the end of the video is a musical note.,0.4284
IWSPAfCKtV8,IWSPAfCKtV8,3,The video ends with a sound effect that resembles a car engine revving up.,0.4284
IWSPAfCKtV8,IWSPAfCKtV8,4,"The sound at the end of the video is a brief, gentle chime.",0.4284
IWSPAfCKtV8,IWSPAfCKtV8,5,The sound at the end of the video is a chime.,0.4284
IWSPAfCKtV8,IWSPAfCKtV8,6,"The sound at the end of the video is a gentle, soft chime.",0.4284
IWSPAfCKtV8,IWSPAfCKtV8,7,The sound at the end of the video is a gentle hum.,0.4284
IWSPAfCKtV8,IWSPAfCKtV8,8,The sound at the end of the video is a notification or confirmation sound.,0.4284
IWSPAfCKtV8,IWSPAfCKtV8,9,The video ends with a gentle sound of applause.,0.4284
IWSPAfCKtV8,IWSPAfCKtV8,10,"The sound at the end of the video is a voice saying ""Thank you.""",0.4284
IyLkl1USwhU,IyLkl1USwhU,1,There are no smartphones visible in the video.,0.2643
IyLkl1USwhU,IyLkl1USwhU,2,There are two smartphones visible in the video.,0.2643
IyLkl1USwhU,IyLkl1USwhU,3,There are no smartphones visible in the video.,0.2643
IyLkl1USwhU,IyLkl1USwhU,4,"In the video, there are no smartphones visible.",0.2643
IyLkl1USwhU,IyLkl1USwhU,5,There is one smartphone visible in the video.,0.2643
IyLkl1USwhU,IyLkl1USwhU,6,There is one smartphone visible in the video.,0.2643
IyLkl1USwhU,IyLkl1USwhU,7,There is one smartphone visible in the video.,0.2643
IyLkl1USwhU,IyLkl1USwhU,8,There are no smartphones visible in the video.,0.2643
IyLkl1USwhU,IyLkl1USwhU,9,There are no smartphones visible in the video.,0.2643
IyLkl1USwhU,IyLkl1USwhU,10,"In the video, there are no smartphones visible.",0.2643
I_eWjERhgPU,I_eWjERhgPU,1,The cartoon character is surprised to see himself in the mirror and might be confused or startled by the reflection.,0.4378
I_eWjERhgPU,I_eWjERhgPU,2,The cartoon character is surprised and confused by the reflection in the mirror.,0.4378
I_eWjERhgPU,I_eWjERhgPU,3,The cartoon character is surprised and confused upon seeing his reflection in the mirror.,0.4378
I_eWjERhgPU,I_eWjERhgPU,4,The cartoon character is surprised and confused by his reflection in the mirror.,0.4378
I_eWjERhgPU,I_eWjERhgPU,5,The cartoon character appears surprised and confused as he looks into the mirror.,0.4378
I_eWjERhgPU,I_eWjERhgPU,6,The cartoon character reacts with surprise or shock upon seeing himself in the mirror.,0.4378
I_eWjERhgPU,I_eWjERhgPU,7,The cartoon character is surprised and confused by the reflection in the mirror.,0.4378
I_eWjERhgPU,I_eWjERhgPU,8,"The cartoon character is surprised and confused when he sees himself in the mirror, as it is not what he expected.",0.4378
I_eWjERhgPU,I_eWjERhgPU,9,The cartoon character is surprised and amused by the reflection in the mirror.,0.4378
I_eWjERhgPU,I_eWjERhgPU,10,The cartoon character seems to be surprised and confused upon seeing himself in the mirror.,0.4378
I_TaWo2AMDA,I_TaWo2AMDA,1,The image does not provide enough context to determine how many pushups the man completes.,0.4725
I_TaWo2AMDA,I_TaWo2AMDA,2,The image shows a man performing a single push-up.,0.4725
I_TaWo2AMDA,I_TaWo2AMDA,3,The image does not provide enough information to determine the number of pushups the man has completed.,0.4725
I_TaWo2AMDA,I_TaWo2AMDA,4,The man completes 15 pushups.,0.4725
I_TaWo2AMDA,I_TaWo2AMDA,5,The man completes 10 pushups.,0.4725
I_TaWo2AMDA,I_TaWo2AMDA,6,"The image shows a man performing pushups, but the exact number of pushups he completes is not specified.",0.4725
I_TaWo2AMDA,I_TaWo2AMDA,7,"The image shows a man performing a pushup, but the number of pushups completed is not indicated.",0.4725
I_TaWo2AMDA,I_TaWo2AMDA,8,The man completes 10 pushups.,0.4725
I_TaWo2AMDA,I_TaWo2AMDA,9,"The image shows a person performing a pushup, but the number of pushups completed is not indicated in the image.",0.4725
I_TaWo2AMDA,I_TaWo2AMDA,10,The man completes 10 pushups.,0.4725
J-sG9vePDmI,J-sG9vePDmI,1,"The displayed text says ""What does the displayed text say at the beginning?"".",0.5045
J-sG9vePDmI,J-sG9vePDmI,2,"The displayed text says ""Hello, world!"" at the beginning.",0.5045
J-sG9vePDmI,J-sG9vePDmI,3,"The displayed text at the beginning says ""BEGIN"".",0.5045
J-sG9vePDmI,J-sG9vePDmI,4,"The displayed text says ""Hello, world!"" at the beginning.",0.5045
J-sG9vePDmI,J-sG9vePDmI,5,"The displayed text says ""What does the displayed text say at the beginning?"".",0.5045
J-sG9vePDmI,J-sG9vePDmI,6,"The displayed text at the beginning says ""Hello, world!"".",0.5045
J-sG9vePDmI,J-sG9vePDmI,7,"The displayed text says ""Hello, World!"" at the beginning.",0.5045
J-sG9vePDmI,J-sG9vePDmI,8,"The displayed text at the beginning says ""The quick brown fox jumps over the lazy dog.""",0.5045
J-sG9vePDmI,J-sG9vePDmI,9,"The displayed text at the beginning says ""BEGIN"".",0.5045
J-sG9vePDmI,J-sG9vePDmI,10,"The displayed text at the beginning says ""The quick brown fox jumps over the lazy dog.""",0.5045
J1CS47pBX_M,J1CS47pBX_M,1,"The first thing said in this video is ""Hello"".",0.528
J1CS47pBX_M,J1CS47pBX_M,2,"The first thing said in the video is ""Hello.""",0.528
J1CS47pBX_M,J1CS47pBX_M,3,"The video starts with the text ""What is the first thing that is said in this video?"" displayed.",0.528
J1CS47pBX_M,J1CS47pBX_M,4,"The first thing said in the video is ""It's me.""",0.528
J1CS47pBX_M,J1CS47pBX_M,5,"The first thing said in the video is ""Hello, how are you?"".",0.528
J1CS47pBX_M,J1CS47pBX_M,6,"The first thing said in the video is ""Hello.""",0.528
J1CS47pBX_M,J1CS47pBX_M,7,"The first thing said in this video is ""Hello"".",0.528
J1CS47pBX_M,J1CS47pBX_M,8,The video begins with a question asking what is the first thing that is said in the video.,0.528
J1CS47pBX_M,J1CS47pBX_M,9,"The first thing said in the video is ""Hello, how are you?""",0.528
J1CS47pBX_M,J1CS47pBX_M,10,"The first thing said in the video is ""Hello, how are you today?""",0.528
J3nyDqVYj40,J3nyDqVYj40,1,The bull charges the man after being released from the pen.,0.4236
J3nyDqVYj40,J3nyDqVYj40,2,"The bull charges the man, leading to a dramatic and potentially dangerous confrontation.",0.4236
J3nyDqVYj40,J3nyDqVYj40,3,The bull charges the man after being released from the pen.,0.4236
J3nyDqVYj40,J3nyDqVYj40,4,"The bull charges the man, who is trying to escape.",0.4236
J3nyDqVYj40,J3nyDqVYj40,5,The bull charges the man after being released from the pen.,0.4236
J3nyDqVYj40,J3nyDqVYj40,6,The bull charges the man after being released from the pen.,0.4236
J3nyDqVYj40,J3nyDqVYj40,7,The bull charges the man after being released from the pen.,0.4236
J3nyDqVYj40,J3nyDqVYj40,8,The bull charges the man after being released from the pen.,0.4236
J3nyDqVYj40,J3nyDqVYj40,9,"The bull charges at the man, likely causing a potentially dangerous situation.",0.4236
J3nyDqVYj40,J3nyDqVYj40,10,"The bull charges the man, as it is a typical behavior of a bull after being released and sensing a threat.",0.4236
J5cGZ_EA8R8,J5cGZ_EA8R8,1,The person in the picture is shown flipping once while jumping off the tree branch.,0.3698
J5cGZ_EA8R8,J5cGZ_EA8R8,2,The man in the image does two flips while jumping off the tree branch.,0.3698
J5cGZ_EA8R8,J5cGZ_EA8R8,3,The guy does two flips while jumping off the tree branch.,0.3698
J5cGZ_EA8R8,J5cGZ_EA8R8,4,The person in the picture does three flips while jumping off the tree branch.,0.3698
J5cGZ_EA8R8,J5cGZ_EA8R8,5,The man in the image appears to do two flips while jumping off the tree branch.,0.3698
J5cGZ_EA8R8,J5cGZ_EA8R8,6,The guy does 3 flips while jumping off the tree branch.,0.3698
J5cGZ_EA8R8,J5cGZ_EA8R8,7,The person in the image does two flips while jumping off the tree branch.,0.3698
J5cGZ_EA8R8,J5cGZ_EA8R8,8,The person in the image does two flips while jumping off the tree branch.,0.3698
J5cGZ_EA8R8,J5cGZ_EA8R8,9,The person in the picture is performing one flip while jumping off the tree branch.,0.3698
J5cGZ_EA8R8,J5cGZ_EA8R8,10,The guy in the image does two flips while jumping off the tree branch.,0.3698
J7C_J_BOq7I,J7C_J_BOq7I,1,"The basketball player attempts to shoot the ball into the basket, aiming for the hoop to score a field goal.",0.5433
J7C_J_BOq7I,J7C_J_BOq7I,2,"When the basketball player attempts to put the ball in the basket, they are shooting, aiming to score a point by getting the ball through the hoop.",0.5433
J7C_J_BOq7I,J7C_J_BOq7I,3,"When the basketball player attempts to put the ball in the basket, they either successfully score a basket or miss the shot, resulting in a rebound or a turnover.",0.5433
J7C_J_BOq7I,J7C_J_BOq7I,4,"The basketball player throws the ball towards the basket, aiming to score a point by getting it through the net.",0.5433
J7C_J_BOq7I,J7C_J_BOq7I,5,"The basketball player attempts to score by throwing the ball through the basket, aiming to make a successful shot.",0.5433
J7C_J_BOq7I,J7C_J_BOq7I,6,The basketball player either successfully scores a basket if the ball goes through the hoop or misses if it does not go through.,0.5433
J7C_J_BOq7I,J7C_J_BOq7I,7,The basketball player either successfully scores a basket if the ball goes through the hoop or misses if it does not.,0.5433
J7C_J_BOq7I,J7C_J_BOq7I,8,"The basketball player throws the ball into the basket, aiming to score a point.",0.5433
J7C_J_BOq7I,J7C_J_BOq7I,9,"The basketball player shoots the ball towards the basket, aiming to score a point.",0.5433
J7C_J_BOq7I,J7C_J_BOq7I,10,"The basketball player attempts to shoot the ball into the basket, aiming to score a point.",0.5433
J8L_ZRBH6VM,J8L_ZRBH6VM,1,The three women are posing for a photo.,0.5525
J8L_ZRBH6VM,J8L_ZRBH6VM,2,"The three women are standing together, possibly engaged in a conversation or an activity.",0.5525
J8L_ZRBH6VM,J8L_ZRBH6VM,3,"The three women are standing in a row, each holding a bouquet of flowers, and appear to be posing for a photograph.",0.5525
J8L_ZRBH6VM,J8L_ZRBH6VM,4,"The three women appear to be standing in a line, possibly in a formal or ceremonial setting.",0.5525
J8L_ZRBH6VM,J8L_ZRBH6VM,5,"The three women are engaged in a conversation and smiling, suggesting they are enjoying each other's company.",0.5525
J8L_ZRBH6VM,J8L_ZRBH6VM,6,The three women are standing together and appear to be engaged in a conversation.,0.5525
J8L_ZRBH6VM,J8L_ZRBH6VM,7,The three women are engaged in a conversation while seated together.,0.5525
J8L_ZRBH6VM,J8L_ZRBH6VM,8,"The three women are standing together, possibly posing for a photograph.",0.5525
J8L_ZRBH6VM,J8L_ZRBH6VM,9,"The three women are standing close together, seemingly engaged in conversation or an activity that involves them standing close to each other.",0.5525
J8L_ZRBH6VM,J8L_ZRBH6VM,10,"The three women are sitting together, engaged in conversation.",0.5525
J8pjQz5hVDw,J8pjQz5hVDw,1,"The buildings next to the demolished one did not get damaged because they were designed and constructed to withstand the forces of demolition, such as controlled blasting or hydraulic excavators, which are engineered to minimize the impact on surrounding structures.",1.0448
J8pjQz5hVDw,J8pjQz5hVDw,2,The buildings next to the demolished one did not get damaged because they were not in the direct path of the demolition work or were built with sufficient distance and structural integrity to withstand the impact.,1.0448
J8pjQz5hVDw,J8pjQz5hVDw,3,"The buildings next to the demolished one did not get damaged likely because they were structurally sound and had a different angle or elevation relative to the force of the demolition, or they were designed with better load-bearing capacity to withstand similar forces.",1.0448
J8pjQz5hVDw,J8pjQz5hVDw,4,"The buildings next to the demolished one did not get damaged likely due to their structural integrity and the presence of protective measures, such as barriers or reinforced foundations, which were not affected by the demolition process.",1.0448
J8pjQz5hVDw,J8pjQz5hVDw,5,"The buildings next to the demolished one likely had better structural integrity, were built with more resilient materials, or were positioned at a greater distance from the point of impact, thus minimizing the spread of damage.",1.0448
J8pjQz5hVDw,J8pjQz5hVDw,6,"The buildings next to the demolished one did not get damaged because they were built with a different structural design or were at a distance, providing enough space to avoid the potential impact of the demolition.",1.0448
J8pjQz5hVDw,J8pjQz5hVDw,7,"The buildings next to the demolished one likely had better structural integrity, were not in the direct path of the demolition, or were designed to withstand such impacts, whereas the demolished building may have been more vulnerable to the force and debris.",1.0448
J8pjQz5hVDw,J8pjQz5hVDw,8,"The buildings next to the demolished one likely had different structural integrity or were built to withstand the same level of force as the demolished building, thus they remained undamaged.",1.0448
J8pjQz5hVDw,J8pjQz5hVDw,9,"The buildings next to the demolished one likely had different structural designs or were built with materials that could withstand the impact and vibrations from the demolition, or they were positioned in such a way that they were not directly affected by the demolition process.",1.0448
J8pjQz5hVDw,J8pjQz5hVDw,10,"The buildings next to the demolished one did not get damaged likely due to their structural integrity and the design of the demolition, which may have been planned to minimize collateral damage.",1.0448
J9nJaxVRB-4,J9nJaxVRB-4,1,"The video appears to be a brief, possibly humorous or informative clip that includes a character with a red and white outfit, which might be a costume or a uniform.",0.7221
J9nJaxVRB-4,J9nJaxVRB-4,2,"The video appears to be a sequence of frames from a stop-motion animation, likely involving a character or object undergoing a transformation or change in a step-by-step manner.",0.7221
J9nJaxVRB-4,J9nJaxVRB-4,3,"The video depicts a person sitting on a bench, holding a phone and appearing to be engaged in a conversation or activity on it.",0.7221
J9nJaxVRB-4,J9nJaxVRB-4,4,"The video appears to be a placeholder or a test frame, as it contains only the letter ""O"" repeated multiple times, without any discernible content or context.",0.7221
J9nJaxVRB-4,J9nJaxVRB-4,5,"The video demonstrates a step-by-step process involving a person performing a task with a tool, focusing on the use of a hand tool, possibly a wrench, to adjust or fix a component.",0.7221
J9nJaxVRB-4,J9nJaxVRB-4,6,The video demonstrates the process of making a simple origami boat.,0.7221
J9nJaxVRB-4,J9nJaxVRB-4,7,"The video seems to be an introduction or a placeholder, possibly indicating that the main content has not been uploaded yet.",0.7221
J9nJaxVRB-4,J9nJaxVRB-4,8,"The video features a person standing in front of a green background, which could be for a presentation, a tutorial, or an introduction to a topic.",0.7221
J9nJaxVRB-4,J9nJaxVRB-4,9,The video likely discusses the importance of recycling and the impact it has on the environment.,0.7221
J9nJaxVRB-4,J9nJaxVRB-4,10,The video showcases a person riding a bicycle through a scenic park.,0.7221
J9PiXMoNwlw,J9PiXMoNwlw,1,"The new abortion law will take effect on January 1, 2023.",0.7721
J9PiXMoNwlw,J9PiXMoNwlw,2,"The new abortion law will take effect on January 1, 2023.",0.7721
J9PiXMoNwlw,J9PiXMoNwlw,3,"The new abortion law is set to take effect on January 1, 2023.",0.7721
J9PiXMoNwlw,J9PiXMoNwlw,4,"The new abortion law is set to take effect on January 1, 2023.",0.7721
J9PiXMoNwlw,J9PiXMoNwlw,5,"The new abortion law is set to take effect on January 1, 2023.",0.7721
J9PiXMoNwlw,J9PiXMoNwlw,6,"The new abortion law is scheduled to take effect on January 1, 2023.",0.7721
J9PiXMoNwlw,J9PiXMoNwlw,7,"The new abortion law will take effect on January 1, 2023.",0.7721
J9PiXMoNwlw,J9PiXMoNwlw,8,"The new abortion law will take effect on January 1, 2024.",0.7721
J9PiXMoNwlw,J9PiXMoNwlw,9,"The new abortion law is set to take effect on January 1, 2023.",0.7721
J9PiXMoNwlw,J9PiXMoNwlw,10,"The new abortion law will take effect on January 1, 2023.",0.7721
JA8_NOh7Hak,JA8_NOh7Hak,1,"The issue with the jeans is that they are too small, as indicated by the women holding them up with a look of discomfort or dissatisfaction.",0.5411
JA8_NOh7Hak,JA8_NOh7Hak,2,"The jeans are too small for the women, as they are holding them up to show how tight they fit.",0.5411
JA8_NOh7Hak,JA8_NOh7Hak,3,"The issue with the jeans is that they are too tight, as indicated by the women holding them up, likely to show the fit or to display the discomfort they might cause.",0.5411
JA8_NOh7Hak,JA8_NOh7Hak,4,"The issue with the jeans is that they are too tight, as indicated by the women holding them up, suggesting they are too small for the wearer.",0.5411
JA8_NOh7Hak,JA8_NOh7Hak,5,"The issue with the jeans is that they are too small, as evidenced by the way the women are holding them up with their hands to display the excess material.",0.5411
JA8_NOh7Hak,JA8_NOh7Hak,6,"The jeans are torn at the knee, which is a common issue that affects their quality and appearance.",0.5411
JA8_NOh7Hak,JA8_NOh7Hak,7,The jeans are too small for the women to hold them up properly.,0.5411
JA8_NOh7Hak,JA8_NOh7Hak,8,"The jeans appear to be too large for the women, as they are holding them up to their waists, suggesting they are not a proper fit.",0.5411
JA8_NOh7Hak,JA8_NOh7Hak,9,"The jeans are too tight and do not fit properly, which is causing discomfort for the women.",0.5411
JA8_NOh7Hak,JA8_NOh7Hak,10,"The jeans appear to be the wrong size for the women, as they are too large and saggy.",0.5411
JAs8qTc5EEc,JAs8qTc5EEc,1,The man appears to be attempting to catch a fish with a fishing rod.,0.4665
JAs8qTc5EEc,JAs8qTc5EEc,2,The man appears to be attempting to climb the wall or reach for something on the higher shelf.,0.4665
JAs8qTc5EEc,JAs8qTc5EEc,3,The man appears to be reaching out or gesturing towards something or someone.,0.4665
JAs8qTc5EEc,JAs8qTc5EEc,4,The man appears to be trying to drink from the cup.,0.4665
JAs8qTc5EEc,JAs8qTc5EEc,5,The man appears to be attempting to pick a lock on a door.,0.4665
JAs8qTc5EEc,JAs8qTc5EEc,6,"The man appears to be in the process of typing or entering text, possibly into a digital device.",0.4665
JAs8qTc5EEc,JAs8qTc5EEc,7,The man appears to be in the process of eating or preparing to eat a piece of food.,0.4665
JAs8qTc5EEc,JAs8qTc5EEc,8,"The man appears to be sitting in a chair, possibly resting or relaxing.",0.4665
JAs8qTc5EEc,JAs8qTc5EEc,9,"The man appears to be trying to lift or move something, possibly a heavy object, as he is bent over and seems to be exerting effort.",0.4665
JAs8qTc5EEc,JAs8qTc5EEc,10,"The man appears to be standing in a kitchen, possibly preparing to cook or eat, as he is holding a plate.",0.4665
JA_afYAObgs,JA_afYAObgs,1,"The pink creature transforms into a vampire, as indicated by her new fangs and the dark, blood-red background.",0.4397
JA_afYAObgs,JA_afYAObgs,2,The pink creature transforms into a vampire after saying she wants to be one.,0.4397
JA_afYAObgs,JA_afYAObgs,3,"The pink creature transforms into a vampire, indicating a change in her form and likely her abilities or nature.",0.4397
JA_afYAObgs,JA_afYAObgs,4,"The pink creature's appearance changes, and she is transformed into a vampire.",0.4397
JA_afYAObgs,JA_afYAObgs,5,"The pink creature turns into a vampire, fulfilling her desire.",0.4397
JA_afYAObgs,JA_afYAObgs,6,The pink creature transforms into a vampire after saying she wants to be one.,0.4397
JA_afYAObgs,JA_afYAObgs,7,The pink creature transforms into a vampire after saying she wants to be one.,0.4397
JA_afYAObgs,JA_afYAObgs,8,The pink creature transforms into a vampire after she says she wants to be one.,0.4397
JA_afYAObgs,JA_afYAObgs,9,The pink creature transforms into a vampire after expressing her desire.,0.4397
JA_afYAObgs,JA_afYAObgs,10,The pink creature turns into a vampire after saying she wants to be one.,0.4397
JBmn5RRO_aM,JBmn5RRO_aM,1,The man in the white shirt jumps once.,0.711
JBmn5RRO_aM,JBmn5RRO_aM,2,The image does not show a man in a white shirt jumping. It is not possible to determine the number of times he jumps based on this image.,0.711
JBmn5RRO_aM,JBmn5RRO_aM,3,The man in the white shirt jumps once in the image.,0.711
JBmn5RRO_aM,JBmn5RRO_aM,4,The man in the white shirt jumps twice in the image.,0.711
JBmn5RRO_aM,JBmn5RRO_aM,5,The image does not show the man in a white shirt jumping.,0.711
JBmn5RRO_aM,JBmn5RRO_aM,6,The image does not provide enough information to determine how many times the man in the white shirt jumps.,0.711
JBmn5RRO_aM,JBmn5RRO_aM,7,The man in the white shirt jumps once in the image.,0.711
JBmn5RRO_aM,JBmn5RRO_aM,8,The image does not provide enough information to determine how many times the man in the white shirt jumps.,0.711
JBmn5RRO_aM,JBmn5RRO_aM,9,The image does not show a man in a white shirt jumping.,0.711
JBmn5RRO_aM,JBmn5RRO_aM,10,The image does not show a man in a white shirt jumping; it is a static image.,0.711
Jc2BdtyAF48,Jc2BdtyAF48,1,"The displayed text says ""START"".",0.2628
Jc2BdtyAF48,Jc2BdtyAF48,2,"The displayed text says ""123"".",0.2628
Jc2BdtyAF48,Jc2BdtyAF48,3,"The displayed text says ""11"".",0.2628
Jc2BdtyAF48,Jc2BdtyAF48,4,"The displayed text says ""Hello World!"".",0.2628
Jc2BdtyAF48,Jc2BdtyAF48,5,"The displayed text says ""hello world"".",0.2628
Jc2BdtyAF48,Jc2BdtyAF48,6,"The displayed text says ""Hello, World!"".",0.2628
Jc2BdtyAF48,Jc2BdtyAF48,7,"The displayed text says ""Hello World"".",0.2628
Jc2BdtyAF48,Jc2BdtyAF48,8,"The displayed text says ""TOKYO"".",0.2628
Jc2BdtyAF48,Jc2BdtyAF48,9,"The displayed text says ""1"".",0.2628
Jc2BdtyAF48,Jc2BdtyAF48,10,"The displayed text says ""HELLO"".",0.2628
JCKbxPvO32I,JCKbxPvO32I,1,The background music features a piano playing a solo instrument.,0.453
JCKbxPvO32I,JCKbxPvO32I,2,The solo instrument playing in the background is the violin.,0.453
JCKbxPvO32I,JCKbxPvO32I,3,The background features the sound of a solo violin.,0.453
JCKbxPvO32I,JCKbxPvO32I,4,The solo instrument playing in the background is a violin.,0.453
JCKbxPvO32I,JCKbxPvO32I,5,The solo instrument playing in the background is the cello.,0.453
JCKbxPvO32I,JCKbxPvO32I,6,The solo instrument playing in the background is the violin.,0.453
JCKbxPvO32I,JCKbxPvO32I,7,The background features a solo trumpet.,0.453
JCKbxPvO32I,JCKbxPvO32I,8,The solo instrument playing in the background is a flute.,0.453
JCKbxPvO32I,JCKbxPvO32I,9,A violin is playing in the background.,0.453
JCKbxPvO32I,JCKbxPvO32I,10,The solo instrument playing in the background is a flute.,0.453
Jc_vZjKwtvg,Jc_vZjKwtvg,1,"The song being played in this video is ""Shape of You"" by Ed Sheeran.",0.4635
Jc_vZjKwtvg,Jc_vZjKwtvg,2,"The song being played in the video is ""Imagine"" by John Lennon.",0.4635
Jc_vZjKwtvg,Jc_vZjKwtvg,3,The video is not showing any song being played; it is displaying a white background with a yellow line at the top.,0.4635
Jc_vZjKwtvg,Jc_vZjKwtvg,4,The video does not provide any audio or visual cues to identify the specific song being played.,0.4635
Jc_vZjKwtvg,Jc_vZjKwtvg,5,The video does not provide any audio or visual cues that would indicate which song is being played.,0.4635
Jc_vZjKwtvg,Jc_vZjKwtvg,6,"The song being played in the video is ""Bohemian Rhapsody"" by Queen.",0.4635
Jc_vZjKwtvg,Jc_vZjKwtvg,7,"The song being played in this video is ""Shape of You"" by Ed Sheeran.",0.4635
Jc_vZjKwtvg,Jc_vZjKwtvg,8,"The song being played in the video is ""Imagine"" by John Lennon.",0.4635
Jc_vZjKwtvg,Jc_vZjKwtvg,9,"The video does not contain any audio, so the song cannot be determined.",0.4635
Jc_vZjKwtvg,Jc_vZjKwtvg,10,"The video does not provide any audio, so it is not possible to determine what song is being played.",0.4635
JdjYxZcSBSY,JdjYxZcSBSY,1,"After a Chimpanzee chews gum for a while, it eventually swallows the gum.",0.9269
JdjYxZcSBSY,JdjYxZcSBSY,2,"After a Chimpanzee chews gum for a while, it will eventually spit out the gum and continue to eat or engage in other activities.",0.9269
JdjYxZcSBSY,JdjYxZcSBSY,3,"After a Chimpanzee chews gum for a while, it will typically spit out the chewed gum, as they do not have the ability to digest it.",0.9269
JdjYxZcSBSY,JdjYxZcSBSY,4,"After a Chimpanzee chews gum for a while, it will spit out the gum, as they cannot digest it.",0.9269
JdjYxZcSBSY,JdjYxZcSBSY,5,"After a Chimpanzee chews gum for a while, it will likely spit out the gum and continue with its other activities.",0.9269
JdjYxZcSBSY,JdjYxZcSBSY,6,"After a Chimpanzee chews gum for a while, it may spit out the gum or swallow it, and then potentially experience digestive issues or an uncomfortable feeling in its mouth.",0.9269
JdjYxZcSBSY,JdjYxZcSBSY,7,"After a Chimpanzee chews gum for a while, it eventually spits it out, similar to humans.",0.9269
JdjYxZcSBSY,JdjYxZcSBSY,8,"After a Chimpanzee chews gum for a while, it may spit out the gum or swallow it, as chimpanzees do not have the ability to properly digest chewing gum, which is primarily made of gum base and other ingredients that are indigestible for humans and animals alike.",0.9269
JdjYxZcSBSY,JdjYxZcSBSY,9,"After a Chimpanzee chews gum for a while, it may eventually spit out the gum, similar to humans.",0.9269
JdjYxZcSBSY,JdjYxZcSBSY,10,"After a Chimpanzee chews gum for a while, it will typically spit out the chewed gum, as they do not have the ability to digest it like humans do.",0.9269
Je-mkG85Ntc,Je-mkG85Ntc,1,"The boy makes a ""woof"" sound at the end of the video.",0.4907
Je-mkG85Ntc,Je-mkG85Ntc,2,"The boy in the video makes a sound that can be described as ""aaah.""",0.4907
Je-mkG85Ntc,Je-mkG85Ntc,3,The boy makes a happy and excited sound at the end of the video.,0.4907
Je-mkG85Ntc,Je-mkG85Ntc,4,"The boy makes a ""whoosh"" sound at the end of the video.",0.4907
Je-mkG85Ntc,Je-mkG85Ntc,5,"The boy makes a ""woof woof"" sound at the end of the video.",0.4907
Je-mkG85Ntc,Je-mkG85Ntc,6,"The boy makes a sound that resembles ""uh-oh"" at the end of the video.",0.4907
Je-mkG85Ntc,Je-mkG85Ntc,7,"The boy makes a ""ah"" sound at the end of the video.",0.4907
Je-mkG85Ntc,Je-mkG85Ntc,8,"The boy makes a ""chirp"" sound at the end of the video.",0.4907
Je-mkG85Ntc,Je-mkG85Ntc,9,"The boy makes a sound of ""ow"" at the end of the video.",0.4907
Je-mkG85Ntc,Je-mkG85Ntc,10,The boy makes a laughing sound at the end of the video.,0.4907
JecGTrg8Qig,JecGTrg8Qig,1,"The background at the end of the video appears to be a dark, possibly nighttime setting with some faint, indistinct shapes or structures.",0.5518
JecGTrg8Qig,JecGTrg8Qig,2,The background at the end of the video features a serene natural landscape with trees and a clear sky.,0.5518
JecGTrg8Qig,JecGTrg8Qig,3,The background at the end of the video features a serene landscape with a clear sky and distant mountains.,0.5518
JecGTrg8Qig,JecGTrg8Qig,4,"The background at the end of the video appears to be a dark, possibly nighttime setting with faint, indistinct shapes and a hint of a structure or object.",0.5518
JecGTrg8Qig,JecGTrg8Qig,5,The background at the end of the video shows a view of a city skyline.,0.5518
JecGTrg8Qig,JecGTrg8Qig,6,The background at the end of the video appears to be a clear blue sky.,0.5518
JecGTrg8Qig,JecGTrg8Qig,7,The background at the end of the video shows a clear blue sky with a few scattered clouds.,0.5518
JecGTrg8Qig,JecGTrg8Qig,8,"At the end of the video, the background appears to be a plain, light-colored surface with no distinct features or objects.",0.5518
JecGTrg8Qig,JecGTrg8Qig,9,The background in the video shows a serene natural setting with trees and possibly a body of water.,0.5518
JecGTrg8Qig,JecGTrg8Qig,10,The background at the end of the video features a serene outdoor setting with a clear sky and a distant view of a forested area.,0.5518
JeqfVPHF0OY,JeqfVPHF0OY,1,The video demonstrates a simple sequence of frames showing a person moving from left to right across the screen.,0.5434
JeqfVPHF0OY,JeqfVPHF0OY,2,The video demonstrates a process or activity that is not fully visible or clear due to the lack of context or additional information.,0.5434
JeqfVPHF0OY,JeqfVPHF0OY,3,"The video demonstrates a simple animation of a rotating cube, showcasing basic 3D graphics and animation techniques.",0.5434
JeqfVPHF0OY,JeqfVPHF0OY,4,The video demonstrates a person using a smartphone to capture an image of a piece of paper with text on it.,0.5434
JeqfVPHF0OY,JeqfVPHF0OY,5,"The video demonstrates a sequence of frames showing a person's hand in motion, suggesting a focus on movement or interaction, possibly in a technology or user interface context.",0.5434
JeqfVPHF0OY,JeqfVPHF0OY,6,"The video demonstrates a simple animation of a rotating cube, showcasing basic 3D graphics and transformations.",0.5434
JeqfVPHF0OY,JeqfVPHF0OY,7,"The video demonstrates a sequence of actions where a person is initially standing in a doorway, then walking through the doorway, and finally standing on the other side.",0.5434
JeqfVPHF0OY,JeqfVPHF0OY,8,"The video demonstrates a sequence of frames showing a person performing a task or action, likely involving interaction with objects or a system.",0.5434
JeqfVPHF0OY,JeqfVPHF0OY,9,"The video demonstrates a step-by-step process or tutorial, likely related to a specific topic or skill.",0.5434
JeqfVPHF0OY,JeqfVPHF0OY,10,The video demonstrates the process of a chemical reaction.,0.5434
JfGLBDlipnY,JfGLBDlipnY,1,It is not clear how many people are carrying a mattress at any given time based on the image provided.,0.5138
JfGLBDlipnY,JfGLBDlipnY,2,The image does not provide information on how many people carry a mattress at any time.,0.5138
JfGLBDlipnY,JfGLBDlipnY,3,The image does not provide specific information on how many people carry a mattress at any time.,0.5138
JfGLBDlipnY,JfGLBDlipnY,4,It is not possible to determine the exact number of people carrying a mattress at any given time without additional context or information.,0.5138
JfGLBDlipnY,JfGLBDlipnY,5,"In the image, there are two people carrying a mattress.",0.5138
JfGLBDlipnY,JfGLBDlipnY,6,The image does not provide enough information to determine how many people are carrying a mattress at any time.,0.5138
JfGLBDlipnY,JfGLBDlipnY,7,The image appears to be a blank white screen with no text or visual elements to provide information about how many people carry a mattress at any time.,0.5138
JfGLBDlipnY,JfGLBDlipnY,8,"The image shows a person carrying a mattress, so one person is carrying a mattress at any given time.",0.5138
JfGLBDlipnY,JfGLBDlipnY,9,"In the context of the image, it appears that two people are carrying a mattress.",0.5138
JfGLBDlipnY,JfGLBDlipnY,10,The image does not provide enough context to determine how many people carry a mattress at any time.,0.5138
JfXV0T2VpEg,JfXV0T2VpEg,1,The father selects a snack bag from either the left or right side of the challenge game.,0.8147
JfXV0T2VpEg,JfXV0T2VpEg,2,"When the father chooses the snack bag in the left or right challenge game, he must guess whether the snack inside is a cookie or a chip; if he guesses correctly, he wins the snack.",0.8147
JfXV0T2VpEg,JfXV0T2VpEg,3,The father's choice in the snack bag challenge determines whether he wins or loses the game.,0.8147
JfXV0T2VpEg,JfXV0T2VpEg,4,"When the father chooses the snack bag in the left or right challenge game, he must guess which bag contains the prize to win the game.",0.8147
JfXV0T2VpEg,JfXV0T2VpEg,5,"The father must choose between a snack bag containing a toy or a snack, determining what prize he receives.",0.8147
JfXV0T2VpEg,JfXV0T2VpEg,6,"The father selects a snack bag, revealing its contents, and the child's task is to guess what's inside.",0.8147
JfXV0T2VpEg,JfXV0T2VpEg,7,"When the father chooses the snack bag in the left or right challenge game, he must either eat the snack inside or forfeit a turn, depending on the specific rules of the game.",0.8147
JfXV0T2VpEg,JfXV0T2VpEg,8,"When the father chooses the snack bag in the left or right challenge game, he must decide which snack bag to open to reveal the contents.",0.8147
JfXV0T2VpEg,JfXV0T2VpEg,9,"When the father chooses the snack bag in the left or right challenge game, he selects a bag that could either be filled with treats or be empty.",0.8147
JfXV0T2VpEg,JfXV0T2VpEg,10,"When the father chooses the snack bag in the left challenge game, he must eat the contents if the bag is labeled ""left challenge""; if the bag is labeled ""right challenge,"" he can eat it only if it contains his favorite snack.",0.8147
JfzYDrbdvsQ,JfzYDrbdvsQ,1,The man placed his cell phone on the beach prior to using it near the ocean.,0.4425
JfzYDrbdvsQ,JfzYDrbdvsQ,2,The man placed his cell phone in his pocket before using it near the ocean.,0.4425
JfzYDrbdvsQ,JfzYDrbdvsQ,3,The man placed his cell phone on the table near the ocean before using it.,0.4425
JfzYDrbdvsQ,JfzYDrbdvsQ,4,The man put his cell phone in his pocket before using it near the ocean.,0.4425
JfzYDrbdvsQ,JfzYDrbdvsQ,5,The man placed his cell phone on the sand prior to using it near the ocean.,0.4425
JfzYDrbdvsQ,JfzYDrbdvsQ,6,The man was using his cell phone to take a picture of the ocean.,0.4425
JfzYDrbdvsQ,JfzYDrbdvsQ,7,The man held his cell phone in his hand before using it near the ocean.,0.4425
JfzYDrbdvsQ,JfzYDrbdvsQ,8,The man put his cell phone in his pocket before taking it out to use near the ocean.,0.4425
JfzYDrbdvsQ,JfzYDrbdvsQ,9,The man placed his cell phone on a rock near the ocean.,0.4425
JfzYDrbdvsQ,JfzYDrbdvsQ,10,The man put his cell phone in his pocket before using it near the ocean.,0.4425
JGQjEeUzFdI,JGQjEeUzFdI,1,There are three toy figurines in the video.,0.5064
JGQjEeUzFdI,JGQjEeUzFdI,2,There is one toy figurine in the video.,0.5064
JGQjEeUzFdI,JGQjEeUzFdI,3,There are no toy figurines in the video.,0.5064
JGQjEeUzFdI,JGQjEeUzFdI,4,There are two toy figurines in the video.,0.5064
JGQjEeUzFdI,JGQjEeUzFdI,5,There is one toy figurine in the video.,0.5064
JGQjEeUzFdI,JGQjEeUzFdI,6,There are two toy figurines in the video.,0.5064
JGQjEeUzFdI,JGQjEeUzFdI,7,There are no toy figurines in the video.,0.5064
JGQjEeUzFdI,JGQjEeUzFdI,8,There is one toy figurine visible in the video.,0.5064
JGQjEeUzFdI,JGQjEeUzFdI,9,There are no toy figurines in the video.,0.5064
JGQjEeUzFdI,JGQjEeUzFdI,10,There are no toy figurines in the video.,0.5064
Jhiyf69UltM,Jhiyf69UltM,1,"After the little girl tasted a cookie, she felt very sick and had to go to the bathroom.",0.5136
Jhiyf69UltM,Jhiyf69UltM,2,The little girl laughed after tasting a cookie.,0.5136
Jhiyf69UltM,Jhiyf69UltM,3,"The little girl tasted a cookie and then smiled, indicating she enjoyed it.",0.5136
Jhiyf69UltM,Jhiyf69UltM,4,"After the little girl tasted a cookie, she realized it was much too salty.",0.5136
Jhiyf69UltM,Jhiyf69UltM,5,The little girl felt a rush of energy and joy after tasting a cookie.,0.5136
Jhiyf69UltM,Jhiyf69UltM,6,The little girl tasted a cookie and then experienced a sudden burst of joy.,0.5136
Jhiyf69UltM,Jhiyf69UltM,7,The little girl felt happy after tasting the cookie.,0.5136
Jhiyf69UltM,Jhiyf69UltM,8,The little girl tasted a cookie and then smiled.,0.5136
Jhiyf69UltM,Jhiyf69UltM,9,The little girl tasted a cookie and then started to feel sick.,0.5136
Jhiyf69UltM,Jhiyf69UltM,10,The little girl laughed after tasting the cookie.,0.5136
JJ8sKvg55sM,JJ8sKvg55sM,1,There are two birds in the video.,0.2173
JJ8sKvg55sM,JJ8sKvg55sM,2,There are no birds in the video.,0.2173
JJ8sKvg55sM,JJ8sKvg55sM,3,There are no birds in the video.,0.2173
JJ8sKvg55sM,JJ8sKvg55sM,4,There is one bird in the video.,0.2173
JJ8sKvg55sM,JJ8sKvg55sM,5,There are no birds in the video.,0.2173
JJ8sKvg55sM,JJ8sKvg55sM,6,There are no birds in the video.,0.2173
JJ8sKvg55sM,JJ8sKvg55sM,7,There are no birds in the video.,0.2173
JJ8sKvg55sM,JJ8sKvg55sM,8,There is one bird in the video.,0.2173
JJ8sKvg55sM,JJ8sKvg55sM,9,There is one bird visible in the video.,0.2173
JJ8sKvg55sM,JJ8sKvg55sM,10,There are no birds in the video.,0.2173
JjbPGSbFVc8,JjbPGSbFVc8,1,The video ends with a fade to black.,0.5445
JjbPGSbFVc8,JjbPGSbFVc8,2,"The video ends with a question being asked, inviting viewers to think about the significance of the scene.",0.5445
JjbPGSbFVc8,JjbPGSbFVc8,3,The video ends with a blank screen.,0.5445
JjbPGSbFVc8,JjbPGSbFVc8,4,The video ends with a static image of a computer screen displaying a blank white page.,0.5445
JjbPGSbFVc8,JjbPGSbFVc8,5,The video ends with a static shot of the title card.,0.5445
JjbPGSbFVc8,JjbPGSbFVc8,6,The video ends with a static image of a blank white screen.,0.5445
JjbPGSbFVc8,JjbPGSbFVc8,7,The video ends with a visual of a colorful flower garden.,0.5445
JjbPGSbFVc8,JjbPGSbFVc8,8,The video ends with a black screen.,0.5445
JjbPGSbFVc8,JjbPGSbFVc8,9,"The video ends with a shot of a serene landscape, showcasing a beautiful sunset over a mountain range.",0.5445
JjbPGSbFVc8,JjbPGSbFVc8,10,"The video ends with the text ""The End"" appearing on the screen.",0.5445
JJm36w6X5pI,JJm36w6X5pI,1,The poster warns against the dangers of substance abuse.,0.5395
JJm36w6X5pI,JJm36w6X5pI,2,The poster warns against the dangers of smoking.,0.5395
JJm36w6X5pI,JJm36w6X5pI,3,The poster warns against the dangers of using certain substances.,0.5395
JJm36w6X5pI,JJm36w6X5pI,4,The poster warns against the use of certain products that are potentially harmful.,0.5395
JJm36w6X5pI,JJm36w6X5pI,5,The poster warns against the dangers of smoking.,0.5395
JJm36w6X5pI,JJm36w6X5pI,6,The poster warns against the dangers of using tobacco products.,0.5395
JJm36w6X5pI,JJm36w6X5pI,7,The poster warns against the dangers of smoking.,0.5395
JJm36w6X5pI,JJm36w6X5pI,8,"The poster warns against a specific issue, but the image is too small and unclear to read the exact text.",0.5395
JJm36w6X5pI,JJm36w6X5pI,9,The poster warns against the dangers of driving under the influence of alcohol.,0.5395
JJm36w6X5pI,JJm36w6X5pI,10,The poster warns against the dangers of smoking.,0.5395
Jjtp1B8OYqQ,Jjtp1B8OYqQ,1,The dancer is wearing a red shirt and black pants.,0.6654
Jjtp1B8OYqQ,Jjtp1B8OYqQ,2,The dancer is wearing a white shirt and black pants.,0.6654
Jjtp1B8OYqQ,Jjtp1B8OYqQ,3,The dancer is wearing a blue and red outfit.,0.6654
Jjtp1B8OYqQ,Jjtp1B8OYqQ,4,The dancer is wearing a black and white outfit.,0.6654
Jjtp1B8OYqQ,Jjtp1B8OYqQ,5,The dancer is wearing a yellow and black outfit.,0.6654
Jjtp1B8OYqQ,Jjtp1B8OYqQ,6,The dancer is wearing a blue and white outfit.,0.6654
Jjtp1B8OYqQ,Jjtp1B8OYqQ,7,The dancer is wearing a black and white outfit.,0.6654
Jjtp1B8OYqQ,Jjtp1B8OYqQ,8,The dancer is wearing a green dress.,0.6654
Jjtp1B8OYqQ,Jjtp1B8OYqQ,9,The dancer is wearing a black outfit.,0.6654
Jjtp1B8OYqQ,Jjtp1B8OYqQ,10,The dancer is wearing a black and white outfit.,0.6654
Jk5h2a0j_ek,Jk5h2a0j_ek,1,They are eating a sandwich.,0.4418
Jk5h2a0j_ek,Jk5h2a0j_ek,2,They are eating a bowl of noodles.,0.4418
Jk5h2a0j_ek,Jk5h2a0j_ek,3,They are eating a piece of bread.,0.4418
Jk5h2a0j_ek,Jk5h2a0j_ek,4,The image shows a person eating a sandwich.,0.4418
Jk5h2a0j_ek,Jk5h2a0j_ek,5,They are eating pizza.,0.4418
Jk5h2a0j_ek,Jk5h2a0j_ek,6,"The individuals in the image appear to be eating a meal together, but without a clear view of the food, it is not possible to specify what they are eating.",0.4418
Jk5h2a0j_ek,Jk5h2a0j_ek,7,They are eating apples.,0.4418
Jk5h2a0j_ek,Jk5h2a0j_ek,8,They are eating a sandwich.,0.4418
Jk5h2a0j_ek,Jk5h2a0j_ek,9,They are eating pizza.,0.4418
Jk5h2a0j_ek,Jk5h2a0j_ek,10,They are eating a meal together.,0.4418
JkfvwpRl488,JkfvwpRl488,1,"The display text in the video is ""What is the capital of France?""",0.5275
JkfvwpRl488,JkfvwpRl488,2,"The display text in the video reads ""What is the display text reply to the first question in this video?""",0.5275
JkfvwpRl488,JkfvwpRl488,3,"The display text reply to the first question in this video is ""The answer to the first question is [insert answer here].""",0.5275
JkfvwpRl488,JkfvwpRl488,4,The display text in the video does not provide a direct reply to the first question.,0.5275
JkfvwpRl488,JkfvwpRl488,5,"The display text in the video is ""The quick brown fox jumps over the lazy dog.""",0.5275
JkfvwpRl488,JkfvwpRl488,6,"The text in the image reads ""What is the display text reply to the first question in this video?""",0.5275
JkfvwpRl488,JkfvwpRl488,7,"The display text in the video is not provided, so I cannot answer the question.",0.5275
JkfvwpRl488,JkfvwpRl488,8,"The display text reply to the first question in this video is ""What is the capital of France?""",0.5275
JkfvwpRl488,JkfvwpRl488,9,The display text is not provided in the image.,0.5275
JkfvwpRl488,JkfvwpRl488,10,The image provided does not contain any text or information to answer a question about a video. It appears to be a blank or unoccupied screen.,0.5275
JluxtrFDkZU,JluxtrFDkZU,1,"The image on the plate appears to be a simple line drawing of a face, possibly with a smile or a neutral expression.",0.7147
JluxtrFDkZU,JluxtrFDkZU,2,"The image on the plate is a simple, minimalist design with a white background and a single red dot in the center.",0.7147
JluxtrFDkZU,JluxtrFDkZU,3,"The image on the plate appears to be a simple, possibly hand-drawn or stylized, depiction of a face or a character, but the details are not clear.",0.7147
JluxtrFDkZU,JluxtrFDkZU,4,"The image on the plate appears to be a simple, possibly hand-drawn or painted, representation of a person's head with a round face, a small mouth, and a simple nose and eyes.",0.7147
JluxtrFDkZU,JluxtrFDkZU,5,"The image on the plate is a simple, stylized representation of a flower with a yellow center and green leaves.",0.7147
JluxtrFDkZU,JluxtrFDkZU,6,The image on the plate is a simple design of a flower and leaves.,0.7147
JluxtrFDkZU,JluxtrFDkZU,7,The image on the plate appears to be a simple line drawing of a face with a neutral expression.,0.7147
JluxtrFDkZU,JluxtrFDkZU,8,The image on the plate appears to be a decorative design with a mix of geometric and organic shapes in a monochromatic color scheme.,0.7147
JluxtrFDkZU,JluxtrFDkZU,9,The image on the plate is a design of a sun with rays extending outward.,0.7147
JluxtrFDkZU,JluxtrFDkZU,10,The image on the plate appears to be a simple line drawing of a house with a circular window and a triangular roof.,0.7147
JOClNGH6yL8,JOClNGH6yL8,1,The woman is wearing a black top.,0.4585
JOClNGH6yL8,JOClNGH6yL8,2,The woman is wearing a white top.,0.4585
JOClNGH6yL8,JOClNGH6yL8,3,The woman is wearing a white top.,0.4585
JOClNGH6yL8,JOClNGH6yL8,4,The woman is wearing a white top.,0.4585
JOClNGH6yL8,JOClNGH6yL8,5,The woman is wearing a blue top.,0.4585
JOClNGH6yL8,JOClNGH6yL8,6,The woman's top is black.,0.4585
JOClNGH6yL8,JOClNGH6yL8,7,The woman is wearing a red top.,0.4585
JOClNGH6yL8,JOClNGH6yL8,8,The woman is wearing a white top.,0.4585
JOClNGH6yL8,JOClNGH6yL8,9,The woman is wearing a red top.,0.4585
JOClNGH6yL8,JOClNGH6yL8,10,The woman is wearing a white top.,0.4585
JOftqIUYn24,JOftqIUYn24,1,"The video appears to be a collection of short clips featuring various activities, such as a person riding a skateboard, someone playing a guitar, and a person running, suggesting it could be a montage of different lifestyle or hobby-related content.",0.8376
JOftqIUYn24,JOftqIUYn24,2,"The video appears to be about a playful interaction involving a dog and a person, possibly engaging in a game or activity that involves a ball.",0.8376
JOftqIUYn24,JOftqIUYn24,3,"The video appears to be about a simple, abstract animation that features a series of geometric shapes and lines moving in a pattern.",0.8376
JOftqIUYn24,JOftqIUYn24,4,"The video appears to be about a person explaining or demonstrating a concept, possibly related to technology or a gadget, as suggested by the blurred background and the hand gesture.",0.8376
JOftqIUYn24,JOftqIUYn24,5,"The video appears to be about a person demonstrating or explaining a concept or technique, possibly related to a DIY project or educational content, as suggested by the text ""Time to start!""",0.8376
JOftqIUYn24,JOftqIUYn24,6,"The video appears to be about a person wearing a red shirt and interacting with a keyboard, possibly demonstrating or teaching something related to music or technology.",0.8376
JOftqIUYn24,JOftqIUYn24,7,"The video is a collection of various video clips, including a person holding a green object, a close-up of a person's face, and a black and white image of a person.",0.8376
JOftqIUYn24,JOftqIUYn24,8,"The video appears to be a simple animation of a red square moving within a larger red square, with no additional context or narrative provided.",0.8376
JOftqIUYn24,JOftqIUYn24,9,The video is a tutorial or demonstration showcasing a feature or functionality of a software application.,0.8376
JOftqIUYn24,JOftqIUYn24,10,"The video appears to be a segment from a children's educational show, featuring a child interacting with a character and a hand puppet, possibly engaging in a playful or educational activity.",0.8376
JOYI4B6yVX8,JOYI4B6yVX8,1,"After a woman gets kicked by a horse, she may experience pain, shock, and possibly physical injury depending on the severity of the kick.",0.6027
JOYI4B6yVX8,JOYI4B6yVX8,2,"After a woman gets kicked by a horse, she may experience pain, injury, or even a fall, depending on the force and impact of the kick.",0.6027
JOYI4B6yVX8,JOYI4B6yVX8,3,"After a woman gets kicked by a horse, she may experience pain, injury, or shock depending on the severity of the kick.",0.6027
JOYI4B6yVX8,JOYI4B6yVX8,4,"After a woman gets kicked by a horse, she may experience pain, injury, and require medical attention depending on the severity of the kick.",0.6027
JOYI4B6yVX8,JOYI4B6yVX8,5,"After a woman gets kicked by a horse, she may experience pain, swelling, and bruising, and may need medical attention.",0.6027
JOYI4B6yVX8,JOYI4B6yVX8,6,"The woman may experience pain, bruising, or other injuries, and might require medical attention depending on the severity of the kick.",0.6027
JOYI4B6yVX8,JOYI4B6yVX8,7,"After a woman gets kicked by a horse, she may experience pain and discomfort, and might need medical attention depending on the severity of the injury.",0.6027
JOYI4B6yVX8,JOYI4B6yVX8,8,"After a woman gets kicked by a horse, she may experience physical pain and discomfort, and she might need medical attention if the kick causes serious injury.",0.6027
JOYI4B6yVX8,JOYI4B6yVX8,9,"After a woman gets kicked by a horse, she may experience pain, injury, or a range of physical and emotional effects, depending on the severity of the kick and her reaction.",0.6027
JOYI4B6yVX8,JOYI4B6yVX8,10,"After a woman gets kicked by a horse, she may experience physical pain, bruising, or injury, and she might need medical attention to assess the extent of the injury and receive appropriate treatment.",0.6027
JpCP3i6JoNc,JpCP3i6JoNc,1,"The young man is holding a knife in his hand, but the specific action he is performing is not clear from the image.",0.5483
JpCP3i6JoNc,JpCP3i6JoNc,2,"The young man is holding a knife in his hand, but there is no indication of what he is doing with it in the image.",0.5483
JpCP3i6JoNc,JpCP3i6JoNc,3,The young man is holding a knife in his hand.,0.5483
JpCP3i6JoNc,JpCP3i6JoNc,4,The young man is holding a knife in his hand.,0.5483
JpCP3i6JoNc,JpCP3i6JoNc,5,"The young man is holding a knife in his hand, but the image does not provide information about what he is doing with it.",0.5483
JpCP3i6JoNc,JpCP3i6JoNc,6,"The young man is holding a knife in his hand, but the specific action he is performing is not clear from the image alone.",0.5483
JpCP3i6JoNc,JpCP3i6JoNc,7,"The young man is holding a knife, possibly preparing to use it.",0.5483
JpCP3i6JoNc,JpCP3i6JoNc,8,"The young man is holding a knife in his hand, possibly preparing to cut or perform a task that requires the use of a knife.",0.5483
JpCP3i6JoNc,JpCP3i6JoNc,9,"The young man is holding a knife in his hand, but the image does not provide context for what he is doing with it.",0.5483
JpCP3i6JoNc,JpCP3i6JoNc,10,"The young man is holding a knife in his hand, but the specific action he is performing is not clear from the image alone.",0.5483
JpTsHQHzptE,JpTsHQHzptE,1,The ladybug continues on its path without any interaction with the two spider men.,0.4947
JpTsHQHzptE,JpTsHQHzptE,2,"The ladybug continues its journey unhindered, passing between the two stationary spider men.",0.4947
JpTsHQHzptE,JpTsHQHzptE,3,The ladybug continues on its path without any interaction with the two spider men.,0.4947
JpTsHQHzptE,JpTsHQHzptE,4,The ladybug continues its journey without interacting with the two spider men.,0.4947
JpTsHQHzptE,JpTsHQHzptE,5,The ladybug continues its journey without any interaction with the two spider men.,0.4947
JpTsHQHzptE,JpTsHQHzptE,6,The ladybug continues its path without interacting with the two spider men.,0.4947
JpTsHQHzptE,JpTsHQHzptE,7,The ladybug continues its journey without any interaction with the two spider men.,0.4947
JpTsHQHzptE,JpTsHQHzptE,8,"The ladybug continues on its path unaffected by the two spider men, highlighting the distinct nature and freedom of the ladybug compared to the stationary spiders.",0.4947
JpTsHQHzptE,JpTsHQHzptE,9,The ladybug safely continues its journey past the two stationary spider men.,0.4947
JpTsHQHzptE,JpTsHQHzptE,10,The ladybug continues its journey unharmed as it passes by the two spider men.,0.4947
JqugPKIgGNQ,JqugPKIgGNQ,1,The cat in the image has black and white fur.,0.419
JqugPKIgGNQ,JqugPKIgGNQ,2,The cat in the image has a mix of black and white fur.,0.419
JqugPKIgGNQ,JqugPKIgGNQ,3,The cat in the picture is white.,0.419
JqugPKIgGNQ,JqugPKIgGNQ,4,The cat in the picture is white.,0.419
JqugPKIgGNQ,JqugPKIgGNQ,5,The cat in the picture is orange and white.,0.419
JqugPKIgGNQ,JqugPKIgGNQ,6,The cat in the picture is white.,0.419
JqugPKIgGNQ,JqugPKIgGNQ,7,The cat in the picture is black.,0.419
JqugPKIgGNQ,JqugPKIgGNQ,8,The cat in the image is black.,0.419
JqugPKIgGNQ,JqugPKIgGNQ,9,The cat in the picture is white.,0.419
JqugPKIgGNQ,JqugPKIgGNQ,10,The cat in the picture is white.,0.419
JR5t_k9ULcA,JR5t_k9ULcA,1,The video is showing students engaged in an educational activity.,0.7271
JR5t_k9ULcA,JR5t_k9ULcA,2,"The video shows students participating in a group activity, likely a classroom discussion or collaborative task.",0.7271
JR5t_k9ULcA,JR5t_k9ULcA,3,The video is showing students participating in a science experiment.,0.7271
JR5t_k9ULcA,JR5t_k9ULcA,4,The video is showing students in a classroom setting.,0.7271
JR5t_k9ULcA,JR5t_k9ULcA,5,The video shows students engaged in a discussion or presentation.,0.7271
JR5t_k9ULcA,JR5t_k9ULcA,6,"The video shows students engaged in a discussion or activity related to a specific topic, though the exact content is not specified.",0.7271
JR5t_k9ULcA,JR5t_k9ULcA,7,"The video is showing students participating in a hands-on activity, possibly related to physics or engineering, as they interact with a device that seems to be a pendulum or a similar apparatus.",0.7271
JR5t_k9ULcA,JR5t_k9ULcA,8,"The video shows students engaging in an educational activity, possibly a science experiment or a group discussion.",0.7271
JR5t_k9ULcA,JR5t_k9ULcA,9,The video shows students in a classroom setting.,0.7271
JR5t_k9ULcA,JR5t_k9ULcA,10,"The video is showing students participating in an educational activity, likely a science experiment or a group discussion.",0.7271
JrBhUfuagxw,JrBhUfuagxw,1,The last expression by the man in the video appears to be a smile or a relaxed facial expression.,0.5474
JrBhUfuagxw,JrBhUfuagxw,2,The last expression by the man in the video is a smile.,0.5474
JrBhUfuagxw,JrBhUfuagxw,3,"The last expression by the man in the video is a wide, open-mouthed smile.",0.5474
JrBhUfuagxw,JrBhUfuagxw,4,The man in the video is shown with a surprised or shocked expression on his face.,0.5474
JrBhUfuagxw,JrBhUfuagxw,5,"The last expression by the man in the video appears to be a smile or a slight nod, suggesting a positive or agreeable reaction.",0.5474
JrBhUfuagxw,JrBhUfuagxw,6,The last expression by the man in the video appears to be a smile.,0.5474
JrBhUfuagxw,JrBhUfuagxw,7,The last expression by the man in the video is a smile.,0.5474
JrBhUfuagxw,JrBhUfuagxw,8,The last expression by the man in the video appears to be one of surprise or shock.,0.5474
JrBhUfuagxw,JrBhUfuagxw,9,The man in the video ends with a smile.,0.5474
JrBhUfuagxw,JrBhUfuagxw,10,The last expression by the man in the video appears to be a smile.,0.5474
JRjNUjYOuc0,JRjNUjYOuc0,1,The hats in the picture resemble the shape of a moon.,0.6324
JRjNUjYOuc0,JRjNUjYOuc0,2,The hats in the picture resemble the shape of the moon.,0.6324
JRjNUjYOuc0,JRjNUjYOuc0,3,"The hats in the image resemble classic sailor hats, often associated with maritime or nautical themes.",0.6324
JRjNUjYOuc0,JRjNUjYOuc0,4,"The hats in the picture resemble traditional caps with a rounded top and a wide brim, often associated with certain cultural or historical contexts.",0.6324
JRjNUjYOuc0,JRjNUjYOuc0,5,The hats resemble leaves.,0.6324
JRjNUjYOuc0,JRjNUjYOuc0,6,"The hats resemble the shape of the letters ""B"" and ""G"".",0.6324
JRjNUjYOuc0,JRjNUjYOuc0,7,The hats in the picture resemble traditional Mexican sombreros.,0.6324
JRjNUjYOuc0,JRjNUjYOuc0,8,The hats resemble traditional hats often worn in certain cultural settings.,0.6324
JRjNUjYOuc0,JRjNUjYOuc0,9,"The hats resemble traditional or cultural headwear, possibly indicating a specific cultural or historical context.",0.6324
JRjNUjYOuc0,JRjNUjYOuc0,10,"The hats in the image resemble traditional straw hats, commonly associated with outdoor activities or summer wear.",0.6324
JrYZSj0E9ZQ,JrYZSj0E9ZQ,1,"The man is carefully holding a wasp between his fingers, likely for a close-up view or a scientific examination.",0.4832
JrYZSj0E9ZQ,JrYZSj0E9ZQ,2,"The man appears to be carefully holding a wasp between his fingers, possibly for a controlled observation or release.",0.4832
JrYZSj0E9ZQ,JrYZSj0E9ZQ,3,"The man is holding a wasp in between his fingers, likely examining it closely.",0.4832
JrYZSj0E9ZQ,JrYZSj0E9ZQ,4,"The man is carefully holding a wasp between his fingers, likely for observation or release.",0.4832
JrYZSj0E9ZQ,JrYZSj0E9ZQ,5,"The man is delicately holding a wasp between his fingers, possibly for a close-up examination or study.",0.4832
JrYZSj0E9ZQ,JrYZSj0E9ZQ,6,"The man is holding a wasp between his fingers, possibly for observation or to safely remove it from a confined space.",0.4832
JrYZSj0E9ZQ,JrYZSj0E9ZQ,7,"The man is carefully holding a wasp between his fingers, likely for observation or release.",0.4832
JrYZSj0E9ZQ,JrYZSj0E9ZQ,8,"The man appears to be holding a wasp between his fingers, possibly in the process of examining or attempting to free the wasp.",0.4832
JrYZSj0E9ZQ,JrYZSj0E9ZQ,9,"The man is delicately holding a wasp in between his fingers, likely to examine or handle it safely.",0.4832
JrYZSj0E9ZQ,JrYZSj0E9ZQ,10,"The man is holding a wasp delicately between his fingers, possibly examining or preparing to release it.",0.4832
JSOh_pKFq84,JSOh_pKFq84,1,The woman is using her hand to pick up the bean.,0.5338
JSOh_pKFq84,JSOh_pKFq84,2,"The woman is using a small, pointed tool, likely a needle or a pick, to carefully lift the bean from the ground.",0.5338
JSOh_pKFq84,JSOh_pKFq84,3,The woman is using a pair of tweezers to pick up the bean.,0.5338
JSOh_pKFq84,JSOh_pKFq84,4,The woman is using a small scoop to pick up the bean.,0.5338
JSOh_pKFq84,JSOh_pKFq84,5,The woman is using a pair of tongs to pick up the bean.,0.5338
JSOh_pKFq84,JSOh_pKFq84,6,The woman is using a pair of tweezers to pick up the bean.,0.5338
JSOh_pKFq84,JSOh_pKFq84,7,The woman is using a spoon to pick up the bean.,0.5338
JSOh_pKFq84,JSOh_pKFq84,8,The woman is using a pair of tweezers to pick up the bean.,0.5338
JSOh_pKFq84,JSOh_pKFq84,9,"The woman is using a small, pointed tool, likely a probe or a pick, to pick up the bean.",0.5338
JSOh_pKFq84,JSOh_pKFq84,10,The woman is using a spoon to pick up the bean.,0.5338
JTolYjiErBw,JTolYjiErBw,1,"The boy is picking the mushrooms likely to collect them for personal enjoyment, to share with others, or to use them in cooking or crafting.",0.619
JTolYjiErBw,JTolYjiErBw,2,"The boy is picking the mushrooms to enjoy the fresh, wild flavors of the forest.",0.619
JTolYjiErBw,JTolYjiErBw,3,"The boy is picking mushrooms likely because he is interested in foraging for wild edible mushrooms, which can be a fun and rewarding activity for those who enjoy exploring nature and discovering new foods.",0.619
JTolYjiErBw,JTolYjiErBw,4,The boy is likely picking mushrooms to collect them for a meal or for a hobby.,0.619
JTolYjiErBw,JTolYjiErBw,5,"The boy is likely picking the mushrooms for fun, to learn about nature, or to collect them for cooking or preserving.",0.619
JTolYjiErBw,JTolYjiErBw,6,"The boy is picking mushrooms likely because he is interested in foraging for food, enjoying the outdoor activity, or possibly selling them.",0.619
JTolYjiErBw,JTolYjiErBw,7,"The boy is picking mushrooms likely because he is interested in foraging for wild food, enjoying the outdoors, or perhaps he has been taught by someone who knows how to identify and safely collect edible mushrooms.",0.619
JTolYjiErBw,JTolYjiErBw,8,"The boy is picking mushrooms likely to collect them for personal use, such as cooking or preserving, as mushrooms can be a valuable and nutritious food source.",0.619
JTolYjiErBw,JTolYjiErBw,9,The boy is picking the mushrooms to collect them for food or as a hobby.,0.619
JTolYjiErBw,JTolYjiErBw,10,"The boy is picking mushrooms likely because he is interested in foraging, enjoys the challenge of identifying and collecting them, or might be gathering them for consumption or crafting.",0.619
JTVmofbUKz8,JTVmofbUKz8,1,"The girl is singing ""Happy Birthday"" to someone whose name is not specified in the image.",0.4385
JTVmofbUKz8,JTVmofbUKz8,2,"The girl is singing ""Happy Birthday"" to her friend, who is celebrating a birthday.",0.4385
JTVmofbUKz8,JTVmofbUKz8,3,"The girl is singing ""Happy Birthday"" to someone named ""Dad"" as indicated by the text on the screen.",0.4385
JTVmofbUKz8,JTVmofbUKz8,4,"The girl is singing ""Happy Birthday"" to someone special, but the image does not provide the name.",0.4385
JTVmofbUKz8,JTVmofbUKz8,5,"The girl is singing ""Happy Birthday"" to someone specific, but the identity of that person is not provided in the image.",0.4385
JTVmofbUKz8,JTVmofbUKz8,6,"The girl is singing ""Happy Birthday"" to a friend or family member who is celebrating a birthday.",0.4385
JTVmofbUKz8,JTVmofbUKz8,7,"The girl is singing ""Happy Birthday"" to her friend.",0.4385
JTVmofbUKz8,JTVmofbUKz8,8,"The girl is singing ""Happy Birthday"" to someone named Tom.",0.4385
JTVmofbUKz8,JTVmofbUKz8,9,"The girl is singing ""Happy Birthday"" to someone specific, but the image does not provide the name or identity of the person.",0.4385
JTVmofbUKz8,JTVmofbUKz8,10,"The girl is singing ""Happy Birthday"" to someone, but the specific individual is not mentioned in the image.",0.4385
JTXpUxVg144,JTXpUxVg144,1,"The girl may face a consequence for chewing on the string of her hoodie, which could include being told to stop by an adult or potentially losing the hoodie due to the damage.",0.9845
JTXpUxVg144,JTXpUxVg144,2,"The girl might have a difficult time breathing if she continues to chew on the string of her hoodie, which could be a choking hazard.",0.9845
JTXpUxVg144,JTXpUxVg144,3,The girl may experience discomfort or potential injury to her teeth or gums from chewing on the string of her hoodie.,0.9845
JTXpUxVg144,JTXpUxVg144,4,The girl is at risk of choking on the string of her hoodie.,0.9845
JTXpUxVg144,JTXpUxVg144,5,The girl may face the consequence of losing her hoodie if she continues to chew on the string.,0.9845
JTXpUxVg144,JTXpUxVg144,6,"The girl could potentially swallow the string, which could be harmful if it becomes a choking hazard or if it gets stuck in her throat.",0.9845
JTXpUxVg144,JTXpUxVg144,7,"The girl may face a consequence for chewing on the string of her hoodie, which could include being told to stop by an adult or having the string removed to prevent choking.",0.9845
JTXpUxVg144,JTXpUxVg144,8,The girl might suffer from potential choking or injury if the string becomes entangled around her neck or if she chews on it for an extended period.,0.9845
JTXpUxVg144,JTXpUxVg144,9,The girl may face a consequence such as being reprimanded or the hoodie may become damaged.,0.9845
JTXpUxVg144,JTXpUxVg144,10,The girl is at risk of choking if she continues to chew on the string of her hoodie.,0.9845
JUH1x0s8tyA,JUH1x0s8tyA,1,The video features a banana.,0.7241
JUH1x0s8tyA,JUH1x0s8tyA,2,The video does not show any fruit.,0.7241
JUH1x0s8tyA,JUH1x0s8tyA,3,The video features a banana.,0.7241
JUH1x0s8tyA,JUH1x0s8tyA,4,The video shows a banana.,0.7241
JUH1x0s8tyA,JUH1x0s8tyA,5,The video shows a banana.,0.7241
JUH1x0s8tyA,JUH1x0s8tyA,6,The video shows a banana.,0.7241
JUH1x0s8tyA,JUH1x0s8tyA,7,The video shows a banana.,0.7241
JUH1x0s8tyA,JUH1x0s8tyA,8,The video shows a banana.,0.7241
JUH1x0s8tyA,JUH1x0s8tyA,9,The video shows a banana.,0.7241
JUH1x0s8tyA,JUH1x0s8tyA,10,The video features a banana.,0.7241
JuNLqy1m-_Q,JuNLqy1m-_Q,1,"The guy in the plaid shirt appears to be reaching out, possibly to help or assist someone, although the context is not clear from the image alone.",0.5763
JuNLqy1m-_Q,JuNLqy1m-_Q,2,"The guy in the plaid shirt appears to be reaching up, possibly to grab something or adjust his position.",0.5763
JuNLqy1m-_Q,JuNLqy1m-_Q,3,The guy in the plaid shirt appears to be making a peace sign with his hand.,0.5763
JuNLqy1m-_Q,JuNLqy1m-_Q,4,The guy in the plaid shirt appears to be walking or moving forward.,0.5763
JuNLqy1m-_Q,JuNLqy1m-_Q,5,"The guy in the plaid shirt appears to be reaching out or adjusting something, possibly a camera or a piece of equipment.",0.5763
JuNLqy1m-_Q,JuNLqy1m-_Q,6,The guy in the plaid shirt appears to be standing and possibly reaching for something or adjusting his shirt.,0.5763
JuNLqy1m-_Q,JuNLqy1m-_Q,7,The guy in the plaid shirt appears to be walking or moving forward.,0.5763
JuNLqy1m-_Q,JuNLqy1m-_Q,8,"The guy in the plaid shirt appears to be in a relaxed or casual pose, possibly sitting or leaning, and might be enjoying a moment of rest or contemplation.",0.5763
JuNLqy1m-_Q,JuNLqy1m-_Q,9,"The guy in the plaid shirt appears to be gesturing with his hand, possibly explaining something or making a point.",0.5763
JuNLqy1m-_Q,JuNLqy1m-_Q,10,The guy in the plaid shirt appears to be dancing or moving energetically.,0.5763
Jw7-D4hpJb4,Jw7-D4hpJb4,1,"The green sauce in the Pani Puri is a mix of tamarind water, salt, chili powder, and other spices, often called ""Pani.""",0.5969
Jw7-D4hpJb4,Jw7-D4hpJb4,2,"The green sauce is a popular condiment in Indian cuisine, often called ""chutney,"" which is typically made from a variety of ingredients such as tomatoes, onions, cilantro, and spices.",0.5969
Jw7-D4hpJb4,Jw7-D4hpJb4,3,The green sauce she puts into the Pani Puri is called Mint Chutney.,0.5969
Jw7-D4hpJb4,Jw7-D4hpJb4,4,"The green sauce is likely Aam Panna, a traditional Indian condiment made from tamarind, green chilies, and spices, often served with Pani Puri.",0.5969
Jw7-D4hpJb4,Jw7-D4hpJb4,5,"The green sauce is likely mint chutney, which is commonly used in Pani Puri.",0.5969
Jw7-D4hpJb4,Jw7-D4hpJb4,6,"The green sauce she puts into the Pani Puri is called ""chutney.""",0.5969
Jw7-D4hpJb4,Jw7-D4hpJb4,7,The green sauce she puts into the Pani Puri is called Mint Chutney.,0.5969
Jw7-D4hpJb4,Jw7-D4hpJb4,8,"The green sauce in Pani Puri is typically made from a mixture of green chilies, tamarind juice, and spices.",0.5969
Jw7-D4hpJb4,Jw7-D4hpJb4,9,The green sauce she puts into the Pani Puri is called Chutney.,0.5969
Jw7-D4hpJb4,Jw7-D4hpJb4,10,"The green sauce is a mixture of coriander, mint, and other herbs, typically known as ""chutney,"" which is a common ingredient in Pani Puri.",0.5969
JWdIB4tUG_A,JWdIB4tUG_A,1,The man sits down to reflect on the argument and the mess he created.,0.5332
JWdIB4tUG_A,JWdIB4tUG_A,2,The man picks up the cups and cleans up the mess caused by the argument with his wife.,0.5332
JWdIB4tUG_A,JWdIB4tUG_A,3,"The man likely regrets his actions and feels remorse, potentially leading to a conversation about their relationship and the impact of his behavior.",0.5332
JWdIB4tUG_A,JWdIB4tUG_A,4,"The man likely feels remorseful and reflects on the consequences of his actions, possibly seeking to reconcile with his wife.",0.5332
JWdIB4tUG_A,JWdIB4tUG_A,5,"The man walks away from the argument, leaving the scattered cups behind.",0.5332
JWdIB4tUG_A,JWdIB4tUG_A,6,"The man, after a heated argument with his wife, throws the cups on the ground, indicating a moment of frustration or anger.",0.5332
JWdIB4tUG_A,JWdIB4tUG_A,7,"After arguing with his wife and throwing the cups on the ground, the man is seen picking them up.",0.5332
JWdIB4tUG_A,JWdIB4tUG_A,8,"The man's actions after arguing with his wife and throwing the cups on the ground are not depicted in the image, as it only shows the aftermath with the cups on the ground.",0.5332
JWdIB4tUG_A,JWdIB4tUG_A,9,"The man, after arguing with his wife and throwing the cups on the ground, is shown in a state of confusion or realization, possibly contemplating the aftermath of his actions.",0.5332
JWdIB4tUG_A,JWdIB4tUG_A,10,"The man picks up the cups and puts them away, possibly to avoid further conflict or to calm down.",0.5332
JxUXcjhjzYU,JxUXcjhjzYU,1,The bat flies 15 meters after being let go.,0.6398
JxUXcjhjzYU,JxUXcjhjzYU,2,"The bat's flight distance depends on its initial velocity and the angle at which it is released, but without specific values, it's impossible to determine the exact distance.",0.6398
JxUXcjhjzYU,JxUXcjhjzYU,3,The bat flies approximately 100 feet after being released.,0.6398
JxUXcjhjzYU,JxUXcjhjzYU,4,The bat flies approximately 15 feet before it falls back to the ground.,0.6398
JxUXcjhjzYU,JxUXcjhjzYU,5,"The bat flies approximately 100 feet after it is released, based on typical flight patterns of bats.",0.6398
JxUXcjhjzYU,JxUXcjhjzYU,6,The bat flies approximately 3 feet after it is released.,0.6398
JxUXcjhjzYU,JxUXcjhjzYU,7,The bat flies 5 feet after it is let go.,0.6398
JxUXcjhjzYU,JxUXcjhjzYU,8,The bat flies approximately 100 feet after it is released.,0.6398
JxUXcjhjzYU,JxUXcjhjzYU,9,The bat flies 20 meters after being released.,0.6398
JxUXcjhjzYU,JxUXcjhjzYU,10,The bat flies a distance of 20 meters after it is released.,0.6398
JYgbRMKoZwU,JYgbRMKoZwU,1,The piano player is touching the microphone once.,0.3818
JYgbRMKoZwU,JYgbRMKoZwU,2,The piano player is touching the microphone once in the picture.,0.3818
JYgbRMKoZwU,JYgbRMKoZwU,3,The piano player is touching the microphone once in the image.,0.3818
JYgbRMKoZwU,JYgbRMKoZwU,4,The piano player is touching the microphone once in the picture.,0.3818
JYgbRMKoZwU,JYgbRMKoZwU,5,The piano player is not touching the microphone in the image.,0.3818
JYgbRMKoZwU,JYgbRMKoZwU,6,The piano player is not touching the microphone in the image provided.,0.3818
JYgbRMKoZwU,JYgbRMKoZwU,7,The piano player is touching the microphone once.,0.3818
JYgbRMKoZwU,JYgbRMKoZwU,8,The piano player is not touching the microphone in the image.,0.3818
JYgbRMKoZwU,JYgbRMKoZwU,9,The piano player is touching the microphone once in the image.,0.3818
JYgbRMKoZwU,JYgbRMKoZwU,10,The piano player is not touching the microphone in the image.,0.3818
JyZx66jT2z0,JyZx66jT2z0,1,"The boys continue their journey, possibly heading towards a destination or exploring the environment around them.",0.4726
JyZx66jT2z0,JyZx66jT2z0,2,"After the boys walk away, the scene returns to a quiet, empty space with no other characters present.",0.4726
JyZx66jT2z0,JyZx66jT2z0,3,"The boys walk away, leaving behind a moment of anticipation and curiosity.",0.4726
JyZx66jT2z0,JyZx66jT2z0,4,"After the boys walk away, the scene shifts to a close-up of a person's hand holding a red flower, symbolizing a moment of connection or remembrance.",0.4726
JyZx66jT2z0,JyZx66jT2z0,5,"After the boys walk away, the scene fades to black, leaving the viewer with a sense of finality and conclusion.",0.4726
JyZx66jT2z0,JyZx66jT2z0,6,The scene fades to black as the boys walk away.,0.4726
JyZx66jT2z0,JyZx66jT2z0,7,"The boys walk away, leaving the scene behind them.",0.4726
JyZx66jT2z0,JyZx66jT2z0,8,"After the boys walk away, the scene suggests a moment of stillness, possibly indicating a pause or a change in the narrative.",0.4726
JyZx66jT2z0,JyZx66jT2z0,9,The image does not provide information about what happens after the boys walk away.,0.4726
JyZx66jT2z0,JyZx66jT2z0,10,"After the boys walk away, the scene transitions to a peaceful night sky with stars twinkling.",0.4726
JZ6D2F4EMvM,JZ6D2F4EMvM,1,"When a green mask is removed from a person's face, it typically reveals the person's face underneath, and the person's skin tone and facial features become visible.",0.7077
JZ6D2F4EMvM,JZ6D2F4EMvM,2,"When a green mask is removed from a person's face, the person's skin and facial features are revealed, and they may breathe more freely.",0.7077
JZ6D2F4EMvM,JZ6D2F4EMvM,3,"When a green mask is removed from a person's face, the person's original facial features and skin color are revealed again.",0.7077
JZ6D2F4EMvM,JZ6D2F4EMvM,4,"When a green mask is removed from a person's face, the person's facial features and skin are revealed.",0.7077
JZ6D2F4EMvM,JZ6D2F4EMvM,5,"When a green mask is removed from a person's face, the person's face is exposed to the environment, and the mask is no longer covering their mouth and nose.",0.7077
JZ6D2F4EMvM,JZ6D2F4EMvM,6,"When a green mask is removed from a person's face, the person's original facial features and skin are revealed.",0.7077
JZ6D2F4EMvM,JZ6D2F4EMvM,7,"When a green mask is removed from a person's face, the person's face becomes visible, and their facial features are no longer obscured by the mask.",0.7077
JZ6D2F4EMvM,JZ6D2F4EMvM,8,"When a green mask is removed from a person's face, the person can breathe freely again.",0.7077
JZ6D2F4EMvM,JZ6D2F4EMvM,9,"When a green mask is removed from a person's face, the person's face becomes visible, and the color of their skin and features is revealed.",0.7077
JZ6D2F4EMvM,JZ6D2F4EMvM,10,"When a green mask is removed from a person's face, the person's natural skin color is revealed.",0.7077
JZzkwsnRHio,JZzkwsnRHio,1,There are two glasses of water visible in the image.,0.4935
JZzkwsnRHio,JZzkwsnRHio,2,There is one glass of water visible in the image.,0.4935
JZzkwsnRHio,JZzkwsnRHio,3,There are two glasses of water visible in the image.,0.4935
JZzkwsnRHio,JZzkwsnRHio,4,There is one glass of water in the image.,0.4935
JZzkwsnRHio,JZzkwsnRHio,5,There are two glasses of water visible in the image.,0.4935
JZzkwsnRHio,JZzkwsnRHio,6,We see two glasses of water in the image.,0.4935
JZzkwsnRHio,JZzkwsnRHio,7,We see one glass of water in the image.,0.4935
JZzkwsnRHio,JZzkwsnRHio,8,"In the image, there are two glasses of water.",0.4935
JZzkwsnRHio,JZzkwsnRHio,9,There are no glasses of water in the image.,0.4935
JZzkwsnRHio,JZzkwsnRHio,10,We see one glass of water in the image.,0.4935
J_pTNqI86qE,J_pTNqI86qE,1,"The video shows a close-up of a small, dark object that appears to be a bird or insect moving across the screen.",1.0341
J_pTNqI86qE,J_pTNqI86qE,2,The video shows a person walking through a snowy landscape.,1.0341
J_pTNqI86qE,J_pTNqI86qE,3,The video shows a single static frame with a blank white background.,1.0341
J_pTNqI86qE,J_pTNqI86qE,4,"The video shows a person's hand holding a piece of fruit, possibly a strawberry, with water droplets on it, suggesting it might have just been washed or is about to be used in a recipe.",1.0341
J_pTNqI86qE,J_pTNqI86qE,5,"The video shows a single, static frame with no discernible action or movement, indicating either a paused moment or an absence of content.",1.0341
J_pTNqI86qE,J_pTNqI86qE,6,"The video shows a simple sequence of frames with no apparent action or event taking place, suggesting it might be a placeholder or a static image rather than a dynamic scene.",1.0341
J_pTNqI86qE,J_pTNqI86qE,7,The video shows a close-up of a person's hand holding a red apple with a bite taken out of it.,1.0341
J_pTNqI86qE,J_pTNqI86qE,8,"The video shows a simple sequence of frames where a black square appears and disappears, indicating a transition or a blank screen moment.",1.0341
J_pTNqI86qE,J_pTNqI86qE,9,"The video shows a person's hand reaching towards a small object on a surface, but the object is not clearly visible.",1.0341
J_pTNqI86qE,J_pTNqI86qE,10,"The video shows a series of three frames where each frame appears to be identical, suggesting either a static image or a pause in the video content.",1.0341
K2b_CBz27_w,K2b_CBz27_w,1,"This sauce is being made for pasta dishes, likely for a carbonara or similar Italian pasta recipe.",1.0457
K2b_CBz27_w,K2b_CBz27_w,2,"This sauce is being made for a dish that likely involves chicken, as indicated by the ""chicken"" text.",1.0457
K2b_CBz27_w,K2b_CBz27_w,3,"This sauce appears to be a barbecue sauce, given its color and the presence of ingredients commonly used in barbecue sauces such as ketchup, brown sugar, and spices.",1.0457
K2b_CBz27_w,K2b_CBz27_w,4,"This sauce appears to be a red pepper sauce, possibly for a dish like fajitas or a dip.",1.0457
K2b_CBz27_w,K2b_CBz27_w,5,"This sauce is being made for a dish that requires a rich, savory, and slightly sweet flavor profile, such as a barbecue sauce or a sweet and sour dish.",1.0457
K2b_CBz27_w,K2b_CBz27_w,6,"The sauce appears to be a homemade barbecue sauce, likely intended for use on meats such as ribs, chicken, or pork.",1.0457
K2b_CBz27_w,K2b_CBz27_w,7,"This sauce is being made for a dish that likely requires a rich, savory flavor profile, such as a hearty stew, a pasta sauce, or a meat-based dish.",1.0457
K2b_CBz27_w,K2b_CBz27_w,8,"This sauce is being made for a dish that likely requires a flavorful and aromatic base, possibly for a stir-fry, pasta, or as a dipping sauce.",1.0457
K2b_CBz27_w,K2b_CBz27_w,9,"This sauce is being made for a dish that requires a sweet and savory flavor profile, likely a type of Asian cuisine.",1.0457
K2b_CBz27_w,K2b_CBz27_w,10,"This sauce is being made for a dish that requires a savory and slightly sweet flavor profile, likely for a main course or a side dish that complements savory or rich ingredients.",1.0457
K2qG-jQDYLU,K2qG-jQDYLU,1,"The image shows two people, but it's not possible to determine if they are a little sister and a big sister based on the image alone.",0.5844
K2qG-jQDYLU,K2qG-jQDYLU,2,"The image shows a little sister and a big sister, with the big sister seemingly offering support or affection towards the little sister.",0.5844
K2qG-jQDYLU,K2qG-jQDYLU,3,"The image shows two individuals, one smaller and one larger, suggesting a comparison of size, possibly indicating a sibling relationship where one is older and the other younger.",0.5844
K2qG-jQDYLU,K2qG-jQDYLU,4,"The image shows two children, a little sister and a big sister, with the big sister holding the little sister's hand.",0.5844
K2qG-jQDYLU,K2qG-jQDYLU,5,"The little sister is being held and kissed by the big sister, indicating a moment of affection and care.",0.5844
K2qG-jQDYLU,K2qG-jQDYLU,6,The little sister is holding the big sister's hand.,0.5844
K2qG-jQDYLU,K2qG-jQDYLU,7,"The little sister is looking up at the big sister, who appears to be holding something, possibly a toy or an object of interest.",0.5844
K2qG-jQDYLU,K2qG-jQDYLU,8,"The image shows a little sister and a big sister standing together, suggesting a close relationship and a moment of connection between them.",0.5844
K2qG-jQDYLU,K2qG-jQDYLU,9,"The image shows two individuals, one labeled ""little sister"" and the other ""big sister,"" indicating a sibling relationship.",0.5844
K2qG-jQDYLU,K2qG-jQDYLU,10,The little sister is wearing a pink dress and the big sister is wearing a red dress.,0.5844
K6hWwBCEtU0,K6hWwBCEtU0,1,"The video appears to be a tutorial or demonstration, possibly related to a software or application, as it shows a hand interacting with a screen displaying a keyboard layout.",0.6158
K6hWwBCEtU0,K6hWwBCEtU0,2,"The video appears to be about a person giving a presentation or a speech, as indicated by the presence of a microphone and the formal attire of the individual.",0.6158
K6hWwBCEtU0,K6hWwBCEtU0,3,"The video appears to be about a person or a character standing in front of a white background, possibly in a studio setting, but the content is not clear due to the lack of additional context or visual elements.",0.6158
K6hWwBCEtU0,K6hWwBCEtU0,4,"The video appears to be about a person interacting with a device, possibly a drone, as indicated by the visible propeller and the context of the scene.",0.6158
K6hWwBCEtU0,K6hWwBCEtU0,5,"The video appears to be about a close-up of a person's face, possibly during a conversation or an interaction, though the details are not clear.",0.6158
K6hWwBCEtU0,K6hWwBCEtU0,6,"The video appears to be an introduction to a discussion on the importance of diversity and inclusion in society, as suggested by the title and the speaker's attire.",0.6158
K6hWwBCEtU0,K6hWwBCEtU0,7,"The video appears to be about a person or object moving or being manipulated, possibly in a scientific or experimental context, as indicated by the presence of what looks like a microscope slide and a pipette.",0.6158
K6hWwBCEtU0,K6hWwBCEtU0,8,"The video appears to be a brief visual with no discernible content or context provided, making it impossible to determine its main topic or purpose.",0.6158
K6hWwBCEtU0,K6hWwBCEtU0,9,"The video appears to be a placeholder or an error, as it shows a blank screen with no discernible content or context provided.",0.6158
K6hWwBCEtU0,K6hWwBCEtU0,10,The video is about a person using a vacuum cleaner to clean a surface.,0.6158
K6Ut3nMQPAA,K6Ut3nMQPAA,1,"In a game, the team with the white ball kicks first.",0.3856
K6Ut3nMQPAA,K6Ut3nMQPAA,2,"The question appears to be incomplete, but typically in a soccer match, the team in possession of the ball kicks first.",0.3856
K6Ut3nMQPAA,K6Ut3nMQPAA,3,"In a game of soccer, the team that kicks off first is determined by a coin toss or a penalty kick.",0.3856
K6Ut3nMQPAA,K6Ut3nMQPAA,4,The person on the left kicks first.,0.3856
K6Ut3nMQPAA,K6Ut3nMQPAA,5,The player with the ball kicks first.,0.3856
K6Ut3nMQPAA,K6Ut3nMQPAA,6,"The image is too small to determine who kicks first, but in a typical soccer match, the team in white usually kicks off first.",0.3856
K6Ut3nMQPAA,K6Ut3nMQPAA,7,The player on the left kicks first.,0.3856
K6Ut3nMQPAA,K6Ut3nMQPAA,8,The player wearing the white uniform kicks first.,0.3856
K6Ut3nMQPAA,K6Ut3nMQPAA,9,"In a soccer match, the team with the darker uniform typically kicks off first.",0.3856
K6Ut3nMQPAA,K6Ut3nMQPAA,10,The person on the left kicks first.,0.3856
KanVJWDHduE,KanVJWDHduE,1,There is one fish in the video.,0.55
KanVJWDHduE,KanVJWDHduE,2,There are no fish in the video.,0.55
KanVJWDHduE,KanVJWDHduE,3,There are no fish in the video.,0.55
KanVJWDHduE,KanVJWDHduE,4,There are no fish in the video.,0.55
KanVJWDHduE,KanVJWDHduE,5,There are no fish in the video.,0.55
KanVJWDHduE,KanVJWDHduE,6,There are no fish in the video.,0.55
KanVJWDHduE,KanVJWDHduE,7,There are no fish in the video.,0.55
KanVJWDHduE,KanVJWDHduE,8,There are no fish in the video.,0.55
KanVJWDHduE,KanVJWDHduE,9,There are two fish in the video.,0.55
KanVJWDHduE,KanVJWDHduE,10,There are no fish in the video.,0.55
KBb0DfsH0eg,KBb0DfsH0eg,1,"The tall woman is promptly cut short by a shorter woman who cleverly retorts, ""Don't you have anything better to do?""",0.5374
KBb0DfsH0eg,KBb0DfsH0eg,2,"The tall woman continues to share her experiences and anecdotes, emphasizing her height and its impact on her life.",0.5374
KBb0DfsH0eg,KBb0DfsH0eg,3,"The image shows a tall woman smiling and pointing upwards, indicating her pride in her height, but the question asks about what happens after this, which is not depicted in the image.",0.5374
KBb0DfsH0eg,KBb0DfsH0eg,4,"The tall woman's bragging about her height leads to a humorous or awkward situation, often involving another person who is shorter and feels compelled to comment on her size.",0.5374
KBb0DfsH0eg,KBb0DfsH0eg,5,"The short woman playfully points out the irony, leading to a light-hearted interaction.",0.5374
KBb0DfsH0eg,KBb0DfsH0eg,6,The shorter woman responds by mentioning that she is even taller.,0.5374
KBb0DfsH0eg,KBb0DfsH0eg,7,"After the tall woman brags about being tall, the shorter woman feels insecure and notices her own shortness.",0.5374
KBb0DfsH0eg,KBb0DfsH0eg,8,"The tall woman then boasts about her height, drawing attention to her stature.",0.5374
KBb0DfsH0eg,KBb0DfsH0eg,9,The shorter woman's comment suggests she might be jealous or less impressed by the tall woman's height.,0.5374
KBb0DfsH0eg,KBb0DfsH0eg,10,The other women start to joke and tease her about her height.,0.5374
KbBwDYKkByQ,KbBwDYKkByQ,1,"No, the white car does not hit the black car in the image.",0.6647
KbBwDYKkByQ,KbBwDYKkByQ,2,The image does not provide enough information to determine if the white car hits the black car.,0.6647
KbBwDYKkByQ,KbBwDYKkByQ,3,"The image shows a white car and a black car, but it does not depict a collision, so it is not clear if the white car hits the black car.",0.6647
KbBwDYKkByQ,KbBwDYKkByQ,4,"No, the white car does not hit the black car in the image.",0.6647
KbBwDYKkByQ,KbBwDYKkByQ,5,"No, the white car does not hit the black car in the image.",0.6647
KbBwDYKkByQ,KbBwDYKkByQ,6,"No, the white car does not appear to hit the black car in the image.",0.6647
KbBwDYKkByQ,KbBwDYKkByQ,7,"No, the white car does not appear to hit the black car in the image.",0.6647
KbBwDYKkByQ,KbBwDYKkByQ,8,"No, the white car does not appear to hit the black car in the image.",0.6647
KbBwDYKkByQ,KbBwDYKkByQ,9,"No, the white car does not appear to hit the black car in the image.",0.6647
KbBwDYKkByQ,KbBwDYKkByQ,10,"No, the white car does not appear to hit the black car in the image.",0.6647
KCHdQyYzLJ4,KCHdQyYzLJ4,1,The founder of North Korea is Kim Il-sung.,0.5024
KCHdQyYzLJ4,KCHdQyYzLJ4,2,The founder of North Korea is Kim Il-sung.,0.5024
KCHdQyYzLJ4,KCHdQyYzLJ4,3,The founder of North Korea is Kim Il-sung.,0.5024
KCHdQyYzLJ4,KCHdQyYzLJ4,4,The founder of North Korea is Kim Il-sung.,0.5024
KCHdQyYzLJ4,KCHdQyYzLJ4,5,The founder of North Korea is Kim Il-sung.,0.5024
KCHdQyYzLJ4,KCHdQyYzLJ4,6,The founder of North Korea is Kim Il-sung.,0.5024
KCHdQyYzLJ4,KCHdQyYzLJ4,7,The founder of North Korea is Kim Il-sung.,0.5024
KCHdQyYzLJ4,KCHdQyYzLJ4,8,The founder of North Korea is Kim Il-sung.,0.5024
KCHdQyYzLJ4,KCHdQyYzLJ4,9,The founder of North Korea is Kim Il-sung.,0.5024
KCHdQyYzLJ4,KCHdQyYzLJ4,10,The founder of North Korea is Kim Il-sung.,0.5024
KD1De91bOyU,KD1De91bOyU,1,"The woman is preparing a meal, likely involving cooking or baking, as suggested by the presence of a pot and a baking tray.",0.4741
KD1De91bOyU,KD1De91bOyU,2,"The woman appears to be preparing food, possibly mixing ingredients in a bowl.",0.4741
KD1De91bOyU,KD1De91bOyU,3,"The woman appears to be preparing a meal, possibly cooking or baking something in the kitchen.",0.4741
KD1De91bOyU,KD1De91bOyU,4,The woman is preparing food in a kitchen.,0.4741
KD1De91bOyU,KD1De91bOyU,5,"The woman is preparing a meal, likely involving the use of a cutting board and other kitchen tools.",0.4741
KD1De91bOyU,KD1De91bOyU,6,The woman appears to be preparing a dish that involves chopping vegetables and possibly marinating or seasoning them.,0.4741
KD1De91bOyU,KD1De91bOyU,7,The woman is preparing a dish that involves chopping vegetables.,0.4741
KD1De91bOyU,KD1De91bOyU,8,"The woman appears to be preparing a meal, possibly involving vegetables and a piece of meat.",0.4741
KD1De91bOyU,KD1De91bOyU,9,"The woman is preparing food, possibly a sandwich or a similar meal.",0.4741
KD1De91bOyU,KD1De91bOyU,10,"The woman is preparing a meal, specifically stirring a pot of food on the stove.",0.4741
Ke6s0tyBQ50,Ke6s0tyBQ50,1,The young woman is adding a lime to the drink she is making with watermelon.,0.8217
Ke6s0tyBQ50,Ke6s0tyBQ50,2,The young woman is adding a slice of lemon to the watermelon drink.,0.8217
Ke6s0tyBQ50,Ke6s0tyBQ50,3,"The young woman is adding a citrus fruit to the watermelon drink, but the specific type of citrus fruit is not visible in the image.",0.8217
Ke6s0tyBQ50,Ke6s0tyBQ50,4,The young woman is likely adding a citrus fruit such as lime or lemon to her watermelon drink.,0.8217
Ke6s0tyBQ50,Ke6s0tyBQ50,5,The young woman is adding lemon to her drink.,0.8217
Ke6s0tyBQ50,Ke6s0tyBQ50,6,The young woman is adding lemon to the drink with watermelon.,0.8217
Ke6s0tyBQ50,Ke6s0tyBQ50,7,The young woman is adding a lime to the drink she is making with watermelon.,0.8217
Ke6s0tyBQ50,Ke6s0tyBQ50,8,The young woman is adding lemon to her drink with watermelon.,0.8217
Ke6s0tyBQ50,Ke6s0tyBQ50,9,"The young woman is adding a citrus fruit, likely lemon or lime, to her watermelon drink.",0.8217
Ke6s0tyBQ50,Ke6s0tyBQ50,10,The young woman is adding lemon to her drink with watermelon.,0.8217
KEH-1ylCUIs,KEH-1ylCUIs,1,The girl starts laughing in the middle of the scene.,0.337
KEH-1ylCUIs,KEH-1ylCUIs,2,The girl starts laughing at the beginning of the video.,0.337
KEH-1ylCUIs,KEH-1ylCUIs,3,The girl starts laughing in the middle of the video.,0.337
KEH-1ylCUIs,KEH-1ylCUIs,4,The girl starts laughing after she hears the joke.,0.337
KEH-1ylCUIs,KEH-1ylCUIs,5,The girl starts laughing when she hears the joke.,0.337
KEH-1ylCUIs,KEH-1ylCUIs,6,The girl starts laughing in the middle of the video.,0.337
KEH-1ylCUIs,KEH-1ylCUIs,7,The girl starts laughing after the boy says something that makes her laugh.,0.337
KEH-1ylCUIs,KEH-1ylCUIs,8,The girl starts laughing when she hears the joke.,0.337
KEH-1ylCUIs,KEH-1ylCUIs,9,The girl starts laughing when the man tells a joke.,0.337
KEH-1ylCUIs,KEH-1ylCUIs,10,The girl starts laughing in the middle of the video.,0.337
KFxgXMTk39g,KFxgXMTk39g,1,The race car stops at the finish line.,0.2637
KFxgXMTk39g,KFxgXMTk39g,2,The race car stops at the finish line.,0.2637
KFxgXMTk39g,KFxgXMTk39g,3,The race car stops at the finish line.,0.2637
KFxgXMTk39g,KFxgXMTk39g,4,The race car stops at the finish line.,0.2637
KFxgXMTk39g,KFxgXMTk39g,5,The race car stops at the finish line.,0.2637
KFxgXMTk39g,KFxgXMTk39g,6,The race car stops at the finish line.,0.2637
KFxgXMTk39g,KFxgXMTk39g,7,The race car stops at the finish line.,0.2637
KFxgXMTk39g,KFxgXMTk39g,8,The race car stops at the finish line.,0.2637
KFxgXMTk39g,KFxgXMTk39g,9,The race car stops at the finish line.,0.2637
KFxgXMTk39g,KFxgXMTk39g,10,The race car stops at the finish line.,0.2637
KGABH4Wryf4,KGABH4Wryf4,1,The image does not provide enough context to determine if the video is demonstrating a well-functioning fingerprint padlock.,0.6305
KGABH4Wryf4,KGABH4Wryf4,2,The image provided does not show a video but rather a single frame of a fingerprint padlock. It is not possible to determine from this static image whether the fingerprint padlock is functioning well.,0.6305
KGABH4Wryf4,KGABH4Wryf4,3,"The image appears to be a placeholder or a generic icon, not a video, so it does not demonstrate a fingerprint padlock or any function.",0.6305
KGABH4Wryf4,KGABH4Wryf4,4,"No, the video does not demonstrate a well-functioning fingerprint padlock; it appears to show a person using a standard padlock.",0.6305
KGABH4Wryf4,KGABH4Wryf4,5,"The image provided does not show a video or a fingerprint padlock; it only displays a single character. Therefore, it cannot be determined if a fingerprint padlock is functioning well based on this image.",0.6305
KGABH4Wryf4,KGABH4Wryf4,6,"No, the image provided does not show a video; it is a static image of a padlock.",0.6305
KGABH4Wryf4,KGABH4Wryf4,7,"The image provided is a static representation and does not depict a video or demonstrate functionality, so it cannot be determined if the fingerprint padlock is well functioning.",0.6305
KGABH4Wryf4,KGABH4Wryf4,8,"No, the image does not depict a video; it is a still image of a single object, which appears to be a padlock, not a fingerprint padlock.",0.6305
KGABH4Wryf4,KGABH4Wryf4,9,"No, the image provided does not depict a video or a fingerprint padlock; it is an isolated image of a fingerprint.",0.6305
KGABH4Wryf4,KGABH4Wryf4,10,"The image provided does not contain a video, so it cannot be determined if a fingerprint padlock is functioning well.",0.6305
KgOvCPOX-Ms,KgOvCPOX-Ms,1,"The two people in the video are not shown to have a specific outcome, as the image provided is a static snapshot and does not depict any movement or progression.",0.6974
KgOvCPOX-Ms,KgOvCPOX-Ms,2,"The two people in the video are seen walking away together, suggesting they are leaving the location they were previously in.",0.6974
KgOvCPOX-Ms,KgOvCPOX-Ms,3,"By the end of the video, the two people are seen laughing together, indicating a positive and friendly interaction.",0.6974
KgOvCPOX-Ms,KgOvCPOX-Ms,4,"By the end of the video, the two people are seen walking away together.",0.6974
KgOvCPOX-Ms,KgOvCPOX-Ms,5,"By the end of the video, the two people are seen embracing and sharing a kiss.",0.6974
KgOvCPOX-Ms,KgOvCPOX-Ms,6,"The two people by the end of the video are shown walking away from the camera, suggesting they are leaving the scene.",0.6974
KgOvCPOX-Ms,KgOvCPOX-Ms,7,The two people in the video are standing together by the end.,0.6974
KgOvCPOX-Ms,KgOvCPOX-Ms,8,"The two people are seen sitting together on a bench, suggesting a moment of connection or conversation.",0.6974
KgOvCPOX-Ms,KgOvCPOX-Ms,9,"The two people are seen walking away together, hand in hand, towards the end of the video.",0.6974
KgOvCPOX-Ms,KgOvCPOX-Ms,10,The two people in the video are no longer present by the end.,0.6974
Kgst-S_razU,Kgst-S_razU,1,"The people are discussing a topic that is not specified in the image, as the image is blank.",0.6408
Kgst-S_razU,Kgst-S_razU,2,"The image provided is a blank slide, so there is no context or visual information to determine what the people might be talking about.",0.6408
Kgst-S_razU,Kgst-S_razU,3,"The image provided does not contain any people or context for a conversation, so it is not possible to determine what they might be discussing.",0.6408
Kgst-S_razU,Kgst-S_razU,4,The people are discussing a plan involving a train and a specific route.,0.6408
Kgst-S_razU,Kgst-S_razU,5,The image does not provide enough context to determine what the people are talking about.,0.6408
Kgst-S_razU,Kgst-S_razU,6,"The people in the image appear to be engaged in a conversation, but the content of their discussion is not specified.",0.6408
Kgst-S_razU,Kgst-S_razU,7,"The image provided is a blank white space, so there is no context or people to determine what they might be talking about.",0.6408
Kgst-S_razU,Kgst-S_razU,8,The people in the image are discussing a topic that is not discernible from the image itself.,0.6408
Kgst-S_razU,Kgst-S_razU,9,"The people in the picture appear to be engaged in a conversation, but the image does not provide enough context to determine the exact topic of their discussion.",0.6408
Kgst-S_razU,Kgst-S_razU,10,"The people in the picture are discussing the weather, as they are looking up at the sky.",0.6408
Kgu0AtfmKX8,Kgu0AtfmKX8,1,There are two women in the video.,0.4063
Kgu0AtfmKX8,Kgu0AtfmKX8,2,There are no women in the video.,0.4063
Kgu0AtfmKX8,Kgu0AtfmKX8,3,There are no women in the video.,0.4063
Kgu0AtfmKX8,Kgu0AtfmKX8,4,There are two women in the video.,0.4063
Kgu0AtfmKX8,Kgu0AtfmKX8,5,There is one woman in the video.,0.4063
Kgu0AtfmKX8,Kgu0AtfmKX8,6,There are no women in the video.,0.4063
Kgu0AtfmKX8,Kgu0AtfmKX8,7,There is one woman in the video.,0.4063
Kgu0AtfmKX8,Kgu0AtfmKX8,8,There are no women in the video.,0.4063
Kgu0AtfmKX8,Kgu0AtfmKX8,9,There are no women in the video.,0.4063
Kgu0AtfmKX8,Kgu0AtfmKX8,10,There are no women in the video.,0.4063
KIlVZciwhlg,KIlVZciwhlg,1,The image appears to be a blank white space with no discernible content or text.,0.6925
KIlVZciwhlg,KIlVZciwhlg,2,"The image appears to be a blank white screen, with no discernible content or context provided.",0.6925
KIlVZciwhlg,KIlVZciwhlg,3,The image appears to be a blank white space with no discernible content or activity.,0.6925
KIlVZciwhlg,KIlVZciwhlg,4,The image appears to be a blank white square with no discernible content or text.,0.6925
KIlVZciwhlg,KIlVZciwhlg,5,"The image appears to be a blank, white square with no discernible content or text.",0.6925
KIlVZciwhlg,KIlVZciwhlg,6,"The image shows a simple, unadorned white background with no discernible content or text to provide context or meaning.",0.6925
KIlVZciwhlg,KIlVZciwhlg,7,"The image appears to be a blank or empty space, possibly indicating a placeholder, a technical issue, or the absence of content.",0.6925
KIlVZciwhlg,KIlVZciwhlg,8,The image appears to be a blank white screen with no discernible content or context provided.,0.6925
KIlVZciwhlg,KIlVZciwhlg,9,The image appears to be a blank white screen with no discernible content or text.,0.6925
KIlVZciwhlg,KIlVZciwhlg,10,The image appears to be a blank white screen with no discernible content or text.,0.6925
Kitzcy6Fp3A,Kitzcy6Fp3A,1,"The man's actions of talking into the camera are captured and displayed in the image, allowing the viewer to hear and understand his message.",0.4881
Kitzcy6Fp3A,Kitzcy6Fp3A,2,"After a man talks into the camera, the video recording captures his speech and the surrounding environment.",0.4881
Kitzcy6Fp3A,Kitzcy6Fp3A,3,"The man's audio is recorded and transmitted, allowing viewers to hear his speech.",0.4881
Kitzcy6Fp3A,Kitzcy6Fp3A,4,"The man's dialogue or message is recorded and can be viewed or shared, depending on the context in which the video was recorded.",0.4881
Kitzcy6Fp3A,Kitzcy6Fp3A,5,"The man's dialogue is captured on video, allowing viewers to hear his message.",0.4881
Kitzcy6Fp3A,Kitzcy6Fp3A,6,"The man's voice is recorded, and the video is played back, allowing others to hear and see what he said.",0.4881
Kitzcy6Fp3A,Kitzcy6Fp3A,7,"After a man talks into the camera, the video recording continues to capture his speech until he finishes or the camera is turned off.",0.4881
Kitzcy6Fp3A,Kitzcy6Fp3A,8,"After a man talks into the camera, the video or audio recording continues, capturing his speech for later review or broadcast.",0.4881
Kitzcy6Fp3A,Kitzcy6Fp3A,9,"After a man talks into the camera, he likely continues to speak, move around, or interact with the environment to convey a message or narrative to the audience.",0.4881
Kitzcy6Fp3A,Kitzcy6Fp3A,10,The man's voice is captured and can be listened to in the video.,0.4881
KkLSq7v8EuE,KkLSq7v8EuE,1,The girl is walking down the street when she notices the attempting thief.,0.6846
KkLSq7v8EuE,KkLSq7v8EuE,2,The girl is walking down the street when she notices someone attempting to steal something.,0.6846
KkLSq7v8EuE,KkLSq7v8EuE,3,The girl is sleeping before she sees the attempting thief.,0.6846
KkLSq7v8EuE,KkLSq7v8EuE,4,"The girl is walking down the street when she notices a shadowy figure moving quickly, which prompts her to stop and investigate further.",0.6846
KkLSq7v8EuE,KkLSq7v8EuE,5,The girl is walking down the street when she spots the attempting thief.,0.6846
KkLSq7v8EuE,KkLSq7v8EuE,6,The girl is walking down the street when she sees the attempting thief.,0.6846
KkLSq7v8EuE,KkLSq7v8EuE,7,The girl is walking through the hallway before she spots the attempting thief.,0.6846
KkLSq7v8EuE,KkLSq7v8EuE,8,The girl is walking through the park before she encounters the attempting thief.,0.6846
KkLSq7v8EuE,KkLSq7v8EuE,9,The girl is walking through the park when she notices a man trying to steal something.,0.6846
KkLSq7v8EuE,KkLSq7v8EuE,10,The girl is running down the street before she sees the attempting thief.,0.6846
Km0d_A-o1x4,Km0d_A-o1x4,1,"The little girl, feeling upset and overwhelmed by the adults' argument, retreats to her bedroom to play with her toys as a way to cope with her emotions.",0.8401
Km0d_A-o1x4,Km0d_A-o1x4,2,"The little girl is likely to feel upset and confused by the adults' argument, which may have been upsetting for her, and she might engage in imaginative play to cope with her emotions, as seen in her actions with her toys.",0.8401
Km0d_A-o1x4,Km0d_A-o1x4,3,"The little girl becomes distracted by her toys and stops crying, focusing on playing with her toy animals instead of the argument happening outside her room.",0.8401
Km0d_A-o1x4,Km0d_A-o1x4,4,"The little girl's actions of playing with her toys might serve as a distraction from the adults' argument, temporarily calming her down and providing her with a sense of comfort and control in her own environment.",0.8401
Km0d_A-o1x4,Km0d_A-o1x4,5,"The little girl, feeling upset and distressed by the argument, finds comfort in her toys and engages in imaginative play, temporarily escaping the tension of the situation.",0.8401
Km0d_A-o1x4,Km0d_A-o1x4,6,"The little girl, feeling upset and overwhelmed, retreats to her room to comfort herself by playing with her toys, which she uses as a distraction from the ongoing conflict outside.",0.8401
Km0d_A-o1x4,Km0d_A-o1x4,7,"The little girl, feeling upset and wanting to escape the conflict, finds comfort in her toys, playing with them as a way to process her emotions and temporarily forget about the adults' argument.",0.8401
Km0d_A-o1x4,Km0d_A-o1x4,8,"The little girl, feeling upset and overwhelmed by the argument, uses her toys as a way to express her own frustration and sadness, creating a symbolic display of her emotions.",0.8401
Km0d_A-o1x4,Km0d_A-o1x4,9,"The little girl's imagination takes over as she continues to play, creating a world where her toys are the ones in control, possibly as a way to escape the reality of the adults' argument.",0.8401
Km0d_A-o1x4,Km0d_A-o1x4,10,"The little girl's imaginative play becomes a way for her to cope with the conflict she witnessed, using her toys as a means of expressing her feelings and seeking solace.",0.8401
KmXaY8-ZyIA,KmXaY8-ZyIA,1,This video teaches the importance of recycling and sustainable practices for environmental conservation.,0.8574
KmXaY8-ZyIA,KmXaY8-ZyIA,2,This video teaches the basics of Python programming.,0.8574
KmXaY8-ZyIA,KmXaY8-ZyIA,3,This video teaches the importance of teamwork and problem-solving in achieving a common goal.,0.8574
KmXaY8-ZyIA,KmXaY8-ZyIA,4,This video teaches about the importance of mindfulness and the benefits of practicing meditation for mental health and well-being.,0.8574
KmXaY8-ZyIA,KmXaY8-ZyIA,5,This video teaches the basics of cooking a simple dish.,0.8574
KmXaY8-ZyIA,KmXaY8-ZyIA,6,"This video teaches the basics of a programming language, focusing on syntax and fundamental concepts.",0.8574
KmXaY8-ZyIA,KmXaY8-ZyIA,7,The video teaches the viewer how to perform a specific task or concept.,0.8574
KmXaY8-ZyIA,KmXaY8-ZyIA,8,This video teaches about the principles of sustainable agriculture.,0.8574
KmXaY8-ZyIA,KmXaY8-ZyIA,9,The video teaches the basics of a simple machine and how it can be used to multiply force.,0.8574
KmXaY8-ZyIA,KmXaY8-ZyIA,10,This video teaches the basics of how to draw a simple sun using basic shapes and lines.,0.8574
KoQD9x6VrSk,KoQD9x6VrSk,1,The second man flexes his muscles twice in the picture.,0.6588
KoQD9x6VrSk,KoQD9x6VrSk,2,The second man flexes his muscles twice in the image.,0.6588
KoQD9x6VrSk,KoQD9x6VrSk,3,The second man flexes his muscles three times in the image.,0.6588
KoQD9x6VrSk,KoQD9x6VrSk,4,The second man flexes his muscles three times in the image.,0.6588
KoQD9x6VrSk,KoQD9x6VrSk,5,The second man flexes his muscles twice in the picture.,0.6588
KoQD9x6VrSk,KoQD9x6VrSk,6,The second man flexes his muscles three times in the picture.,0.6588
KoQD9x6VrSk,KoQD9x6VrSk,7,The second man flexes his muscles three times in the picture.,0.6588
KoQD9x6VrSk,KoQD9x6VrSk,8,The second man flexes his muscles once in the picture.,0.6588
KoQD9x6VrSk,KoQD9x6VrSk,9,The second man flexes his muscles three times in the picture.,0.6588
KoQD9x6VrSk,KoQD9x6VrSk,10,The second man flexes his muscles once in the image.,0.6588
KP9pXg3tBDo,KP9pXg3tBDo,1,The white dog in the kennel lies down after dancing on two legs.,0.5795
KP9pXg3tBDo,KP9pXg3tBDo,2,"After dancing on two legs, the white dog in the kennel rests and watches the scene around it.",0.5795
KP9pXg3tBDo,KP9pXg3tBDo,3,The white dog in the kennel continues to dance on two legs.,0.5795
KP9pXg3tBDo,KP9pXg3tBDo,4,"After dancing on two legs, the white dog in the kennel sits down.",0.5795
KP9pXg3tBDo,KP9pXg3tBDo,5,The white dog sits down in the kennel after dancing on two legs.,0.5795
KP9pXg3tBDo,KP9pXg3tBDo,6,The white dog stands in the kennel after dancing on two legs.,0.5795
KP9pXg3tBDo,KP9pXg3tBDo,7,"The white dog in the kennel continues to dance on two legs, showcasing its playful and energetic nature.",0.5795
KP9pXg3tBDo,KP9pXg3tBDo,8,"After dancing on two legs, the white dog in the kennel appears to be resting or possibly falling asleep.",0.5795
KP9pXg3tBDo,KP9pXg3tBDo,9,"After dancing on two legs, the white dog in the kennel lies down.",0.5795
KP9pXg3tBDo,KP9pXg3tBDo,10,"After dancing on two legs, the white dog in the kennel appears to be sitting or resting, possibly taking a moment to catch its breath or simply relaxing.",0.5795
KTvyUThiwpU,KTvyUThiwpU,1,The final step in the repair is to reinflate the tire to the recommended pressure.,0.4237
KTvyUThiwpU,KTvyUThiwpU,2,The final step in the repair is to reinflate the tire to the recommended pressure.,0.4237
KTvyUThiwpU,KTvyUThiwpU,3,The final step in the repair is to inflate the tire to the recommended pressure.,0.4237
KTvyUThiwpU,KTvyUThiwpU,4,The final step in the repair is to inflate the tire to the recommended pressure.,0.4237
KTvyUThiwpU,KTvyUThiwpU,5,The final step in the repair is to inflate the tire to the recommended pressure.,0.4237
KTvyUThiwpU,KTvyUThiwpU,6,The final step in the repair is to inflate the tire to the recommended pressure.,0.4237
KTvyUThiwpU,KTvyUThiwpU,7,The final step in the repair would be to inflate the tire to the recommended pressure.,0.4237
KTvyUThiwpU,KTvyUThiwpU,8,The final step in the repair is to reinflate the tire.,0.4237
KTvyUThiwpU,KTvyUThiwpU,9,The final step in the repair is to inflate the tire to the recommended pressure.,0.4237
KTvyUThiwpU,KTvyUThiwpU,10,The final step in the repair is to inflate the tire to the recommended pressure.,0.4237
Kv46hRuvi40,Kv46hRuvi40,1,"The person making the call is trying to communicate with someone, possibly to discuss or solve a problem.",0.579
Kv46hRuvi40,Kv46hRuvi40,2,The person making the call appears to be trying to navigate through a menu or options to find a specific feature or setting.,0.579
Kv46hRuvi40,Kv46hRuvi40,3,The person making the call appears to be trying to coordinate a meeting or event.,0.579
Kv46hRuvi40,Kv46hRuvi40,4,The person making the call is trying to schedule a meeting.,0.579
Kv46hRuvi40,Kv46hRuvi40,5,The person making the call is trying to establish a connection with someone to communicate.,0.579
Kv46hRuvi40,Kv46hRuvi40,6,"The person making the call appears to be attempting to communicate with someone, possibly to ask a question or make a request, but the context is unclear without more information.",0.579
Kv46hRuvi40,Kv46hRuvi40,7,"The person making the call appears to be trying to communicate with someone, possibly to discuss or solve a problem or to ask for help.",0.579
Kv46hRuvi40,Kv46hRuvi40,8,"The person making the call is trying to communicate or negotiate something, as indicated by the phrase ""Let's talk"" in the text.",0.579
Kv46hRuvi40,Kv46hRuvi40,9,"The person making the call appears to be trying to communicate or express a need for something, possibly related to an item or situation.",0.579
Kv46hRuvi40,Kv46hRuvi40,10,The person making the call is trying to schedule a meeting or appointment.,0.579
KV5nvA79vVA,KV5nvA79vVA,1,There are three hats in the video.,0.2544
KV5nvA79vVA,KV5nvA79vVA,2,There are no hats visible in the video.,0.2544
KV5nvA79vVA,KV5nvA79vVA,3,There are no hats visible in the video.,0.2544
KV5nvA79vVA,KV5nvA79vVA,4,There are no hats in the video.,0.2544
KV5nvA79vVA,KV5nvA79vVA,5,There is one hat visible in the video.,0.2544
KV5nvA79vVA,KV5nvA79vVA,6,There is one hat in the video.,0.2544
KV5nvA79vVA,KV5nvA79vVA,7,There are no hats visible in the video.,0.2544
KV5nvA79vVA,KV5nvA79vVA,8,There are two hats in the video.,0.2544
KV5nvA79vVA,KV5nvA79vVA,9,There are no hats visible in the video.,0.2544
KV5nvA79vVA,KV5nvA79vVA,10,There are two hats in the video.,0.2544
KvhbZ7U_9Zw,KvhbZ7U_9Zw,1,"After someone says ""it's my birthday,"" it is customary to wish them a happy birthday and to share a celebratory moment or gift.",0.8252
KvhbZ7U_9Zw,KvhbZ7U_9Zw,2,"After someone says ""It's my birthday,"" it is customary to wish the person a happy birthday, offer gifts, and sometimes have a celebration with cake and candles.",0.8252
KvhbZ7U_9Zw,KvhbZ7U_9Zw,3,"After someone says ""It's my birthday,"" the next step typically involves celebrating the occasion, which can include sharing a cake, opening presents, and socializing with friends and family.",0.8252
KvhbZ7U_9Zw,KvhbZ7U_9Zw,4,"After someone says ""it's my birthday,"" the next common actions include celebrating with a party, sharing a cake, and receiving gifts or presents.",0.8252
KvhbZ7U_9Zw,KvhbZ7U_9Zw,5,"After someone says ""it's my birthday,"" the usual next steps include celebrating with gifts, food, and activities, often involving friends and family.",0.8252
KvhbZ7U_9Zw,KvhbZ7U_9Zw,6,"After someone says ""It's my birthday,"" it typically leads to celebrations such as a party, where friends and family gather to honor the birthday person, often with gifts, cake, and other festive activities.",0.8252
KvhbZ7U_9Zw,KvhbZ7U_9Zw,7,"After someone says ""It's my birthday,"" it is customary to celebrate by sharing a cake, singing ""Happy Birthday,"" and offering gifts, as well as wishing the person a happy birthday.",0.8252
KvhbZ7U_9Zw,KvhbZ7U_9Zw,8,"After someone says ""It's my birthday,"" it typically leads to celebrations such as parties, gifts, and special treats.",0.8252
KvhbZ7U_9Zw,KvhbZ7U_9Zw,9,"After someone says it's their birthday, the next step is typically to celebrate the occasion, which might include exchanging gifts, sharing a cake, or engaging in a special activity to honor the birthday person.",0.8252
KvhbZ7U_9Zw,KvhbZ7U_9Zw,10,"After someone says ""It's my birthday,"" it typically leads to celebrations such as cake, gifts, and festive activities, often involving friends and family.",0.8252
KVmu0-GXlfA,KVmu0-GXlfA,1,"The black and bronze-colored battery has the word ""Lithium"" written on it.",0.7089
KVmu0-GXlfA,KVmu0-GXlfA,2,"The battery in the image has the text ""18650"" printed on it, which is a standard designation for a lithium-ion rechargeable battery.",0.7089
KVmu0-GXlfA,KVmu0-GXlfA,3,"The black and bronze-colored battery says ""DURACELL"" on it.",0.7089
KVmu0-GXlfA,KVmu0-GXlfA,4,The black and bronze-colored battery does not have any text on it.,0.7089
KVmu0-GXlfA,KVmu0-GXlfA,5,"The black and bronze-colored battery has the text ""BATTERY"" written on it.",0.7089
KVmu0-GXlfA,KVmu0-GXlfA,6,The black and bronze-colored battery does not have any visible text or markings on it in the image provided.,0.7089
KVmu0-GXlfA,KVmu0-GXlfA,7,"The black and bronze-colored battery says ""12V"" on it.",0.7089
KVmu0-GXlfA,KVmu0-GXlfA,8,"The black and bronze-colored battery has the text ""8000mAh"" on it.",0.7089
KVmu0-GXlfA,KVmu0-GXlfA,9,The battery in the picture does not have any visible text or markings that can be read.,0.7089
KVmu0-GXlfA,KVmu0-GXlfA,10,"The black and bronze-colored battery says ""Lithium-Ion"" on it.",0.7089
KWPkJSVDCNA,KWPkJSVDCNA,1,"The goalie catches the ball when it is kicked directly into the goal area from a direct kick, such as a corner kick, free kick, or penalty kick, within the 18-meter box.",0.6407
KWPkJSVDCNA,KWPkJSVDCNA,2,"The goalie catches the ball during a soccer match when the ball is kicked or passed into the goal area and the goalie, positioned in front of the goal, successfully intercepts it before it crosses the goal line.",0.6407
KWPkJSVDCNA,KWPkJSVDCNA,3,The goalie catches the ball when it enters the goal during a penalty kick or a corner kick in soccer.,0.6407
KWPkJSVDCNA,KWPkJSVDCNA,4,"The goalie catches the ball when it crosses the goal line, entering the opposing team's goal during a soccer match.",0.6407
KWPkJSVDCNA,KWPkJSVDCNA,5,The goalie catches the ball during a free kick or a corner kick in soccer.,0.6407
KWPkJSVDCNA,KWPkJSVDCNA,6,"The goalie catches the ball during a free kick or when the ball is directly on the goal line, as per the rules of soccer.",0.6407
KWPkJSVDCNA,KWPkJSVDCNA,7,The goalie catches the ball during a penalty kick in soccer when the ball is kicked directly at the goal and is about to enter the net.,0.6407
KWPkJSVDCNA,KWPkJSVDCNA,8,"The goalie catches the ball when it is thrown or hit towards the goal, typically in games like soccer or field hockey, to prevent the opposing team from scoring.",0.6407
KWPkJSVDCNA,KWPkJSVDCNA,9,The goalie catches the ball during a free throw in basketball.,0.6407
KWPkJSVDCNA,KWPkJSVDCNA,10,"The goalie catches the ball when it crosses the goal line in soccer, effectively ending the game and awarding a goal to the opposing team.",0.6407
Kyig9R8E0jY,Kyig9R8E0jY,1,"The video features a variety of motorbikes, showcasing different models and types.",0.7348
Kyig9R8E0jY,Kyig9R8E0jY,2,"The video features a variety of motorcycles, showcasing different models and designs.",0.7348
Kyig9R8E0jY,Kyig9R8E0jY,3,"The video features a variety of motorcycles, including sport bikes and cruisers, showcasing different models and designs.",0.7348
Kyig9R8E0jY,Kyig9R8E0jY,4,"The video features a variety of motorbikes, including sport bikes, cruisers, and adventure bikes, showcasing their unique designs and capabilities.",0.7348
Kyig9R8E0jY,Kyig9R8E0jY,5,"The video features a variety of motorbikes, showcasing different models and styles.",0.7348
Kyig9R8E0jY,Kyig9R8E0jY,6,"The video features a variety of motorcycles, including a sportbike, a cruiser, and a dirt bike.",0.7348
Kyig9R8E0jY,Kyig9R8E0jY,7,"The video features a variety of motorcycles, showcasing different models and styles.",0.7348
Kyig9R8E0jY,Kyig9R8E0jY,8,"The video shows a variety of different motorbikes, including sport bikes, cruisers, and possibly some off-road models, but specific details are not provided.",0.7348
Kyig9R8E0jY,Kyig9R8E0jY,9,"The video shows a variety of motorbikes, including sport bikes, cruisers, and touring bikes, each with distinct designs and features tailored to different riding styles and preferences.",0.7348
Kyig9R8E0jY,Kyig9R8E0jY,10,"The video features a variety of motorcycles, showcasing different models and designs.",0.7348
KYMtq6Lvn5E,KYMtq6Lvn5E,1,"This series of still photos appears to show a person's hand in a relaxed position, possibly indicating a moment of rest or a neutral gesture.",0.9212
KYMtq6Lvn5E,KYMtq6Lvn5E,2,This set of still photos shows a sequence of frames from a video or animation.,0.9212
KYMtq6Lvn5E,KYMtq6Lvn5E,3,"This set of still photos shows a series of frames that appear to be part of a video, but without additional context, it's difficult to determine the exact content or purpose of the images.",0.9212
KYMtq6Lvn5E,KYMtq6Lvn5E,4,"The series of still photos shows a person sitting in a chair with their back to the camera, facing a window with a view of the sky and some trees.",0.9212
KYMtq6Lvn5E,KYMtq6Lvn5E,5,"This series of still photos appears to show a progression or sequence of events or actions, possibly in a narrative or instructional context, but without additional context, the specific details of what the photos depict are not clear.",0.9212
KYMtq6Lvn5E,KYMtq6Lvn5E,6,"The set of still photos appears to be a series of images that show a progression or sequence of events, though without additional context, the specific nature of the sequence cannot be determined.",0.9212
KYMtq6Lvn5E,KYMtq6Lvn5E,7,"This series of still photos shows a sequence of frames from a video or animation, each capturing a moment in time.",0.9212
KYMtq6Lvn5E,KYMtq6Lvn5E,8,"The set of still photos depicts a sequence of actions or events, likely part of a narrative or a demonstration of a process.",0.9212
KYMtq6Lvn5E,KYMtq6Lvn5E,9,"This series of still photos appears to be a set of images, but without a specific context or additional details, it is not possible to determine what the photos collectively show.",0.9212
KYMtq6Lvn5E,KYMtq6Lvn5E,10,The series of still photos shows a step-by-step process or sequence of events.,0.9212
K_Dm0u_ksbs,K_Dm0u_ksbs,1,"The image shows two individuals, but without additional context, it's not possible to determine who salutes first.",0.5193
K_Dm0u_ksbs,K_Dm0u_ksbs,2,The image does not provide enough context to determine who salutes first.,0.5193
K_Dm0u_ksbs,K_Dm0u_ksbs,3,The person on the left salutes first.,0.5193
K_Dm0u_ksbs,K_Dm0u_ksbs,4,The person on the left salutes first.,0.5193
K_Dm0u_ksbs,K_Dm0u_ksbs,5,The person on the left salutes first.,0.5193
K_Dm0u_ksbs,K_Dm0u_ksbs,6,The person on the left salutes first.,0.5193
K_Dm0u_ksbs,K_Dm0u_ksbs,7,The image does not provide enough context to determine who salutes first.,0.5193
K_Dm0u_ksbs,K_Dm0u_ksbs,8,The person on the left salutes first.,0.5193
K_Dm0u_ksbs,K_Dm0u_ksbs,9,The person on the left salutes first.,0.5193
K_Dm0u_ksbs,K_Dm0u_ksbs,10,"In the context of military or formal etiquette, the individual of higher rank salutes first.",0.5193
L0vYawoAo_Q,L0vYawoAo_Q,1,"The image appears to be a static frame from an animated scene where objects are falling on three characters, possibly indicating a comedic or dramatic moment in the story.",0.8658
L0vYawoAo_Q,L0vYawoAo_Q,2,The objects are falling on the animated characters because they are in the process of a physics simulation or animation that includes gravity and collision effects.,0.8658
L0vYawoAo_Q,L0vYawoAo_Q,3,"The characters are likely in a situation where they are being hit or attacked by falling objects, possibly as part of a comedic or dramatic scene in an animated show or film.",0.8658
L0vYawoAo_Q,L0vYawoAo_Q,4,"The objects are falling on the animated characters as part of a comedic or dramatic sequence in the animation, likely to create a humorous or exaggerated effect.",0.8658
L0vYawoAo_Q,L0vYawoAo_Q,5,"The image appears to be a still from an animated scene where objects are falling on three characters, possibly due to a comedic or dramatic event in the story.",0.8658
L0vYawoAo_Q,L0vYawoAo_Q,6,"The image appears to be a screenshot from an animated show or video game where objects are falling on three characters, possibly as part of a comedic or dramatic scene designed to entertain or convey a specific message.",0.8658
L0vYawoAo_Q,L0vYawoAo_Q,7,The objects are falling on the animated characters to create a comedic or dramatic effect in the scene.,0.8658
L0vYawoAo_Q,L0vYawoAo_Q,8,The objects are falling on the three animated characters because they are part of a scene in an animated movie or video where the characters are experiencing an unexpected event or challenge.,0.8658
L0vYawoAo_Q,L0vYawoAo_Q,9,"The objects are falling on the animated characters as a part of the animation's scene or storyline, likely to create a humorous or dramatic effect.",0.8658
L0vYawoAo_Q,L0vYawoAo_Q,10,"The objects are falling on the animated characters as part of a scene or animation where the characters are interacting with their environment, possibly in a playful or humorous situation.",0.8658
L1knrZAHc-w,L1knrZAHc-w,1,The image does not provide any information about cows learning to dance or the duration it would take.,0.5835
L1knrZAHc-w,L1knrZAHc-w,2,The image does not provide any information about the duration it took for cows to learn to dance.,0.5835
L1knrZAHc-w,L1knrZAHc-w,3,"The image does not provide any information about cows learning to dance, so it's not possible to answer the question based on this image.",0.5835
L1knrZAHc-w,L1knrZAHc-w,4,The image does not provide any information about cows learning to dance or the duration it took them to learn.,0.5835
L1knrZAHc-w,L1knrZAHc-w,5,"The cows in the image have not been trained to dance, so it took them no time to ""learn"" to dance.",0.5835
L1knrZAHc-w,L1knrZAHc-w,6,"The image provided does not contain any information about cows learning to dance, so it's not possible to answer the question based on this image alone.",0.5835
L1knrZAHc-w,L1knrZAHc-w,7,"The image provided does not contain any information about cows learning to dance, so it's impossible to answer the question based on this image alone.",0.5835
L1knrZAHc-w,L1knrZAHc-w,8,"The image does not provide any information about cows learning to dance, so it's not possible to answer the question based on this image alone.",0.5835
L1knrZAHc-w,L1knrZAHc-w,9,"The cows in the image have been dancing for a few moments, but it's not clear how long they've been practicing.",0.5835
L1knrZAHc-w,L1knrZAHc-w,10,The image provided does not contain any information about cows or their learning to dance. It appears to be a simple question with no context to answer.,0.5835
L36HKJeOn-0,L36HKJeOn-0,1,The boy receives a gold star for his correct response.,0.5488
L36HKJeOn-0,L36HKJeOn-0,2,The boy receives a gold star.,0.5488
L36HKJeOn-0,L36HKJeOn-0,3,"When the boy gives the right answer, he is praised by the teacher.",0.5488
L36HKJeOn-0,L36HKJeOn-0,4,"When the boy gives the right answer, the question mark disappears.",0.5488
L36HKJeOn-0,L36HKJeOn-0,5,"When the boy gives the right answer, the teacher rewards him with a gold star sticker on his work.",0.5488
L36HKJeOn-0,L36HKJeOn-0,6,"When the boy gives the right answer, he is praised for his knowledge and understanding.",0.5488
L36HKJeOn-0,L36HKJeOn-0,7,"When the boy gives the right answer, he receives a gold star sticker on his forehead.",0.5488
L36HKJeOn-0,L36HKJeOn-0,8,The boy receives a gold star sticker on his notebook.,0.5488
L36HKJeOn-0,L36HKJeOn-0,9,"When the boy gives the right answer, he receives a gold star sticker on his paper.",0.5488
L36HKJeOn-0,L36HKJeOn-0,10,"When the boy gives the right answer, the girl gives him a kiss.",0.5488
L4js17jguSA,L4js17jguSA,1,The music in the background is likely there to create a pleasant atmosphere and enhance the mood of the scene.,0.6482
L4js17jguSA,L4js17jguSA,2,"The music in the background is likely there to enhance the atmosphere or mood of the scene, adding a layer of sensory experience to the environment.",0.6482
L4js17jguSA,L4js17jguSA,3,"The music in the background likely serves to enhance the mood or atmosphere of the scene, providing a pleasant auditory accompaniment to the visual elements.",0.6482
L4js17jguSA,L4js17jguSA,4,The music in the background is likely intended to create a pleasant atmosphere and enhance the mood of the setting.,0.6482
L4js17jguSA,L4js17jguSA,5,"The music in the background is likely there to create a pleasant and engaging atmosphere, enhancing the overall experience for the audience.",0.6482
L4js17jguSA,L4js17jguSA,6,The music in the background is likely there to enhance the atmosphere and provide a pleasant soundtrack for the scene.,0.6482
L4js17jguSA,L4js17jguSA,7,"The music in the background is likely there to create a pleasant and engaging atmosphere, enhancing the overall experience for the viewer.",0.6482
L4js17jguSA,L4js17jguSA,8,The music in the background creates a pleasant atmosphere and enhances the mood of the scene.,0.6482
L4js17jguSA,L4js17jguSA,9,The music in the background is likely there to create a pleasant atmosphere and enhance the mood of the video.,0.6482
L4js17jguSA,L4js17jguSA,10,The music in the background is likely there to enhance the ambiance and provide a pleasant auditory experience for the viewers.,0.6482
L75wb-sK0Ws,L75wb-sK0Ws,1,There are two gates visible in the video.,0.4007
L75wb-sK0Ws,L75wb-sK0Ws,2,"In the video, there are two gates visible.",0.4007
L75wb-sK0Ws,L75wb-sK0Ws,3,There are two gates visible in the video.,0.4007
L75wb-sK0Ws,L75wb-sK0Ws,4,"In the video, there are three gates visible.",0.4007
L75wb-sK0Ws,L75wb-sK0Ws,5,"In the video, there are two gates visible.",0.4007
L75wb-sK0Ws,L75wb-sK0Ws,6,There are 10 gates visible in the video.,0.4007
L75wb-sK0Ws,L75wb-sK0Ws,7,"In the video, we see two gates.",0.4007
L75wb-sK0Ws,L75wb-sK0Ws,8,"In the video, there is one gate visible.",0.4007
L75wb-sK0Ws,L75wb-sK0Ws,9,"In the video, there is one gate visible.",0.4007
L75wb-sK0Ws,L75wb-sK0Ws,10,"In the video, we see two gates.",0.4007
L9Rn2C5noys,L9Rn2C5noys,1,"After filling a quart container with vanilla soft serve, the woman at Dairy Queen likely places the container into a serving dish and adds a scoop of chocolate sauce on top.",0.6957
L9Rn2C5noys,L9Rn2C5noys,2,She adds chocolate syrup to the container.,0.6957
L9Rn2C5noys,L9Rn2C5noys,3,The woman at Dairy Queen adds chocolate syrup and sprinkles it with a topping after filling a quart container with vanilla soft serve.,0.6957
L9Rn2C5noys,L9Rn2C5noys,4,"After filling a quart container with vanilla soft serve, the woman at Dairy Queen likely adds a topping or a sauce, and then places a lid on the container.",0.6957
L9Rn2C5noys,L9Rn2C5noys,5,She likely places the filled quart container in a freezer to harden the ice cream before serving it.,0.6957
L9Rn2C5noys,L9Rn2C5noys,6,The woman at Dairy Queen places the filled quart container into a clear plastic bag.,0.6957
L9Rn2C5noys,L9Rn2C5noys,7,She places the filled quart container on a scale to weigh it.,0.6957
L9Rn2C5noys,L9Rn2C5noys,8,The woman at Dairy Queen likely adds toppings or serves the soft serve to a customer after filling the quart container with vanilla soft serve.,0.6957
L9Rn2C5noys,L9Rn2C5noys,9,The woman at Dairy Queen then adds toppings to the quart container of vanilla soft serve before placing it in a cone.,0.6957
L9Rn2C5noys,L9Rn2C5noys,10,The woman at Dairy Queen would likely proceed to add toppings and a cone to the quart container of vanilla soft serve before serving it to a customer.,0.6957
La-SNVkM06w,La-SNVkM06w,1,"The blue tarp is likely used to protect the cargo from weather elements such as rain, snow, or sun damage, ensuring the items inside remain dry and secure during transportation.",0.7881
La-SNVkM06w,La-SNVkM06w,2,"The blue tarp is likely used to protect the cargo from the elements, such as rain or sun, and to secure it in place, ensuring it does not shift during transportation.",0.7881
La-SNVkM06w,La-SNVkM06w,3,"The blue tarp is likely used to protect the cargo from the elements, such as rain, snow, or sun exposure, ensuring it remains dry and undamaged during transportation.",0.7881
La-SNVkM06w,La-SNVkM06w,4,"The blue tarp is likely used to protect the cargo from weather elements such as rain, sun, and wind, ensuring that the items inside remain dry and secure during transportation.",0.7881
La-SNVkM06w,La-SNVkM06w,5,"The blue tarp is likely used to protect the cargo from weather elements such as rain, snow, or sun exposure, ensuring the items inside are preserved and secured during transportation.",0.7881
La-SNVkM06w,La-SNVkM06w,6,"The blue tarp is likely used to protect the cargo from the elements, such as rain, sun, and debris, ensuring it remains in good condition during transport.",0.7881
La-SNVkM06w,La-SNVkM06w,7,"The blue tarp is likely used to protect the cargo from weather elements such as rain, snow, or sun, ensuring the goods inside remain dry and secure during transportation.",0.7881
La-SNVkM06w,La-SNVkM06w,8,"The blue tarp is likely used to protect the cargo from weather elements such as rain, sun, and wind.",0.7881
La-SNVkM06w,La-SNVkM06w,9,"The blue tarp is likely used to protect the cargo from the elements, such as rain, sun, and wind, ensuring that the items inside the truck remain in good condition.",0.7881
La-SNVkM06w,La-SNVkM06w,10,"The blue tarp is likely being used to protect the truck's cargo from the elements, such as rain, sun, or dust, ensuring that the items remain in good condition during transport.",0.7881
LAa5O3ToD2c,LAa5O3ToD2c,1,"The first baby is lying on its back, seemingly sleeping peacefully.",0.4658
LAa5O3ToD2c,LAa5O3ToD2c,2,"The first baby is lying down, seemingly asleep, with its eyes closed and its head resting on a surface.",0.4658
LAa5O3ToD2c,LAa5O3ToD2c,3,"The first baby appears to be sitting and looking forward, with its mouth slightly open, possibly indicating it is in a relaxed or curious state.",0.4658
LAa5O3ToD2c,LAa5O3ToD2c,4,The first baby appears to be sitting and looking at the camera with a curious expression.,0.4658
LAa5O3ToD2c,LAa5O3ToD2c,5,The first baby is lying down and appears to be sleeping or resting.,0.4658
LAa5O3ToD2c,LAa5O3ToD2c,6,The first baby is sleeping peacefully.,0.4658
LAa5O3ToD2c,LAa5O3ToD2c,7,The first baby appears to be sleeping.,0.4658
LAa5O3ToD2c,LAa5O3ToD2c,8,The first baby is lying on its back with its legs in the air.,0.4658
LAa5O3ToD2c,LAa5O3ToD2c,9,The first baby is smiling and looking to the side.,0.4658
LAa5O3ToD2c,LAa5O3ToD2c,10,The first baby is sitting and looking down at their feet.,0.4658
LBEnKCnLGIg,LBEnKCnLGIg,1,The man hits the target 4 times.,0.5603
LBEnKCnLGIg,LBEnKCnLGIg,2,The man hits the target 3 times in the image.,0.5603
LBEnKCnLGIg,LBEnKCnLGIg,3,The man hits the target 3 times.,0.5603
LBEnKCnLGIg,LBEnKCnLGIg,4,The man hits the target 3 times in the picture.,0.5603
LBEnKCnLGIg,LBEnKCnLGIg,5,The man hits the target 5 times in the image.,0.5603
LBEnKCnLGIg,LBEnKCnLGIg,6,The man hits the target twice.,0.5603
LBEnKCnLGIg,LBEnKCnLGIg,7,The man hits the target three times.,0.5603
LBEnKCnLGIg,LBEnKCnLGIg,8,The man hits the target 2 times.,0.5603
LBEnKCnLGIg,LBEnKCnLGIg,9,The man hits the target 4 times.,0.5603
LBEnKCnLGIg,LBEnKCnLGIg,10,The man hits the target three times.,0.5603
LBhwaSo4jmE,LBhwaSo4jmE,1,The gymnast performs two flips in the image.,0.4465
LBhwaSo4jmE,LBhwaSo4jmE,2,The gymnast performs two flips.,0.4465
LBhwaSo4jmE,LBhwaSo4jmE,3,The gymnast in the picture is performing two flips.,0.4465
LBhwaSo4jmE,LBhwaSo4jmE,4,The gymnast in the image performs a single flip.,0.4465
LBhwaSo4jmE,LBhwaSo4jmE,5,The gymnast performs 3 flips.,0.4465
LBhwaSo4jmE,LBhwaSo4jmE,6,The gymnast in the picture performs two flips.,0.4465
LBhwaSo4jmE,LBhwaSo4jmE,7,The gymnast in the image performs 3 flips.,0.4465
LBhwaSo4jmE,LBhwaSo4jmE,8,The gymnast performs a double flip.,0.4465
LBhwaSo4jmE,LBhwaSo4jmE,9,The gymnast performs two flips.,0.4465
LBhwaSo4jmE,LBhwaSo4jmE,10,The gymnast performs 3 flips in the image.,0.4465
LbieW0jTtoA,LbieW0jTtoA,1,The video shows a person wearing a green shirt standing in front of a dark background.,0.8063
LbieW0jTtoA,LbieW0jTtoA,2,The video shows a single frame with a black background and a yellow square in the center.,0.8063
LbieW0jTtoA,LbieW0jTtoA,3,The video shows a blank white screen with no visible activity or content being displayed.,0.8063
LbieW0jTtoA,LbieW0jTtoA,4,The video shows a blank white screen with no discernible activity or content.,0.8063
LbieW0jTtoA,LbieW0jTtoA,5,"The video shows a close-up of a hand holding a small, shiny, metallic object against a blurred background.",0.8063
LbieW0jTtoA,LbieW0jTtoA,6,The video shows a pair of scissors being held by a hand.,0.8063
LbieW0jTtoA,LbieW0jTtoA,7,"The video appears to be a placeholder or a test image, as there are no discernible actions or events taking place.",0.8063
LbieW0jTtoA,LbieW0jTtoA,8,The video shows a person walking away from a bus stop.,0.8063
LbieW0jTtoA,LbieW0jTtoA,9,"The video appears to show a simple sequence of frames with a static image that might be a placeholder or a test image, as there is no visible action or change in the frames.",0.8063
LbieW0jTtoA,LbieW0jTtoA,10,"The video shows a person standing in front of a door, possibly about to open it.",0.8063
LBYQbq-7Dvg,LBYQbq-7Dvg,1,"The act of one woman putting a watch on another's wrist could be a gesture of care, a form of assistance, or a way to establish a connection or relationship.",0.6401
LBYQbq-7Dvg,LBYQbq-7Dvg,2,To tell time or to display a personal accessory.,0.6401
LBYQbq-7Dvg,LBYQbq-7Dvg,3,"One woman is placing a watch on the other woman's wrist to ensure she can tell the time, which is a common gesture of care and assistance.",0.6401
LBYQbq-7Dvg,LBYQbq-7Dvg,4,"The image shows a woman placing a watch on another woman's wrist, likely as a gesture of care, gift, or to assist her in checking the time.",0.6401
LBYQbq-7Dvg,LBYQbq-7Dvg,5,One woman puts a watch on the other woman's wrist to signify a gift or to ensure they have a timepiece for convenience.,0.6401
LBYQbq-7Dvg,LBYQbq-7Dvg,6,"The act of putting a watch on someone else's wrist can symbolize a gesture of care, timekeeping, or a form of affection, depending on the context and relationship between the individuals.",0.6401
LBYQbq-7Dvg,LBYQbq-7Dvg,7,"One woman puts a watch on the other woman's wrist to show affection, as it is a gesture of caring and attention.",0.6401
LBYQbq-7Dvg,LBYQbq-7Dvg,8,"One woman puts a watch on the other woman's wrist to show time, possibly to indicate a specific moment or to help keep track of time during a shared activity.",0.6401
LBYQbq-7Dvg,LBYQbq-7Dvg,9,"The woman is likely putting the watch on the other woman's wrist to ensure it is securely fastened and functioning properly, possibly as part of a fitting process for a new accessory or as a gesture of assistance.",0.6401
LBYQbq-7Dvg,LBYQbq-7Dvg,10,"The act of putting a watch on another woman's wrist is a gesture of care, friendship, or a gift, symbolizing time shared and the passing of time together.",0.6401
Lc79Goppqec,Lc79Goppqec,1,The video shows a person's hand holding a piece of paper with text on it.,0.4756
Lc79Goppqec,Lc79Goppqec,2,"The video shows a sequence of frames with a pink and yellow gradient background, transitioning through various colors and patterns, but no specific actions or events are depicted.",0.4756
Lc79Goppqec,Lc79Goppqec,3,"The video shows a close-up of a person's hand, possibly performing an action or interacting with something off-screen.",0.4756
Lc79Goppqec,Lc79Goppqec,4,The video shows a person's hands moving in a sequence that appears to be a sign language phrase.,0.4756
Lc79Goppqec,Lc79Goppqec,5,"The video shows a person's hand touching a piece of fabric, possibly demonstrating a sewing or crafting activity.",0.4756
Lc79Goppqec,Lc79Goppqec,6,The video shows a person's hand moving slightly on a dark background.,0.4756
Lc79Goppqec,Lc79Goppqec,7,The video shows a person standing with their arms crossed in front of a plain background.,0.4756
Lc79Goppqec,Lc79Goppqec,8,The video shows a person's hand reaching into a cup and then withdrawing it.,0.4756
Lc79Goppqec,Lc79Goppqec,9,"The video shows a single frame with no visible action or movement, indicating it might be a static image or a pause in the video content.",0.4756
Lc79Goppqec,Lc79Goppqec,10,"The video shows a close-up of a hand holding a small, round object, possibly a fruit or vegetable, with a green stem attached.",0.4756
LDos_KU6084,LDos_KU6084,1,"Yes, the cosmetics the woman is applying can change the skin color, such as using foundation or concealer to alter its tone.",0.5696
LDos_KU6084,LDos_KU6084,2,"Yes, the product the woman is applying can change the skin color, as it is likely a cosmetic or skincare item designed to alter appearance.",0.5696
LDos_KU6084,LDos_KU6084,3,"Yes, the products the woman is applying can alter the skin color, depending on their ingredients and the specific effects they aim to produce.",0.5696
LDos_KU6084,LDos_KU6084,4,"The woman is likely applying makeup, which can temporarily change the appearance of her skin color but does not alter the skin's natural pigmentation.",0.5696
LDos_KU6084,LDos_KU6084,5,"Yes, the woman is applying a product that is designed to change her skin color, likely a makeup foundation or concealer.",0.5696
LDos_KU6084,LDos_KU6084,6,"Yes, the products the woman is applying are typically designed to alter the skin color, such as makeup or tanning lotions.",0.5696
LDos_KU6084,LDos_KU6084,7,"The product the woman is applying is likely a cosmetic, such as makeup, which does not change the skin color but can alter its appearance temporarily.",0.5696
LDos_KU6084,LDos_KU6084,8,"Yes, the products the woman is applying, such as makeup or sun protection, can temporarily alter her skin color.",0.5696
LDos_KU6084,LDos_KU6084,9,"Yes, the lotion or cream the woman is applying can change the skin color by moisturizing and potentially lightening or darkening the skin, depending on the product.",0.5696
LDos_KU6084,LDos_KU6084,10,"Yes, the woman is applying makeup, which is designed to alter the appearance of the skin color.",0.5696
LfdH03plmIw,LfdH03plmIw,1,"The Russian police are depicted in a scene that contrasts with the traditional image of police in other European countries, highlighting unique cultural and operational aspects.",0.555
LfdH03plmIw,LfdH03plmIw,2,"The Russian police are shown in a video clip that provides a glimpse into their operations, similar to how the police in Indonesia, Holland, and Germany are depicted in their respective countries.",0.555
LfdH03plmIw,LfdH03plmIw,3,"The Russian police are shown in a more traditional and disciplined manner, emphasizing order and respect for authority, unlike the more informal styles seen in the other countries.",0.555
LfdH03plmIw,LfdH03plmIw,4,"The Russian police are shown by presenting a unique feature of their uniforms, specifically the type of cap they wear.",0.555
LfdH03plmIw,LfdH03plmIw,5,"The Russian police are shown in a different context, focusing on their unique uniforms and equipment, which are distinct from the European police forces.",0.555
LfdH03plmIw,LfdH03plmIw,6,"The Russian police are shown by highlighting their distinctive uniforms and equipment, emphasizing their role in maintaining law and order in Russia.",0.555
LfdH03plmIw,LfdH03plmIw,7,"The Russian police are shown using a more traditional uniform and a less modern style compared to their counterparts in Indonesia, Holland, and Germany.",0.555
LfdH03plmIw,LfdH03plmIw,8,"The Russian police are shown in a uniformed, professional manner, similar to their counterparts in Indonesia, Holland, and Germany.",0.555
LfdH03plmIw,LfdH03plmIw,9,"The Russian police are depicted through a comparison with their counterparts in other countries, highlighting the unique aspects of their role and responsibilities within the Russian law enforcement system.",0.555
LfdH03plmIw,LfdH03plmIw,10,"The Russian police are shown in the video by focusing on their uniforms and equipment, highlighting their role in maintaining public order and safety.",0.555
Lg_fVCxXhgY,Lg_fVCxXhgY,1,The metal will eventually stop spinning.,0.5813
Lg_fVCxXhgY,Lg_fVCxXhgY,2,The metal becomes heated and may eventually melt or deform due to the friction generated by the spinning motion.,0.5813
Lg_fVCxXhgY,Lg_fVCxXhgY,3,The metal becomes heated from the friction caused by spinning.,0.5813
Lg_fVCxXhgY,Lg_fVCxXhgY,4,The metal eventually stops spinning due to friction and external forces.,0.5813
Lg_fVCxXhgY,Lg_fVCxXhgY,5,The metal heats up and may eventually become hot enough to melt.,0.5813
Lg_fVCxXhgY,Lg_fVCxXhgY,6,The metal eventually stops spinning due to friction and resistance from the environment.,0.5813
Lg_fVCxXhgY,Lg_fVCxXhgY,7,The metal eventually stops spinning and comes to rest.,0.5813
Lg_fVCxXhgY,Lg_fVCxXhgY,8,The metal becomes heated due to friction from spinning.,0.5813
Lg_fVCxXhgY,Lg_fVCxXhgY,9,The metal becomes hot after spinning for a while due to friction.,0.5813
Lg_fVCxXhgY,Lg_fVCxXhgY,10,The metal eventually stops spinning after a while.,0.5813
LI9DacxH6Ao,LI9DacxH6Ao,1,"The sled goes faster as it goes down the slide due to the force of gravity, which acts downward, accelerating the sled along the slope.",0.5168
LI9DacxH6Ao,LI9DacxH6Ao,2,"The sled goes faster as it goes down the slide due to the force of gravity pulling it downward, and the smoothness of the slide reducing friction.",0.5168
LI9DacxH6Ao,LI9DacxH6Ao,3,The sled goes faster as it descends the slide due to the force of gravity pulling it downward.,0.5168
LI9DacxH6Ao,LI9DacxH6Ao,4,"The sled goes faster as it goes down the slide due to gravity, which accelerates its descent.",0.5168
LI9DacxH6Ao,LI9DacxH6Ao,5,The sled goes faster as it goes down the slide due to the force of gravity acting on its mass and the reduced friction along the smooth surface.,0.5168
LI9DacxH6Ao,LI9DacxH6Ao,6,The sled goes faster as it goes down the slide due to gravity pulling it downhill and the reduced friction on the smooth surface.,0.5168
LI9DacxH6Ao,LI9DacxH6Ao,7,"The sled goes faster as it goes down the slide due to the force of gravity, which accelerates it downward.",0.5168
LI9DacxH6Ao,LI9DacxH6Ao,8,"The sled goes faster as it descends the slide due to gravity, which causes the sled to accelerate downward.",0.5168
LI9DacxH6Ao,LI9DacxH6Ao,9,"The sled goes faster as it goes down the slide due to the force of gravity and the smoothness of the surface, which minimizes friction.",0.5168
LI9DacxH6Ao,LI9DacxH6Ao,10,The sled goes faster as it goes down the slide due to the increase in gravitational potential energy being converted to kinetic energy.,0.5168
LjH-8x3DDqQ,LjH-8x3DDqQ,1,The man shakes the other man's hand and then turns to walk away.,0.483
LjH-8x3DDqQ,LjH-8x3DDqQ,2,"After shaking the other man's hand, the man looks at the camera.",0.483
LjH-8x3DDqQ,LjH-8x3DDqQ,3,"The man after shaking the other man's hand likely proceeds to engage in a conversation or begins a business transaction, given the formal greeting.",0.483
LjH-8x3DDqQ,LjH-8x3DDqQ,4,The man shakes the other man's hand as a gesture of greeting or agreement.,0.483
LjH-8x3DDqQ,LjH-8x3DDqQ,5,The man smiles and exchanges pleasantries after shaking the other man's hand.,0.483
LjH-8x3DDqQ,LjH-8x3DDqQ,6,"The man likely proceeds to engage in conversation or a handshake with the other individual, as is common in formal or business settings.",0.483
LjH-8x3DDqQ,LjH-8x3DDqQ,7,The man after shaking the other man's hand proceeds to look at the other man's shirt.,0.483
LjH-8x3DDqQ,LjH-8x3DDqQ,8,The man shakes hands with the other man.,0.483
LjH-8x3DDqQ,LjH-8x3DDqQ,9,"After shaking the other man's hand, the man smiles and nods in acknowledgment.",0.483
LjH-8x3DDqQ,LjH-8x3DDqQ,10,The man likely proceeds to engage in a conversation or exchange pleasantries after shaking the other man's hand.,0.483
LjKQRBfH6dw,LjKQRBfH6dw,1,"After performing judo moves, bowing, and shaking hands with his opponent, Putin typically engages in diplomatic discussions or addresses the media to discuss various international issues.",0.9266
LjKQRBfH6dw,LjKQRBfH6dw,2,"After performing judo moves, bowing, and shaking hands with his opponent, Putin typically engages in diplomatic discussions or strategic planning with the individual.",0.9266
LjKQRBfH6dw,LjKQRBfH6dw,3,"After some judo moves, bowing, and shaking hands with his opponent, Putin typically engages in diplomatic discussions or other official engagements.",0.9266
LjKQRBfH6dw,LjKQRBfH6dw,4,"After some judo moves, bowing, and shaking hands with his opponent, Putin typically engages in diplomatic discussions or negotiations, often at international summits or meetings.",0.9266
LjKQRBfH6dw,LjKQRBfH6dw,5,"After some judo moves, bowing, and shaking hands with his opponent, Putin likely reflects on the match and prepares for future challenges.",0.9266
LjKQRBfH6dw,LjKQRBfH6dw,6,"After some judo moves, bowing, and shaking hands with his opponent, Putin likely engages in diplomatic discussions or prepares for a public appearance.",0.9266
LjKQRBfH6dw,LjKQRBfH6dw,7,"After performing judo moves, bowing, and shaking hands with his opponent, Putin often engages in diplomatic talks or strategic discussions, showcasing his role as a world leader.",0.9266
LjKQRBfH6dw,LjKQRBfH6dw,8,"After some judo moves, bowing, and shaking hands with his opponent, Putin typically engages in diplomatic or political discussions, often reflecting on strategic issues or international relations.",0.9266
LjKQRBfH6dw,LjKQRBfH6dw,9,"After some judo moves, bowing, and shaking hands with his opponent, Putin typically engages in diplomatic discussions or policy negotiations.",0.9266
LjKQRBfH6dw,LjKQRBfH6dw,10,"After some judo moves, bowing, and shaking hands with his opponent, Putin would likely continue his diplomatic engagements, possibly discussing international relations and global issues.",0.9266
LjLG1o7FDGM,LjLG1o7FDGM,1,"Someone might be making sounds as they eat to express enjoyment, mimic the sounds of chewing, or simply out of habit.",0.8649
LjLG1o7FDGM,LjLG1o7FDGM,2,"Someone might be making sounds as they eat because they are enjoying the food and want to share their appreciation, or it could be due to the texture or the way the food is being consumed.",0.8649
LjLG1o7FDGM,LjLG1o7FDGM,3,"Someone might be making sounds as they eat to communicate enjoyment, to engage in conversation, or to express satisfaction with the food.",0.8649
LjLG1o7FDGM,LjLG1o7FDGM,4,"The person is making sounds as they eat because they are chewing and swallowing, which naturally produces noises.",0.8649
LjLG1o7FDGM,LjLG1o7FDGM,5,"Some people make sounds while eating to express enjoyment, to communicate satisfaction, or to mimic the sounds of food being eaten, which can be a cultural or personal habit.",0.8649
LjLG1o7FDGM,LjLG1o7FDGM,6,"Someone might be making sounds while eating to express enjoyment of the food, to engage in conversation, or to communicate satisfaction with the taste.",0.8649
LjLG1o7FDGM,LjLG1o7FDGM,7,"Someone might be making sounds as they eat because they are enjoying the food, engaged in conversation, or simply unaware of their actions.",0.8649
LjLG1o7FDGM,LjLG1o7FDGM,8,"Someone might be making sounds as they eat to communicate enjoyment or satisfaction, to talk while eating, or due to the physical nature of certain foods that create such sounds.",0.8649
LjLG1o7FDGM,LjLG1o7FDGM,9,"Someone might be making sounds as they eat because they are enjoying the food, talking, or simply because they are not mindful of their eating habits.",0.8649
LjLG1o7FDGM,LjLG1o7FDGM,10,"Someone might be making sounds as they eat because they are enjoying the food, engaging in a playful or social interaction, or simply not caring about making noise.",0.8649
LjSq8xGEuzw,LjSq8xGEuzw,1,The first weapon in the image has a sight mounted on it.,0.588
LjSq8xGEuzw,LjSq8xGEuzw,2,A bayonet is mounted on the first weapon we see.,0.588
LjSq8xGEuzw,LjSq8xGEuzw,3,"The first weapon in the image is a sword, and it appears to be mounted with a sheath.",0.588
LjSq8xGEuzw,LjSq8xGEuzw,4,A bayonet is mounted on the first weapon we see.,0.588
LjSq8xGEuzw,LjSq8xGEuzw,5,The first weapon in the image has a knife mounted on it.,0.588
LjSq8xGEuzw,LjSq8xGEuzw,6,The first weapon in the image has a scope mounted on it.,0.588
LjSq8xGEuzw,LjSq8xGEuzw,7,The first weapon in the image has a bayonet mounted on it.,0.588
LjSq8xGEuzw,LjSq8xGEuzw,8,The first weapon we see has a scope mounted on it.,0.588
LjSq8xGEuzw,LjSq8xGEuzw,9,The first weapon we see is equipped with a scope.,0.588
LjSq8xGEuzw,LjSq8xGEuzw,10,The first weapon we see has a bayonet mounted on it.,0.588
LJuzoIUr4d4,LJuzoIUr4d4,1,The man is seen adjusting his glasses before putting on the cap.,10.3908
LJuzoIUr4d4,LJuzoIUr4d4,2,"Before putting on the cap, the man is shown adjusting his glasses.",10.3908
LJuzoIUr4d4,LJuzoIUr4d4,3,The man is seen adjusting his tie before putting on the cap.,10.3908
LJuzoIUr4d4,LJuzoIUr4d4,4,The man looks down before putting on the cap.,10.3908
LJuzoIUr4d4,LJuzoIUr4d4,5,The man is seen brushing his teeth before putting on the cap.,10.3908
LJuzoIUr4d4,LJuzoIUr4d4,6,The man is seen adjusting his sunglasses before putting on the cap.,10.3908
LJuzoIUr4d4,LJuzoIUr4d4,7,The man adjusts his hair before putting on the cap.,10.3908
LJuzoIUr4d4,LJuzoIUr4d4,8,"Before putting on the cap, the man adjusts his glasses.",10.3908
LJuzoIUr4d4,LJuzoIUr4d4,9,The man is seen walking before putting on the cap.,10.3908
LJuzoIUr4d4,LJuzoIUr4d4,10,The man is seen adjusting his hair before putting on the cap.,10.3908
LkdfiZcQ7lU,LkdfiZcQ7lU,1,"The pencil was likely removed to use it for writing or drawing outside the box, as it does not belong to the category of pinks and reds typically associated with the box's contents.",0.8687
LkdfiZcQ7lU,LkdfiZcQ7lU,2,"The black box was mistakenly labeled ""pinks and reds"" instead of ""pencils,"" leading to the removal of a pencil.",0.8687
LkdfiZcQ7lU,LkdfiZcQ7lU,3,"The pencil was mistakenly included in the black box meant for colored pencils, which only contains pinks and reds.",0.8687
LkdfiZcQ7lU,LkdfiZcQ7lU,4,"The pencil was removed because it did not belong in the black box, which contained only pink and red items.",0.8687
LkdfiZcQ7lU,LkdfiZcQ7lU,5,The pencil was removed from the black box of pinks and reds because it is not a pink or red pencil.,0.8687
LkdfiZcQ7lU,LkdfiZcQ7lU,6,"The pencil was likely removed because it was not pink or red, differing from the other items in the box which were specified as pinks and reds.",0.8687
LkdfiZcQ7lU,LkdfiZcQ7lU,7,"The question is illogical as a pencil is not typically categorized as pink or red, and it is not common to store pencils in a box labeled with colors. The image provided does not offer context to interpret this question accurately.",0.8687
LkdfiZcQ7lU,LkdfiZcQ7lU,8,"The question seems to be incomplete or misleading, as there is no black box of pinks and reds, and a pencil is not typically associated with such a context. If you have a specific scenario or question in mind, please provide more details so I can assist you accurately.",0.8687
LkdfiZcQ7lU,LkdfiZcQ7lU,9,"The question is illogical because a pencil is not a pink or red object; it is typically associated with colors like black, blue, or red in the context of writing instruments, but not in a color box of pinks and reds. Therefore, it makes no sense to remove a pencil from a box labeled with",0.8687
LkdfiZcQ7lU,LkdfiZcQ7lU,10,"The pencil was likely removed because it did not fit the theme or purpose of the black box, which presumably contains items related to pinks and reds, such as other colored pencils or art supplies.",0.8687
LKiaCf1QZFw,LKiaCf1QZFw,1,"The woman says ""That's all for now. Thanks for watching!""",0.6216
LKiaCf1QZFw,LKiaCf1QZFw,2,"The woman says, ""Thank you for watching!""",0.6216
LKiaCf1QZFw,LKiaCf1QZFw,3,"The woman says ""That's all from me for now.""",0.6216
LKiaCf1QZFw,LKiaCf1QZFw,4,"The image provided is a blank question mark, and there is no accompanying video or context to determine what the woman might say at the end of the video.",0.6216
LKiaCf1QZFw,LKiaCf1QZFw,5,"The woman in the video ends by saying, ""Thank you for watching!""",0.6216
LKiaCf1QZFw,LKiaCf1QZFw,6,"The woman says ""Thank you for watching!"" at the end of the video.",0.6216
LKiaCf1QZFw,LKiaCf1QZFw,7,"The woman says ""Goodbye!"" at the end of the video.",0.6216
LKiaCf1QZFw,LKiaCf1QZFw,8,"The woman says ""Thank you for watching!""",0.6216
LKiaCf1QZFw,LKiaCf1QZFw,9,"The woman in the video says, ""Thank you for watching!"" at the end.",0.6216
LKiaCf1QZFw,LKiaCf1QZFw,10,"The image you provided does not contain any text or speech from a woman. It appears to be a blank image with no discernible content. If you have a specific question or need information related to the image, please provide more details or context.",0.6216
LNb5uNQXkwg,LNb5uNQXkwg,1,"The keyboard powers up and becomes operational, allowing input of text and commands.",0.4198
LNb5uNQXkwg,LNb5uNQXkwg,2,"After the keyboard is turned on, it powers up and becomes ready for use, displaying any initial messages or settings if applicable.",0.4198
LNb5uNQXkwg,LNb5uNQXkwg,3,"The keyboard sends signals to the computer, which interprets these signals as input for the user.",0.4198
LNb5uNQXkwg,LNb5uNQXkwg,4,"After the keyboard is turned on, the keys begin to function, allowing the user to type and interact with the computer.",0.4198
LNb5uNQXkwg,LNb5uNQXkwg,5,"After the keyboard is turned on, it initializes and becomes operational, allowing input from the user.",0.4198
LNb5uNQXkwg,LNb5uNQXkwg,6,"After the keyboard is turned on, it initializes its power and begins to receive input signals from the user.",0.4198
LNb5uNQXkwg,LNb5uNQXkwg,7,"After the keyboard is turned on, it begins to function and respond to input from the user.",0.4198
LNb5uNQXkwg,LNb5uNQXkwg,8,The keyboard begins to function and sends signals to the computer to allow for input.,0.4198
LNb5uNQXkwg,LNb5uNQXkwg,9,"After the keyboard is turned on, it initializes its components and starts to function, allowing for input and communication with the computer.",0.4198
LNb5uNQXkwg,LNb5uNQXkwg,10,"After the keyboard is turned on, the keys light up and become functional, allowing the user to input text or commands.",0.4198
LOB9f-SQJn0,LOB9f-SQJn0,1,The sandals in the after picture appear significantly cleaner and free of dirt compared to the before picture.,0.6546
LOB9f-SQJn0,LOB9f-SQJn0,2,"The sandals appear significantly cleaner in the after picture compared to the before picture, with a noticeable reduction in dirt and grime.",0.6546
LOB9f-SQJn0,LOB9f-SQJn0,3,The sandals appear significantly cleaner and more hygienic in the after picture compared to the before picture.,0.6546
LOB9f-SQJn0,LOB9f-SQJn0,4,"The sandals appear significantly cleaner and more polished in the after picture compared to the before picture, with a noticeable reduction in dirt and grime.",0.6546
LOB9f-SQJn0,LOB9f-SQJn0,5,The sandals appear significantly cleaner and more polished in the after picture compared to the before picture.,0.6546
LOB9f-SQJn0,LOB9f-SQJn0,6,The sandals appear much cleaner in the after picture compared to the before picture.,0.6546
LOB9f-SQJn0,LOB9f-SQJn0,7,The sandals in the after picture appear significantly cleaner and more vibrant compared to the before picture.,0.6546
LOB9f-SQJn0,LOB9f-SQJn0,8,"The sandals appear significantly cleaner in the after picture compared to the before picture, with noticeable reductions in dirt and grime.",0.6546
LOB9f-SQJn0,LOB9f-SQJn0,9,"The sandals appear significantly cleaner in the after picture, showcasing a noticeable difference in dirt and grime removal.",0.6546
LOB9f-SQJn0,LOB9f-SQJn0,10,"The sandals appear significantly cleaner in the after picture compared to the before picture, with a noticeable reduction in dirt and grime.",0.6546
Loyn1vxCI6E,Loyn1vxCI6E,1,The girl gives the man two bottles of water.,0.5181
Loyn1vxCI6E,Loyn1vxCI6E,2,The girl gives the man two bottles of water.,0.5181
Loyn1vxCI6E,Loyn1vxCI6E,3,The girl gives the man two bottles of water.,0.5181
Loyn1vxCI6E,Loyn1vxCI6E,4,The girl gives the man two bottles of water.,0.5181
Loyn1vxCI6E,Loyn1vxCI6E,5,The girl gives the man two bottles of water.,0.5181
Loyn1vxCI6E,Loyn1vxCI6E,6,The girl gives the man two bottles of water.,0.5181
Loyn1vxCI6E,Loyn1vxCI6E,7,The girl gives the man two bottles of water.,0.5181
Loyn1vxCI6E,Loyn1vxCI6E,8,The girl gives the man two bottles of water.,0.5181
Loyn1vxCI6E,Loyn1vxCI6E,9,The girl gives the man two bottles of water.,0.5181
Loyn1vxCI6E,Loyn1vxCI6E,10,The girl gives the man two bottles of water.,0.5181
LQ8zkNuUREU,LQ8zkNuUREU,1,"The video is demonstrating the process of sewing, where a needle and thread are used to stitch fabric together.",0.5113
LQ8zkNuUREU,LQ8zkNuUREU,2,The video is demonstrating the process of sewing or stitching fabric using a needle and thread.,0.5113
LQ8zkNuUREU,LQ8zkNuUREU,3,The video shows a close-up of a sewing process where a needle and thread are used to stitch fabric.,0.5113
LQ8zkNuUREU,LQ8zkNuUREU,4,The video is showing the process of sewing or stitching fabric using a needle and thread.,0.5113
LQ8zkNuUREU,LQ8zkNuUREU,5,"The video is showing a close-up of a needle and thread being used to sew or stitch fabric, demonstrating a sewing technique.",0.5113
LQ8zkNuUREU,LQ8zkNuUREU,6,"The video demonstrates a sewing technique, likely a basic stitch or pattern being created on fabric using a needle and thread.",0.5113
LQ8zkNuUREU,LQ8zkNuUREU,7,The video is demonstrating the process of sewing or mending fabric using a needle and thread.,0.5113
LQ8zkNuUREU,LQ8zkNuUREU,8,"The video is demonstrating the process of sewing, where a needle and thread are used to stitch fabric together.",0.5113
LQ8zkNuUREU,LQ8zkNuUREU,9,"The video is demonstrating a sewing process, where a needle and thread are used to stitch fabric.",0.5113
LQ8zkNuUREU,LQ8zkNuUREU,10,The video shows the process of sewing or stitching fabric with a needle and thread.,0.5113
LRaDnSW9n6U,LRaDnSW9n6U,1,The video compares different types of hair care products.,0.3973
LRaDnSW9n6U,LRaDnSW9n6U,2,The video compares the efficiency and features of different types of solar panels.,0.3973
LRaDnSW9n6U,LRaDnSW9n6U,3,The video compares different types of food products.,0.3973
LRaDnSW9n6U,LRaDnSW9n6U,4,The video compares the features and benefits of two different types of electric cars.,0.3973
LRaDnSW9n6U,LRaDnSW9n6U,5,The video compares different types of smartphones.,0.3973
LRaDnSW9n6U,LRaDnSW9n6U,6,The video compares the features and performance of two different smartphones.,0.3973
LRaDnSW9n6U,LRaDnSW9n6U,7,The video compares different types of beverages.,0.3973
LRaDnSW9n6U,LRaDnSW9n6U,8,The video compares different types of clothing products.,0.3973
LRaDnSW9n6U,LRaDnSW9n6U,9,The video compares the performance and features of two different smartphones.,0.3973
LRaDnSW9n6U,LRaDnSW9n6U,10,The video compares the performance and features of two different types of smartphones.,0.3973
LSz_xBDBPNc,LSz_xBDBPNc,1,The man instructed his assistant to place the glowing red hot calcium in a mold.,0.4326
LSz_xBDBPNc,LSz_xBDBPNc,2,The man instructed his assistant to quickly place the glowing red hot calcium in a container.,0.4326
LSz_xBDBPNc,LSz_xBDBPNc,3,The man instructed his assistant to keep the piece of calcium glowing red hot for exactly one minute.,0.4326
LSz_xBDBPNc,LSz_xBDBPNc,4,The man told his assistant to remove the piece of calcium and cool it down once it had glowed red hot.,0.4326
LSz_xBDBPNc,LSz_xBDBPNc,5,The man instructed his assistant to put the glowing red hot piece of calcium into the glass jar.,0.4326
LSz_xBDBPNc,LSz_xBDBPNc,6,The man told his assistant to take the glowing piece of calcium and place it in a container with water.,0.4326
LSz_xBDBPNc,LSz_xBDBPNc,7,The man instructed his assistant to pour the glowing red hot calcium into the boiling water.,0.4326
LSz_xBDBPNc,LSz_xBDBPNc,8,"Once the man got the piece of calcium to glow red hot, he told his assistant to add the calcium to a container of water.",0.4326
LSz_xBDBPNc,LSz_xBDBPNc,9,The man instructed his assistant to remove the glowing calcium from the heat source.,0.4326
LSz_xBDBPNc,LSz_xBDBPNc,10,The man instructed his assistant to quickly pour the glowing calcium into the container.,0.4326
LT1xMLzH21o,LT1xMLzH21o,1,The question cannot be answered because the image does not provide any information about the characters or what they are holding.,0.5826
LT1xMLzH21o,LT1xMLzH21o,2,"The characters are holding a banana and a strawberry, which typically taste sweet.",0.5826
LT1xMLzH21o,LT1xMLzH21o,3,The image does not provide enough information to determine the taste of the items the characters are holding.,0.5826
LT1xMLzH21o,LT1xMLzH21o,4,The image does not provide enough information to determine what the characters are holding or what it tastes like.,0.5826
LT1xMLzH21o,LT1xMLzH21o,5,The question is incomplete and does not provide enough context to answer. Could you please provide more details about the characters and the objects they are holding?,0.5826
LT1xMLzH21o,LT1xMLzH21o,6,"The characters are holding a banana and a cup, which are typically known to taste sweet.",0.5826
LT1xMLzH21o,LT1xMLzH21o,7,"The image is incomplete, so it is not possible to determine what the characters are holding or what they taste like.",0.5826
LT1xMLzH21o,LT1xMLzH21o,8,"The characters are holding objects that do not have a taste, as they are not food items.",0.5826
LT1xMLzH21o,LT1xMLzH21o,9,"The characters are holding glasses, and without specific context, it's impossible to determine what they taste like.",0.5826
LT1xMLzH21o,LT1xMLzH21o,10,The question is incomplete and does not provide enough information to answer.,0.5826
Ltv4vx1UOl4,Ltv4vx1UOl4,1,The little boy's face turns red as he realizes he is being recorded.,0.5494
Ltv4vx1UOl4,Ltv4vx1UOl4,2,"The little boy appears to pause and look around, possibly noticing the recording device, before continuing with his activities.",0.5494
Ltv4vx1UOl4,Ltv4vx1UOl4,3,"The little boy appears to pause and then resume talking as if nothing happened, suggesting he was not aware of the recording at first.",0.5494
Ltv4vx1UOl4,Ltv4vx1UOl4,4,The little boy becomes visibly nervous and tries to hide his emotions.,0.5494
Ltv4vx1UOl4,Ltv4vx1UOl4,5,"The little boy becomes self-aware and starts to adjust his behavior, aware of the recording.",0.5494
Ltv4vx1UOl4,Ltv4vx1UOl4,6,"The little boy becomes self-aware and starts to feel uncomfortable, which is why he asks ""What's going on?""",0.5494
Ltv4vx1UOl4,Ltv4vx1UOl4,7,"After the little boy realizes he is being recorded, he stops speaking and looks around, possibly noticing the camera and the presence of an adult or authority figure nearby.",0.5494
Ltv4vx1UOl4,Ltv4vx1UOl4,8,"The little boy stops talking and looks around nervously, realizing he has been caught on camera.",0.5494
Ltv4vx1UOl4,Ltv4vx1UOl4,9,"The little boy is startled and quickly looks around, trying to find out who is recording him, and then hastily stops what he was doing.",0.5494
Ltv4vx1UOl4,Ltv4vx1UOl4,10,"After the little boy realizes he is being recorded, he looks around, likely surprised by the camera's presence.",0.5494
Lua4I9I8nfc,Lua4I9I8nfc,1,The image shows a single bump that the truck is going over.,0.4047
Lua4I9I8nfc,Lua4I9I8nfc,2,The real truck is going over 3 bumps.,0.4047
Lua4I9I8nfc,Lua4I9I8nfc,3,The real truck in the image is going over two bumps.,0.4047
Lua4I9I8nfc,Lua4I9I8nfc,4,The image shows a single bump that the truck is going over.,0.4047
Lua4I9I8nfc,Lua4I9I8nfc,5,The image shows a real truck going over a single bump.,0.4047
Lua4I9I8nfc,Lua4I9I8nfc,6,The real truck is going over 3 bumps in the image.,0.4047
Lua4I9I8nfc,Lua4I9I8nfc,7,The real truck in the image is going over three bumps.,0.4047
Lua4I9I8nfc,Lua4I9I8nfc,8,The real truck in the image is going over 5 bumps.,0.4047
Lua4I9I8nfc,Lua4I9I8nfc,9,The real truck is going over 5 bumps.,0.4047
Lua4I9I8nfc,Lua4I9I8nfc,10,The image shows a single bump that the truck is going over.,0.4047
LusRurRrmf0,LusRurRrmf0,1,There is one face mask visible in the image.,0.2892
LusRurRrmf0,LusRurRrmf0,2,"In the image, there are two face masks visible.",0.2892
LusRurRrmf0,LusRurRrmf0,3,We see one face mask in the picture.,0.2892
LusRurRrmf0,LusRurRrmf0,4,There are two face masks visible in the picture.,0.2892
LusRurRrmf0,LusRurRrmf0,5,There is one face mask visible in the image.,0.2892
LusRurRrmf0,LusRurRrmf0,6,There is one face mask visible in the image.,0.2892
LusRurRrmf0,LusRurRrmf0,7,There is one face mask visible in the picture.,0.2892
LusRurRrmf0,LusRurRrmf0,8,"In the image, there are two face masks visible.",0.2892
LusRurRrmf0,LusRurRrmf0,9,There is one face mask visible in the picture.,0.2892
LusRurRrmf0,LusRurRrmf0,10,There are two face masks visible in the image.,0.2892
LUZHLX2pBdk,LUZHLX2pBdk,1,The man is wearing black pants.,0.3836
LUZHLX2pBdk,LUZHLX2pBdk,2,The man is wearing black pants.,0.3836
LUZHLX2pBdk,LUZHLX2pBdk,3,The man is wearing a pair of black pants.,0.3836
LUZHLX2pBdk,LUZHLX2pBdk,4,The man is wearing a white long-sleeve shirt.,0.3836
LUZHLX2pBdk,LUZHLX2pBdk,5,The man in the image is wearing a pair of blue jeans.,0.3836
LUZHLX2pBdk,LUZHLX2pBdk,6,The man in the picture is wearing a pair of white athletic pants.,0.3836
LUZHLX2pBdk,LUZHLX2pBdk,7,The man in the picture is wearing a white shirt.,0.3836
LUZHLX2pBdk,LUZHLX2pBdk,8,The man is wearing black pants.,0.3836
LUZHLX2pBdk,LUZHLX2pBdk,9,The man in the picture is wearing black pants.,0.3836
LUZHLX2pBdk,LUZHLX2pBdk,10,The man is wearing a black pant.,0.3836
LW3GIJ5BLHc,LW3GIJ5BLHc,1,The first question in this video is about the meaning of life.,1.6336
LW3GIJ5BLHc,LW3GIJ5BLHc,2,What is the first question in this video?,1.6336
LW3GIJ5BLHc,LW3GIJ5BLHc,3,The first question in the video is not provided in the image.,1.6336
LW3GIJ5BLHc,LW3GIJ5BLHc,4,"The first question in the video is ""What is the first question in this video?""",1.6336
LW3GIJ5BLHc,LW3GIJ5BLHc,5,The first question in the video is not provided in the image.,1.6336
LW3GIJ5BLHc,LW3GIJ5BLHc,6,"The first question in the video is ""What is the first question in this video?"".",1.6336
LW3GIJ5BLHc,LW3GIJ5BLHc,7,The first question in the video is not visible as the image only shows a blank space with no text or audio content.,1.6336
LW3GIJ5BLHc,LW3GIJ5BLHc,8,"The first question in the video is ""What is the capital of France?""",1.6336
LW3GIJ5BLHc,LW3GIJ5BLHc,9,"The first question in the video is ""What is the first question in this video?"".",1.6336
LW3GIJ5BLHc,LW3GIJ5BLHc,10,What is the first question in this video?,1.6336
LxZuar32o1o,LxZuar32o1o,1,"The boy begins to spin, and the hula-hoops start to rotate around his waist, creating a dynamic and visually engaging scene.",0.6722
LxZuar32o1o,LxZuar32o1o,2,"After the boy puts two hula-hoops around his waist, he is likely to experience a sense of accomplishment and possibly prepare to perform a trick or dance move, as hula-hooping often involves intricate maneuvers and coordination.",0.6722
LxZuar32o1o,LxZuar32o1o,3,"The boy continues to dance and twirl the hula-hoops around his waist, maintaining a playful and energetic motion.",0.6722
LxZuar32o1o,LxZuar32o1o,4,"The boy continues to spin and dance with the hula-hoops, skillfully maintaining their position around his waist.",0.6722
LxZuar32o1o,LxZuar32o1o,5,"The boy continues to dance joyfully, maintaining the hula-hoops around his waist.",0.6722
LxZuar32o1o,LxZuar32o1o,6,The boy is now encircled by two hula-hoops around his waist.,0.6722
LxZuar32o1o,LxZuar32o1o,7,"The boy begins to spin around, demonstrating his skill and control as he maintains his balance with the two hula-hoops around his waist.",0.6722
LxZuar32o1o,LxZuar32o1o,8,"The boy starts to dance, using his hips to spin the hula-hoops around his waist.",0.6722
LxZuar32o1o,LxZuar32o1o,9,"The boy begins to spin, demonstrating his skill and balance as he maintains the hula-hoops around his waist.",0.6722
LxZuar32o1o,LxZuar32o1o,10,"The boy starts to spin the hula-hoops around his waist, creating a dynamic and entertaining display.",0.6722
LziNpkXGoDE,LziNpkXGoDE,1,"The image appears to be a meme or a humorous situation where one person is kneeling and another is writing on their shirt, possibly as a form of mockery or playful teasing.",0.7561
LziNpkXGoDE,LziNpkXGoDE,2,"The image appears to be a humorous or staged scenario where one man is kneeling in front of another who is writing on his shirt, likely as part of a playful or satirical situation.",0.7561
LziNpkXGoDE,LziNpkXGoDE,3,"The man kneeling is likely participating in a symbolic act of submission or apology, while the other man is writing something on his shirt, possibly as a form of marking or identification.",0.7561
LziNpkXGoDE,LziNpkXGoDE,4,"The image appears to be a manipulated or staged scene, as it is highly unusual and not a common real-life scenario. Without more context, it's impossible to determine the exact reason for the man kneeling in front of another man writing on his shirts.",0.7561
LziNpkXGoDE,LziNpkXGoDE,5,"The image appears to be a staged or artistic representation, possibly symbolizing a form of respect, submission, or a ritual, rather than a literal act.",0.7561
LziNpkXGoDE,LziNpkXGoDE,6,"The image shows a man kneeling in front of another man who is writing on his shirt, possibly as a form of personalization or a creative expression.",0.7561
LziNpkXGoDE,LziNpkXGoDE,7,"The man is kneeling to pay respect or receive a blessing, while the other man is writing a message on his shirt, possibly as a form of communication or identification.",0.7561
LziNpkXGoDE,LziNpkXGoDE,8,"The image appears to be a humorous or staged scene where one man is writing on another's shirt, possibly as part of a joke or a playful interaction.",0.7561
LziNpkXGoDE,LziNpkXGoDE,9,"The image appears to be a meme or humorous scene where one person is humorously presenting or signing the other's shirt, possibly in a playful or formal gesture.",0.7561
LziNpkXGoDE,LziNpkXGoDE,10,"The image appears to be a humorous or staged scenario where one person is writing on the shirt of another person who is kneeling, likely for comedic effect or as part of a performance or art piece.",0.7561
L_QWBOPgucA,L_QWBOPgucA,1,"The man separates the two pieces of black stuff to organize or compare them, possibly for a project or a task requiring distinct items.",0.6722
L_QWBOPgucA,L_QWBOPgucA,2,"The man is likely separating the two pieces of black stuff to examine them more closely or to sort them for a specific purpose, such as cleaning, organizing, or identifying them.",0.6722
L_QWBOPgucA,L_QWBOPgucA,3,The man separates the two pieces of black stuff to examine them more closely or to determine their specific function or composition.,0.6722
L_QWBOPgucA,L_QWBOPgucA,4,"The man separates the two pieces of black material to either clean, inspect, or prepare them for further use or disposal.",0.6722
L_QWBOPgucA,L_QWBOPgucA,5,"The man separates the two pieces of black stuff to examine or sort them, possibly for a specific purpose or to ensure they are distinct entities.",0.6722
L_QWBOPgucA,L_QWBOPgucA,6,The man is likely separating the two pieces of black stuff to clean or inspect them individually.,0.6722
L_QWBOPgucA,L_QWBOPgucA,7,"The man separates the two pieces of black material to examine them individually, possibly for comparison or to assess their different properties or states.",0.6722
L_QWBOPgucA,L_QWBOPgucA,8,The man separates the two pieces of black stuff to better examine or manipulate each piece individually.,0.6722
L_QWBOPgucA,L_QWBOPgucA,9,"The man likely separates the two pieces of black material to inspect or prepare them for a specific purpose, such as cleaning, repairing, or analyzing their condition.",0.6722
L_QWBOPgucA,L_QWBOPgucA,10,The man separates the two pieces of black stuff to demonstrate a point or to prepare for an activity that requires them to be apart.,0.6722
M39nNQb1Nj0,M39nNQb1Nj0,1,"In its first year, the dog learns basic commands, social behaviors, and physical development.",0.6954
M39nNQb1Nj0,M39nNQb1Nj0,2,"In its first year, the dog learns basic commands, socialization, and how to adapt to its environment.",0.6954
M39nNQb1Nj0,M39nNQb1Nj0,3,"In its first year, the dog learns basic obedience commands, socialization with other animals and people, and develops its physical coordination and muscle strength.",0.6954
M39nNQb1Nj0,M39nNQb1Nj0,4,"In its first year, a dog learns basic obedience commands, socialization with other dogs and humans, and develops its physical skills such as running and playing.",0.6954
M39nNQb1Nj0,M39nNQb1Nj0,5,"In its first year, the dog learns basic commands, socialization, and basic obedience to prepare for a life of companionship and responsibility.",0.6954
M39nNQb1Nj0,M39nNQb1Nj0,6,"In its first year, the dog learns basic commands, socialization skills, and begins to develop its full physical and behavioral maturity.",0.6954
M39nNQb1Nj0,M39nNQb1Nj0,7,"In its first year, a dog learns basic commands, social behaviors, and physical coordination.",0.6954
M39nNQb1Nj0,M39nNQb1Nj0,8,"In its first year, a dog learns basic commands, social skills, and basic obedience.",0.6954
M39nNQb1Nj0,M39nNQb1Nj0,9,"In its first year, a dog learns basic commands, develops social skills, and builds foundational physical skills such as running and jumping.",0.6954
M39nNQb1Nj0,M39nNQb1Nj0,10,"In its first year, the dog learns basic obedience commands, socialization with other dogs and humans, and develops fundamental skills like house training and leash walking.",0.6954
M57Mawo4W-Y,M57Mawo4W-Y,1,There is no evidence to suggest that towels can help people get taller.,0.7324
M57Mawo4W-Y,M57Mawo4W-Y,2,The image does not provide information about towels or their use in helping people get taller.,0.7324
M57Mawo4W-Y,M57Mawo4W-Y,3,No towels are used to help people get taller.,0.7324
M57Mawo4W-Y,M57Mawo4W-Y,4,No towels are used to help people get taller.,0.7324
M57Mawo4W-Y,M57Mawo4W-Y,5,There are no towels used to help people get taller.,0.7324
M57Mawo4W-Y,M57Mawo4W-Y,6,There are no towels used to help people get taller; it is a myth and not a real method.,0.7324
M57Mawo4W-Y,M57Mawo4W-Y,7,None.,0.7324
M57Mawo4W-Y,M57Mawo4W-Y,8,No towels are used to help people get taller.,0.7324
M57Mawo4W-Y,M57Mawo4W-Y,9,There is no information in the image to determine how many towels are used to help people get taller.,0.7324
M57Mawo4W-Y,M57Mawo4W-Y,10,"The image provided does not contain any information about towels or how they can be used to help people get taller. Therefore, it is not possible to answer the question based on the image.",0.7324
M5X27rRGGHU,M5X27rRGGHU,1,The instrument being played in the video is a violin.,0.2983
M5X27rRGGHU,M5X27rRGGHU,2,The video shows a person playing the piano.,0.2983
M5X27rRGGHU,M5X27rRGGHU,3,The video features a violin being played.,0.2983
M5X27rRGGHU,M5X27rRGGHU,4,The instrument being played in the video is a guitar.,0.2983
M5X27rRGGHU,M5X27rRGGHU,5,The video features a person playing the guitar.,0.2983
M5X27rRGGHU,M5X27rRGGHU,6,The video features a person playing the piano.,0.2983
M5X27rRGGHU,M5X27rRGGHU,7,The instrument being played during this video is the violin.,0.2983
M5X27rRGGHU,M5X27rRGGHU,8,The instrument being played in the video is a violin.,0.2983
M5X27rRGGHU,M5X27rRGGHU,9,The instrument being played in the video is a guitar.,0.2983
M5X27rRGGHU,M5X27rRGGHU,10,The video shows a person playing a flute.,0.2983
M6cWJmBBhnI,M6cWJmBBhnI,1,The man is operating a combine harvester to harvest crops in a field.,0.8394
M6cWJmBBhnI,M6cWJmBBhnI,2,The man is operating a combine harvester in a crop field to collect and process the crop.,0.8394
M6cWJmBBhnI,M6cWJmBBhnI,3,"The man is operating a combine harvester in a crop field, using a spinner to assist in the harvesting process.",0.8394
M6cWJmBBhnI,M6cWJmBBhnI,4,"The man is operating a combine while driving through a crop field, utilizing a spinner to help gather the harvested crop efficiently.",0.8394
M6cWJmBBhnI,M6cWJmBBhnI,5,The man is operating a combine to harvest crops in a field while using a spinner for additional functions or attachments.,0.8394
M6cWJmBBhnI,M6cWJmBBhnI,6,"The man is operating a combine to harvest crops while a spinner is attached, likely to clear the path or assist with the harvesting process.",0.8394
M6cWJmBBhnI,M6cWJmBBhnI,7,"The man is driving a combine through a crop field, using a spinner to collect and process the harvested crops.",0.8394
M6cWJmBBhnI,M6cWJmBBhnI,8,The man is operating a combine to harvest crops in a field using a spinner to collect and process the harvested material.,0.8394
M6cWJmBBhnI,M6cWJmBBhnI,9,"The man is operating a combine, a large agricultural machine, to harvest crops in a field.",0.8394
M6cWJmBBhnI,M6cWJmBBhnI,10,"The man is operating a combine harvester in a crop field, using a spinner to collect and process the harvested crop.",0.8394
M76Yl8Oor8Y,M76Yl8Oor8Y,1,There are two men hugging in the video.,0.6407
M76Yl8Oor8Y,M76Yl8Oor8Y,2,There are two men hugging in the video.,0.6407
M76Yl8Oor8Y,M76Yl8Oor8Y,3,There are two men hugging in the video.,0.6407
M76Yl8Oor8Y,M76Yl8Oor8Y,4,There are two men hugging in the video.,0.6407
M76Yl8Oor8Y,M76Yl8Oor8Y,5,There are two men hugging in the video.,0.6407
M76Yl8Oor8Y,M76Yl8Oor8Y,6,Two men are hugging in the video.,0.6407
M76Yl8Oor8Y,M76Yl8Oor8Y,7,There are two men hugging in the video.,0.6407
M76Yl8Oor8Y,M76Yl8Oor8Y,8,Two men are hugging in the video.,0.6407
M76Yl8Oor8Y,M76Yl8Oor8Y,9,There are two men hugging in the video.,0.6407
M76Yl8Oor8Y,M76Yl8Oor8Y,10,Two men are hugging in the video.,0.6407
MA173ZVzSXc,MA173ZVzSXc,1,"The image does not provide specific details about the number of shelves or the capacity of the shelves for storing sneakers. Therefore, it is not possible to accurately determine how many pairs of sneakers can be stored based on the given image.",0.6765
MA173ZVzSXc,MA173ZVzSXc,2,There are 8 pairs of sneakers stored on the shelves behind the narrator.,0.6765
MA173ZVzSXc,MA173ZVzSXc,3,There are 30 pairs of sneakers stored in the shelves behind the narrator.,0.6765
MA173ZVzSXc,MA173ZVzSXc,4,The shelves behind the narrator can store up to 40 pairs of sneakers.,0.6765
MA173ZVzSXc,MA173ZVzSXc,5,There are 10 pairs of sneakers visible on the shelves behind the narrator.,0.6765
MA173ZVzSXc,MA173ZVzSXc,6,"The image shows two shelves, and each shelf can hold two pairs of sneakers, totaling four pairs.",0.6765
MA173ZVzSXc,MA173ZVzSXc,7,The image does not provide enough information to determine the number of pairs of sneakers that can be stored in the shelves behind the narrator.,0.6765
MA173ZVzSXc,MA173ZVzSXc,8,The shelves behind the narrator can store a maximum of six pairs of sneakers.,0.6765
MA173ZVzSXc,MA173ZVzSXc,9,The shelves behind the narrator can store 12 pairs of sneakers.,0.6765
MA173ZVzSXc,MA173ZVzSXc,10,The image does not provide enough information to determine the exact number of pairs of sneakers that can be stored in the shelves behind the narrator.,0.6765
MCWKUjMdpF4,MCWKUjMdpF4,1,"One of the labels given to this young man in the video is ""narcissistic.""",0.4351
MCWKUjMdpF4,MCWKUjMdpF4,2,"The young man in the video is labeled as ""Boy.""",0.4351
MCWKUjMdpF4,MCWKUjMdpF4,3,"One of the labels given to the young man in the video is ""Gamer.""",0.4351
MCWKUjMdpF4,MCWKUjMdpF4,4,"The young man in the video is labeled as ""Rapper.""",0.4351
MCWKUjMdpF4,MCWKUjMdpF4,5,"One of the labels given to this young man in the video is ""young man.""",0.4351
MCWKUjMdpF4,MCWKUjMdpF4,6,"The young man in the video is labeled as ""person.""",0.4351
MCWKUjMdpF4,MCWKUjMdpF4,7,"One of the labels given to the young man in the video is ""student.""",0.4351
MCWKUjMdpF4,MCWKUjMdpF4,8,"One of the labels given to this young man in the video is ""teenager.""",0.4351
MCWKUjMdpF4,MCWKUjMdpF4,9,"One of the labels given to the young man in the video is ""teenager.""",0.4351
MCWKUjMdpF4,MCWKUjMdpF4,10,"One of the labels given to this young man in the video is ""Teenager.""",0.4351
MdCT-ky8_FM,MdCT-ky8_FM,1,"The video appears to be about a person preparing food, likely for a meal or snack, in a kitchen setting.",0.9099
MdCT-ky8_FM,MdCT-ky8_FM,2,"The video mainly features a scene from the movie ""The Shining,"" showcasing a character in a dark, eerie setting.",0.9099
MdCT-ky8_FM,MdCT-ky8_FM,3,The video appears to be about a person performing a dance or a series of movements in front of a red background.,0.9099
MdCT-ky8_FM,MdCT-ky8_FM,4,"The video appears to be a tutorial or demonstration, possibly related to a technical or educational topic, as it features a person holding a pen and a screen with text or a diagram that suggests a step-by-step explanation or instruction.",0.9099
MdCT-ky8_FM,MdCT-ky8_FM,5,"The video is about a person performing a task that involves placing or moving an object, possibly in a workspace or laboratory setting.",0.9099
MdCT-ky8_FM,MdCT-ky8_FM,6,The video is about a person singing and dancing to a song.,0.9099
MdCT-ky8_FM,MdCT-ky8_FM,7,The video is about a person making a colorful drawing or painting on a white surface using a brush.,0.9099
MdCT-ky8_FM,MdCT-ky8_FM,8,"The video is about a person giving a presentation or lecture in front of an audience, with a focus on the speaker and their interaction with the audience.",0.9099
MdCT-ky8_FM,MdCT-ky8_FM,9,"The video appears to be about a person standing in front of a pink and blue background, possibly for a casual or artistic presentation.",0.9099
MdCT-ky8_FM,MdCT-ky8_FM,10,The video is about a young man performing a dance routine in a brightly lit studio.,0.9099
MdMKHhFFqJQ,MdMKHhFFqJQ,1,The instrument heard in the video is a guitar.,0.627
MdMKHhFFqJQ,MdMKHhFFqJQ,2,The instrument heard in the video is a guitar.,0.627
MdMKHhFFqJQ,MdMKHhFFqJQ,3,A piano is heard during the video.,0.627
MdMKHhFFqJQ,MdMKHhFFqJQ,4,A flute is heard during this video.,0.627
MdMKHhFFqJQ,MdMKHhFFqJQ,5,The video features the sound of a harp.,0.627
MdMKHhFFqJQ,MdMKHhFFqJQ,6,The video features a string instrument playing a melody.,0.627
MdMKHhFFqJQ,MdMKHhFFqJQ,7,A string instrument is heard during this video.,0.627
MdMKHhFFqJQ,MdMKHhFFqJQ,8,A piano is heard during this video.,0.627
MdMKHhFFqJQ,MdMKHhFFqJQ,9,The instrument heard during this video is a guitar.,0.627
MdMKHhFFqJQ,MdMKHhFFqJQ,10,The instrument heard during the video is a piano.,0.627
MeUXjKoEoMs,MeUXjKoEoMs,1,"The last spoken word in the video is ""goodbye.""",0.4131
MeUXjKoEoMs,MeUXjKoEoMs,2,"The last spoken word in the video is ""so.""",0.4131
MeUXjKoEoMs,MeUXjKoEoMs,3,"The last spoken word in the video is ""hello"".",0.4131
MeUXjKoEoMs,MeUXjKoEoMs,4,"The last spoken word in the video is ""goodbye"".",0.4131
MeUXjKoEoMs,MeUXjKoEoMs,5,"The last spoken word in this video is ""love.""",0.4131
MeUXjKoEoMs,MeUXjKoEoMs,6,"The last spoken word in the video is ""Bye.""",0.4131
MeUXjKoEoMs,MeUXjKoEoMs,7,"The last spoken word in this video is ""love"".",0.4131
MeUXjKoEoMs,MeUXjKoEoMs,8,"The last spoken word in the video is ""thank"".",0.4131
MeUXjKoEoMs,MeUXjKoEoMs,9,"The last spoken word in the video is ""goodnight.""",0.4131
MeUXjKoEoMs,MeUXjKoEoMs,10,"The last spoken word in the video is ""the.""",0.4131
Mf0sSHQNBIM,Mf0sSHQNBIM,1,"The man in the video is standing in front of a window with his arms crossed, looking out.",0.3808
Mf0sSHQNBIM,Mf0sSHQNBIM,2,The man is walking through a field of tall grass.,0.3808
Mf0sSHQNBIM,Mf0sSHQNBIM,3,The man is standing and appears to be looking at something off-camera.,0.3808
Mf0sSHQNBIM,Mf0sSHQNBIM,4,The man is sitting and looking at a phone.,0.3808
Mf0sSHQNBIM,Mf0sSHQNBIM,5,The man in the video appears to be walking or moving forward.,0.3808
Mf0sSHQNBIM,Mf0sSHQNBIM,6,The man is holding a microphone and appears to be speaking or singing into it.,0.3808
Mf0sSHQNBIM,Mf0sSHQNBIM,7,The man is standing and facing the camera in a video that appears to be a standard portrait shot.,0.3808
Mf0sSHQNBIM,Mf0sSHQNBIM,8,"The man is standing in a kitchen, holding a knife and appears to be preparing food.",0.3808
Mf0sSHQNBIM,Mf0sSHQNBIM,9,The man is riding a bicycle.,0.3808
Mf0sSHQNBIM,Mf0sSHQNBIM,10,The man in the video is standing and looking to the side with a thoughtful expression.,0.3808
MGP3HAlVhDY,MGP3HAlVhDY,1,"The person is wearing a jacket, which is a common way to stay warm when feeling cold.",0.7097
MGP3HAlVhDY,MGP3HAlVhDY,2,The presence of a jacket suggests that the unseen person may be cold.,0.7097
MGP3HAlVhDY,MGP3HAlVhDY,3,The question cannot be answered as there is no image or context provided to indicate what clues the unseen person might have to suggest they are cold.,0.7097
MGP3HAlVhDY,MGP3HAlVhDY,4,"The person is wearing a coat, which is typically worn to keep warm, indicating they might be cold.",0.7097
MGP3HAlVhDY,MGP3HAlVhDY,5,"The person in the image is wearing a jacket, which suggests they might be cold.",0.7097
MGP3HAlVhDY,MGP3HAlVhDY,6,The presence of a scarf or a warm jacket in the background suggests that the unseen person might be cold.,0.7097
MGP3HAlVhDY,MGP3HAlVhDY,7,"The person in the image is wearing a coat, which is a common sign that someone is cold.",0.7097
MGP3HAlVhDY,MGP3HAlVhDY,8,"The person in the image appears to be wearing a jacket, which is a common sign that someone is trying to keep warm, indicating they might be cold.",0.7097
MGP3HAlVhDY,MGP3HAlVhDY,9,"The person is wearing a heavy jacket and has their hands in their pockets, which are common signs of someone trying to keep warm.",0.7097
MGP3HAlVhDY,MGP3HAlVhDY,10,"The question seems to be incomplete as it does not provide enough context or details about the unseen person. However, if the person is wearing a coat or has their arms crossed, it could be a clue that they might be cold.",0.7097
MGrxiff_3Jc,MGrxiff_3Jc,1,The woman is sitting on a bench outside on a sunny day.,0.5952
MGrxiff_3Jc,MGrxiff_3Jc,2,"A woman is standing outside on a sunny day, possibly enjoying the weather or engaging in an outdoor activity.",0.5952
MGrxiff_3Jc,MGrxiff_3Jc,3,"A woman is enjoying a sunny day outside, possibly engaging in outdoor activities or simply basking in the warmth and light.",0.5952
MGrxiff_3Jc,MGrxiff_3Jc,4,"The woman is sitting on a bench, enjoying a sunny day outdoors.",0.5952
MGrxiff_3Jc,MGrxiff_3Jc,5,A woman is walking her dog outside on a sunny day.,0.5952
MGrxiff_3Jc,MGrxiff_3Jc,6,"A woman is sitting outside on a sunny day, possibly enjoying the weather.",0.5952
MGrxiff_3Jc,MGrxiff_3Jc,7,The woman is sitting on a bench outside on a sunny day.,0.5952
MGrxiff_3Jc,MGrxiff_3Jc,8,The woman is standing outside on a sunny day.,0.5952
MGrxiff_3Jc,MGrxiff_3Jc,9,A woman is sitting outside on a sunny day.,0.5952
MGrxiff_3Jc,MGrxiff_3Jc,10,A woman is sitting on a bench outside on a sunny day.,0.5952
MgsGBZrPtLw,MgsGBZrPtLw,1,"The video shows a person wearing a white shirt with a black design on the back, standing against a white background.",0.6265
MgsGBZrPtLw,MgsGBZrPtLw,2,"The video shows a close-up of a flower with a green stem and leaves, possibly in a garden or natural setting.",0.6265
MgsGBZrPtLw,MgsGBZrPtLw,3,"The video appears to show a still image of a computer screen displaying a text editor with some text visible, indicating that no active video content is being shown.",0.6265
MgsGBZrPtLw,MgsGBZrPtLw,4,"The video shows a close-up of a person's hand holding a spoon filled with a white substance, likely ice cream, with a blurred background.",0.6265
MgsGBZrPtLw,MgsGBZrPtLw,5,"The video shows a static image of a question mark, indicating an unclear or unanswered scenario.",0.6265
MgsGBZrPtLw,MgsGBZrPtLw,6,"The video shows a close-up of a person's hand holding a small, dark object, possibly a piece of jewelry or a tool, with a background that appears to be indoors.",0.6265
MgsGBZrPtLw,MgsGBZrPtLw,7,"The video shows a blank white screen, indicating that there may be no content being displayed or that the video is paused.",0.6265
MgsGBZrPtLw,MgsGBZrPtLw,8,"The video shows a person sitting in a chair with their arms crossed, looking at the camera.",0.6265
MgsGBZrPtLw,MgsGBZrPtLw,9,The video shows a single black frame with no visible content or activity.,0.6265
MgsGBZrPtLw,MgsGBZrPtLw,10,The video shows a simple animation of a circle with a blue color.,0.6265
Mi-NpnCBegw,Mi-NpnCBegw,1,"The actor demonstrates ""utter"" as the last synonym of ""say"".",1.0105
Mi-NpnCBegw,Mi-NpnCBegw,2,"The actor demonstrates the word ""utter"" as the last synonym of ""say"".",1.0105
Mi-NpnCBegw,Mi-NpnCBegw,3,"The actor demonstrates the word ""utter"" as the last synonym of ""say"".",1.0105
Mi-NpnCBegw,Mi-NpnCBegw,4,"The actor demonstrates ""utter"" as the last synonym of ""say"".",1.0105
Mi-NpnCBegw,Mi-NpnCBegw,5,"The actor demonstrates the word ""utter"" as the last synonym of ""say.""",1.0105
Mi-NpnCBegw,Mi-NpnCBegw,6,"The actor demonstrates the word ""utter"" as the last synonym of ""say"".",1.0105
Mi-NpnCBegw,Mi-NpnCBegw,7,"The actor demonstrates ""declare"" as the last synonym of ""say"".",1.0105
Mi-NpnCBegw,Mi-NpnCBegw,8,"The actor demonstrates the word ""utter"" as the last synonym of ""say"".",1.0105
Mi-NpnCBegw,Mi-NpnCBegw,9,"The actor demonstrates the word ""utter"" as the last synonym of ""say.""",1.0105
Mi-NpnCBegw,Mi-NpnCBegw,10,"The actor demonstrates the word ""utter"" as the last synonym of ""say"".",1.0105
Mj3kccs07fg,Mj3kccs07fg,1,There are three different dishes on the table.,0.3138
Mj3kccs07fg,Mj3kccs07fg,2,There are three different dishes on the table.,0.3138
Mj3kccs07fg,Mj3kccs07fg,3,There are three different dishes on the table.,0.3138
Mj3kccs07fg,Mj3kccs07fg,4,There are three different dishes on the table.,0.3138
Mj3kccs07fg,Mj3kccs07fg,5,There are three different dishes on the table.,0.3138
Mj3kccs07fg,Mj3kccs07fg,6,There are two different dishes on the table.,0.3138
Mj3kccs07fg,Mj3kccs07fg,7,There are four different dishes on the table.,0.3138
Mj3kccs07fg,Mj3kccs07fg,8,There are three different dishes on the table.,0.3138
Mj3kccs07fg,Mj3kccs07fg,9,There are four different dishes on the table.,0.3138
Mj3kccs07fg,Mj3kccs07fg,10,There are two different dishes on the table.,0.3138
MjV1CZxCOeE,MjV1CZxCOeE,1,"The young lady in the video appears to be dancing and moving rhythmically, possibly to music, as the video progresses.",0.8782
MjV1CZxCOeE,MjV1CZxCOeE,2,The young lady's hair changes color as the video progresses.,0.8782
MjV1CZxCOeE,MjV1CZxCOeE,3,"The young lady in the video continues to dance, showcasing her energetic and graceful movements.",0.8782
MjV1CZxCOeE,MjV1CZxCOeE,4,"The young lady in the video appears to be engaged in a conversation, her expressions and gestures suggesting a dynamic interaction with someone off-camera.",0.8782
MjV1CZxCOeE,MjV1CZxCOeE,5,"The young lady in the video appears to be moving through a sequence of frames, suggesting she is walking or transitioning from one location to another.",0.8782
MjV1CZxCOeE,MjV1CZxCOeE,6,"The young lady continues to play the guitar throughout the video, her movements becoming more fluid and her expression more focused as the performance progresses.",0.8782
MjV1CZxCOeE,MjV1CZxCOeE,7,The young lady is seen dancing and moving gracefully throughout the video.,0.8782
MjV1CZxCOeE,MjV1CZxCOeE,8,"The young lady in the video progresses by moving from one location to another, possibly exploring or traveling through different settings.",0.8782
MjV1CZxCOeE,MjV1CZxCOeE,9,The young lady in the video becomes more visible and her presence becomes a central focus as the video progresses.,0.8782
MjV1CZxCOeE,MjV1CZxCOeE,10,The young lady appears to be moving closer to the camera as the video progresses.,0.8782
MLJ0wxf_cmw,MLJ0wxf_cmw,1,"The person is performing a backflip, which involves a series of movements including a jump, a rotation in the air, and a landing.",0.6701
MLJ0wxf_cmw,MLJ0wxf_cmw,2,"The person is performing a backflip, which involves rotating their body backward in a circular motion, typically while airborne, to land on their feet.",0.6701
MLJ0wxf_cmw,MLJ0wxf_cmw,3,"The person is performing a backflip off a ramp, which involves a series of movements including a jump, a twist, and a landing.",0.6701
MLJ0wxf_cmw,MLJ0wxf_cmw,4,"The person is performing a backflip off the ramp, which involves a series of coordinated movements including extending the arms, rotating the body, and landing safely.",0.6701
MLJ0wxf_cmw,MLJ0wxf_cmw,5,"The person is likely performing a backflip, which involves rotating backward in the air, with their body flipping over a vertical axis to land on their feet.",0.6701
MLJ0wxf_cmw,MLJ0wxf_cmw,6,"The person is performing a backflip, which involves rotating backward in the air, typically as part of a gymnastics or parkour routine.",0.6701
MLJ0wxf_cmw,MLJ0wxf_cmw,7,"The person in the image appears to be performing a backflip off a ramp, likely in a gymnastics or parkour setting, and their body is in mid-flip, demonstrating the dynamic movement and control required for such a maneuver.",0.6701
MLJ0wxf_cmw,MLJ0wxf_cmw,8,"The person is performing a backflip off the ramp, which involves a series of rapid movements and rotations in the air.",0.6701
MLJ0wxf_cmw,MLJ0wxf_cmw,9,"The person is performing a backflip, which involves rotating their body backward while in the air, typically using their arms to help with the rotation.",0.6701
MLJ0wxf_cmw,MLJ0wxf_cmw,10,"The person is performing a backflip off the ramp, which involves a series of movements including a jump, a flip in the air, and a landing.",0.6701
MM19feoJGmM,MM19feoJGmM,1,"After using a knife to cut the walnut, a nutcracker is typically used to crack open the shell.",0.6708
MM19feoJGmM,MM19feoJGmM,2,"After using a knife, a nutcracker is typically used to crack open a walnut.",0.6708
MM19feoJGmM,MM19feoJGmM,3,"After using a knife to cut the walnut, a nutcracker is typically used to crack open the shell.",0.6708
MM19feoJGmM,MM19feoJGmM,4,"After using a knife, a nutcracker or a hammer with a nutcracker is used on the walnut.",0.6708
MM19feoJGmM,MM19feoJGmM,5,"After using a knife, a nutcracker is typically used to crack open the walnut.",0.6708
MM19feoJGmM,MM19feoJGmM,6,"After using a knife to cut a walnut, a nutcracker is typically used to crack open the shell.",0.6708
MM19feoJGmM,MM19feoJGmM,7,"After using a knife, a nutcracker is typically used to crack open a walnut.",0.6708
MM19feoJGmM,MM19feoJGmM,8,"After using a knife, a nutcracker or a mallet might be used to crack open the walnut.",0.6708
MM19feoJGmM,MM19feoJGmM,9,"After using a knife, a nutcracker is typically used on a walnut.",0.6708
MM19feoJGmM,MM19feoJGmM,10,"After using a knife, a nutcracker is typically used to crack open a walnut.",0.6708
MnNCjbPsiek,MnNCjbPsiek,1,The card thrower appears to be attempting to throw a playing card as far as possible.,0.5345
MnNCjbPsiek,MnNCjbPsiek,2,The card thrower is attempting to throw a card towards a target or another player in a card game.,0.5345
MnNCjbPsiek,MnNCjbPsiek,3,"The card thrower appears to be attempting to throw a card with their right hand, likely aiming to land it in a specific position or target.",0.5345
MnNCjbPsiek,MnNCjbPsiek,4,"The card thrower is attempting to launch a card into the air, likely aiming for a specific target or distance.",0.5345
MnNCjbPsiek,MnNCjbPsiek,5,"The card thrower is attempting to throw a card into a target or onto a surface, likely as part of a game or activity.",0.5345
MnNCjbPsiek,MnNCjbPsiek,6,The card thrower is attempting to throw the cards as far as possible in a game of card juggling or a similar activity.,0.5345
MnNCjbPsiek,MnNCjbPsiek,7,The card thrower is attempting to throw a card into the air.,0.5345
MnNCjbPsiek,MnNCjbPsiek,8,"The card thrower appears to be attempting to throw a playing card with a specific pattern or design, possibly for a game or trick.",0.5345
MnNCjbPsiek,MnNCjbPsiek,9,"The card thrower is attempting to throw a card in a game, likely with the intent to score or achieve a specific outcome.",0.5345
MnNCjbPsiek,MnNCjbPsiek,10,"The card thrower appears to be aiming for a target, likely as part of a game or activity.",0.5345
MphrquLK8gc,MphrquLK8gc,1,The video teaches the basics of digital electronics and circuit design.,0.595
MphrquLK8gc,MphrquLK8gc,2,This video teaches the basics of using a specific software or tool for digital content creation.,0.595
MphrquLK8gc,MphrquLK8gc,3,"This video teaches the basics of using a sewing machine, including how to thread it and perform a basic stitch.",0.595
MphrquLK8gc,MphrquLK8gc,4,"This video teaches the basics of coding and computer programming, likely focusing on a specific programming language or framework.",0.595
MphrquLK8gc,MphrquLK8gc,5,"The video teaches the viewer about the basic principles of a specific topic, which appears to be related to the sequence of numbers 2, 3, 4, and 5.",0.595
MphrquLK8gc,MphrquLK8gc,6,"This video teaches the basics of how to tie a knot, likely focusing on a specific type of knot suitable for various uses such as in fishing or general tying tasks.",0.595
MphrquLK8gc,MphrquLK8gc,7,"This video teaches the basics of a programming language or software development concept, specifically related to a specific framework or technology.",0.595
MphrquLK8gc,MphrquLK8gc,8,The video teaches the basics of setting up and using a camera for video recording.,0.595
MphrquLK8gc,MphrquLK8gc,9,The video teaches a lesson on the importance of recycling and the impact it has on the environment.,0.595
MphrquLK8gc,MphrquLK8gc,10,This video teaches the viewer how to perform a specific task or skill.,0.595
MQg3_AIydkw,MQg3_AIydkw,1,"The video shows a static image of a cartoon character, so there is no sound heard during this video.",0.5187
MQg3_AIydkw,MQg3_AIydkw,2,The video contains the sound of a bird chirping.,0.5187
MQg3_AIydkw,MQg3_AIydkw,3,"The video does not contain any audio, so no sound is heard.",0.5187
MQg3_AIydkw,MQg3_AIydkw,4,"The video does not contain any audio, so no sound is heard.",0.5187
MQg3_AIydkw,MQg3_AIydkw,5,The video does not provide any audio information.,0.5187
MQg3_AIydkw,MQg3_AIydkw,6,The video contains no sound.,0.5187
MQg3_AIydkw,MQg3_AIydkw,7,The video features the sound of a harmonica being played.,0.5187
MQg3_AIydkw,MQg3_AIydkw,8,The video does not contain any sound.,0.5187
MQg3_AIydkw,MQg3_AIydkw,9,"The video features the sound of a person speaking, which is a mix of vowels and consonants.",0.5187
MQg3_AIydkw,MQg3_AIydkw,10,"The video does not provide any audio content, so no sound is heard during this video.",0.5187
MQlY_bh3Hkk,MQlY_bh3Hkk,1,"The young man may intervene to stop the beating, potentially resulting in a confrontation or a need for intervention from authorities to ensure the boy's safety.",0.6146
MQlY_bh3Hkk,MQlY_bh3Hkk,2,"When a young man comes to aid of a boy being beaten up, he typically intervenes to stop the assault and ensure the boy's safety.",0.6146
MQlY_bh3Hkk,MQlY_bh3Hkk,3,"The young man intervenes to stop the beating, potentially leading to a physical altercation or a resolution that ensures the boy's safety.",0.6146
MQlY_bh3Hkk,MQlY_bh3Hkk,4,"The young man intervenes to protect the boy, possibly leading to a confrontation or conflict.",0.6146
MQlY_bh3Hkk,MQlY_bh3Hkk,5,The young man intervenes to stop the beating and may try to protect or assist the boy.,0.6146
MQlY_bh3Hkk,MQlY_bh3Hkk,6,"When a young man comes to the aid of a boy being beaten up, he typically intervenes to stop the assault and may also help the boy to safety, depending on the situation and his capabilities.",0.6146
MQlY_bh3Hkk,MQlY_bh3Hkk,7,"The young man intervenes to stop the boy from being beaten up, potentially risking his own safety in the process.",0.6146
MQlY_bh3Hkk,MQlY_bh3Hkk,8,"The young man intervenes to stop the boy from being beaten up, typically by confronting the aggressor and attempting to calm the situation or physically restraining the attacker to protect the boy.",0.6146
MQlY_bh3Hkk,MQlY_bh3Hkk,9,"When a young man comes to the aid of a boy being beaten up, he typically intervenes to stop the abuse and protect the boy, often resulting in a confrontation with the aggressors.",0.6146
MQlY_bh3Hkk,MQlY_bh3Hkk,10,"The young man intervenes to stop the boy from being beaten up, likely by physical intervention or by calling for help.",0.6146
Mr5ajtVsATc,Mr5ajtVsATc,1,One scoop of food is taken out of the pot.,0.7074
Mr5ajtVsATc,Mr5ajtVsATc,2,One scoop of food is taken out of the pot.,0.7074
Mr5ajtVsATc,Mr5ajtVsATc,3,The image does not provide enough information to determine how many scoops of food have been taken out of the pot.,0.7074
Mr5ajtVsATc,Mr5ajtVsATc,4,Two scoops of food are taken out of the pot.,0.7074
Mr5ajtVsATc,Mr5ajtVsATc,5,One scoop of food is taken out of the pot.,0.7074
Mr5ajtVsATc,Mr5ajtVsATc,6,"The image shows a pot with a spoon, but the number of scoops taken out cannot be determined as the image does not provide a count.",0.7074
Mr5ajtVsATc,Mr5ajtVsATc,7,The image shows one scoop of food being taken out of the pot.,0.7074
Mr5ajtVsATc,Mr5ajtVsATc,8,One scoop of food is taken out of the pot.,0.7074
Mr5ajtVsATc,Mr5ajtVsATc,9,One scoop of food is taken out of the pot.,0.7074
Mr5ajtVsATc,Mr5ajtVsATc,10,The image shows a pot with three scoops of food taken out.,0.7074
MRBm4oGh6Xk,MRBm4oGh6Xk,1,"The cyclist may have crashed with the car due to a lack of visibility, a sudden stop, or a failure to yield the right of way.",0.754
MRBm4oGh6Xk,MRBm4oGh6Xk,2,"The cyclist may have crashed with the car due to a lack of proper visibility or communication, or possibly because the cyclist failed to yield the right of way, leading to an unexpected collision.",0.754
MRBm4oGh6Xk,MRBm4oGh6Xk,3,"The cyclist may have crashed with the car due to a lack of visibility, a sudden stop or turn by the car, or a misjudgment of the cyclist's speed or distance.",0.754
MRBm4oGh6Xk,MRBm4oGh6Xk,4,"The cyclist may have crashed with the car due to factors such as the cyclist's speed, visibility, or the driver's actions, but without more context, it's not possible to determine the exact cause.",0.754
MRBm4oGh6Xk,MRBm4oGh6Xk,5,"The cyclist crashed with the car due to a sudden and unexpected action, likely involving a misjudgment of speed or a collision at an intersection.",0.754
MRBm4oGh6Xk,MRBm4oGh6Xk,6,"The cyclist may have crashed with the car due to a misjudgment of the speed or distance, or a sudden change in traffic conditions that the cyclist did not anticipate.",0.754
MRBm4oGh6Xk,MRBm4oGh6Xk,7,"The cyclist crashed with the car due to a collision at an intersection where the cyclist was not following traffic rules, such as yielding the right-of-way to vehicles turning or failing to stop at a stop sign.",0.754
MRBm4oGh6Xk,MRBm4oGh6Xk,8,"The cyclist may have crashed due to a lack of visibility, misjudgment of the car's speed, or an unexpected move by the car.",0.754
MRBm4oGh6Xk,MRBm4oGh6Xk,9,"The cyclist may have crashed with the car due to a lack of proper road awareness, failure to yield, or a sudden change in traffic conditions.",0.754
MRBm4oGh6Xk,MRBm4oGh6Xk,10,"The cyclist may have crashed with the car due to factors such as road conditions, traffic violations, or sudden changes in direction, which are not visible in the image and would require more context to determine.",0.754
MRMbXhOIFJM,MRMbXhOIFJM,1,The woman polishes her left nail in the video.,0.3996
MRMbXhOIFJM,MRMbXhOIFJM,2,The woman in the video is seen polishing her toenail.,0.3996
MRMbXhOIFJM,MRMbXhOIFJM,3,The woman is shown polishing her left pinky nail.,0.3996
MRMbXhOIFJM,MRMbXhOIFJM,4,The woman polishes her fingernail in the video.,0.3996
MRMbXhOIFJM,MRMbXhOIFJM,5,The woman polishes her right nail in the video.,0.3996
MRMbXhOIFJM,MRMbXhOIFJM,6,The woman is seen polishing her fingernails in the video.,0.3996
MRMbXhOIFJM,MRMbXhOIFJM,7,The woman is shown polishing her toenails in the video.,0.3996
MRMbXhOIFJM,MRMbXhOIFJM,8,The woman is seen polishing her right nail in the video.,0.3996
MRMbXhOIFJM,MRMbXhOIFJM,9,The woman is shown polishing her fingernails in the video.,0.3996
MRMbXhOIFJM,MRMbXhOIFJM,10,The woman polishes her left nail in the video.,0.3996
MS3Ybxlb2LQ,MS3Ybxlb2LQ,1,"After the man drives the screw with an electric tool to attach a hinge to a door, he may need to check the alignment and adjust the hinge if necessary to ensure proper functioning.",0.8464
MS3Ybxlb2LQ,MS3Ybxlb2LQ,2,"After using an electric tool to drive a screw, the man attaches a hinge to the door, securing it in place.",0.8464
MS3Ybxlb2LQ,MS3Ybxlb2LQ,3,"The door is securely attached with the hinge in place, allowing for the door to open and close properly.",0.8464
MS3Ybxlb2LQ,MS3Ybxlb2LQ,4,"After using an electric tool to drive a screw to attach a hinge to a door, the man would likely secure the hinge properly and test the door's functionality to ensure the hinge is functioning correctly.",0.8464
MS3Ybxlb2LQ,MS3Ybxlb2LQ,5,"After using an electric tool to drive a screw to attach a hinge to a door, the door can be properly secured and the hinge is now functional, allowing the door to swing open and closed as intended.",0.8464
MS3Ybxlb2LQ,MS3Ybxlb2LQ,6,"After using an electric tool to drive a screw to attach a hinge to a door, the man would likely secure the hinge properly, ensuring the door functions correctly, and then check the alignment and stability of the hinge to ensure it is securely fastened.",0.8464
MS3Ybxlb2LQ,MS3Ybxlb2LQ,7,"After driving the screw with an electric tool, the man will typically secure the hinge to the door, allowing it to function as intended.",0.8464
MS3Ybxlb2LQ,MS3Ybxlb2LQ,8,"After using an electric tool to drive a screw, the man will need to ensure the hinge is securely fastened, check the alignment and stability of the door, and possibly apply a lubricant to the hinge for smooth operation.",0.8464
MS3Ybxlb2LQ,MS3Ybxlb2LQ,9,"After a man uses an electric tool to drive a screw to attach a hinge to a door, the hinge is securely fastened, allowing the door to open and close properly.",0.8464
MS3Ybxlb2LQ,MS3Ybxlb2LQ,10,"After using an electric tool to drive a screw to attach a hinge to a door, the door will be securely fastened, and the hinge will be properly installed, allowing the door to swing open and shut smoothly.",0.8464
Msbpqv5aOxk,Msbpqv5aOxk,1,"The back of the man's hand is blank, with no writing visible.",0.6344
Msbpqv5aOxk,Msbpqv5aOxk,2,"The image provided does not show the back of the man's hand, so it is not possible to answer the question based on the given image.",0.6344
Msbpqv5aOxk,Msbpqv5aOxk,3,The image does not provide enough detail to determine what is written on the back of the man's hand.,0.6344
Msbpqv5aOxk,Msbpqv5aOxk,4,"The image provided does not show the back of the man's hand, so there is nothing written on it.",0.6344
Msbpqv5aOxk,Msbpqv5aOxk,5,"The image does not show the back of the man's hand, so there is no text to read.",0.6344
Msbpqv5aOxk,Msbpqv5aOxk,6,The image shows the back of a man's hand with no visible writing.,0.6344
Msbpqv5aOxk,Msbpqv5aOxk,7,"The image does not provide a clear view of the back of the man's hand, so it is not possible to determine what is written on it.",0.6344
Msbpqv5aOxk,Msbpqv5aOxk,8,The image does not provide enough detail to determine what is written on the back of the man's hand.,0.6344
Msbpqv5aOxk,Msbpqv5aOxk,9,"The image shows the back of a man's hand, but the image is too small to read any text that might be written on it.",0.6344
Msbpqv5aOxk,Msbpqv5aOxk,10,"The back of the man's hand is not visible in the image, so there is no text written on it.",0.6344
MUQK3vhVOiw,MUQK3vhVOiw,1,There are no flags visible in the first part of the video.,0.7448
MUQK3vhVOiw,MUQK3vhVOiw,2,"In the first part of the video, there are no flags visible.",0.7448
MUQK3vhVOiw,MUQK3vhVOiw,3,"In the first part of the video, there are no flags visible.",0.7448
MUQK3vhVOiw,MUQK3vhVOiw,4,"In the first part of the video, there are no flags visible.",0.7448
MUQK3vhVOiw,MUQK3vhVOiw,5,"In the first part of the video, there is one flag visible.",0.7448
MUQK3vhVOiw,MUQK3vhVOiw,6,There are two flags visible in the first part of the video.,0.7448
MUQK3vhVOiw,MUQK3vhVOiw,7,"In the first part of the video, we see two flags.",0.7448
MUQK3vhVOiw,MUQK3vhVOiw,8,"In the first part of the video, there are no flags visible.",0.7448
MUQK3vhVOiw,MUQK3vhVOiw,9,There are two flags visible in the first part of the video.,0.7448
MUQK3vhVOiw,MUQK3vhVOiw,10,"In the first part of the video, there are two flags visible.",0.7448
MuRg3XtN_38,MuRg3XtN_38,1,The little girl was swept away by the storm and her doll was left behind on the street.,0.635
MuRg3XtN_38,MuRg3XtN_38,2,"The little girl walking down the street with her doll is not shown in the provided image, so it is not possible to determine what happened to her at the end of the video.",0.635
MuRg3XtN_38,MuRg3XtN_38,3,The video does not provide information about what happened to the little girl and her doll at the end.,0.635
MuRg3XtN_38,MuRg3XtN_38,4,The little girl and her doll were stolen by a man who snatched them from the street.,0.635
MuRg3XtN_38,MuRg3XtN_38,5,The video does not provide any information about what happened to the little girl and her doll at the end.,0.635
MuRg3XtN_38,MuRg3XtN_38,6,"The little girl and her doll were swept away by the strong wind, causing them to disappear from the scene.",0.635
MuRg3XtN_38,MuRg3XtN_38,7,"The little girl walking down the street with her doll was eventually seen sitting on the ground, appearing to have fallen or been left behind.",0.635
MuRg3XtN_38,MuRg3XtN_38,8,The little girl walking down the street with her doll was not shown to have any specific incident or change in her actions by the end of the video.,0.635
MuRg3XtN_38,MuRg3XtN_38,9,The little girl and her doll disappeared from view by the end of the video.,0.635
MuRg3XtN_38,MuRg3XtN_38,10,The little girl continues walking down the street with her doll.,0.635
MW8YVwrY6_0,MW8YVwrY6_0,1,There is one bed shown in the image.,0.4644
MW8YVwrY6_0,MW8YVwrY6_0,2,There are two beds shown in the image.,0.4644
MW8YVwrY6_0,MW8YVwrY6_0,3,There is one bed shown in the picture.,0.4644
MW8YVwrY6_0,MW8YVwrY6_0,4,There is one bed shown in the image.,0.4644
MW8YVwrY6_0,MW8YVwrY6_0,5,The image shows one bed.,0.4644
MW8YVwrY6_0,MW8YVwrY6_0,6,There is one bed shown in the image.,0.4644
MW8YVwrY6_0,MW8YVwrY6_0,7,There are no beds shown in the image.,0.4644
MW8YVwrY6_0,MW8YVwrY6_0,8,There are no beds shown in the image.,0.4644
MW8YVwrY6_0,MW8YVwrY6_0,9,There are no beds shown in the image.,0.4644
MW8YVwrY6_0,MW8YVwrY6_0,10,There are two beds shown in the picture.,0.4644
MWYG4ljwoJI,MWYG4ljwoJI,1,"The video appears to be about a person performing a dance or movement routine in a brightly lit environment, possibly for an audience or practice.",0.5254
MWYG4ljwoJI,MWYG4ljwoJI,2,"The video is about a person expressing gratitude for something, likely a gift or a surprise, in a casual and appreciative tone.",0.5254
MWYG4ljwoJI,MWYG4ljwoJI,3,The video is about a person holding a green object in their hands.,0.5254
MWYG4ljwoJI,MWYG4ljwoJI,4,"The video appears to be a brief clip with no discernible content, possibly indicating a placeholder or an error.",0.5254
MWYG4ljwoJI,MWYG4ljwoJI,5,"The video appears to be a placeholder or a test frame with no specific content, as indicated by the text ""v02"" and ""test"" in the center.",0.5254
MWYG4ljwoJI,MWYG4ljwoJI,6,"The video appears to be about a character, possibly from an animated series, who is using a tablet or similar device.",0.5254
MWYG4ljwoJI,MWYG4ljwoJI,7,The video appears to be a simple visual with no additional context or content to provide a detailed description about.,0.5254
MWYG4ljwoJI,MWYG4ljwoJI,8,"The video is about a person engaging in a physical activity, possibly yoga or stretching, in a studio setting.",0.5254
MWYG4ljwoJI,MWYG4ljwoJI,9,"The video appears to be about a person's interaction with a dog, possibly involving a game of fetch or a similar activity.",0.5254
MWYG4ljwoJI,MWYG4ljwoJI,10,"The video appears to be about a person interacting with a pet, possibly a dog, in an outdoor setting.",0.5254
MXU4K2gyFvk,MXU4K2gyFvk,1,The video shows a person engaged in the activity of painting or drawing with a paintbrush on a surface.,0.3806
MXU4K2gyFvk,MXU4K2gyFvk,2,The video depicts a person walking in a forested area.,0.3806
MXU4K2gyFvk,MXU4K2gyFvk,3,The video shows a person skateboarding down a set of stairs.,0.3806
MXU4K2gyFvk,MXU4K2gyFvk,4,The video shows a person performing a dance routine with a colorful umbrella.,0.3806
MXU4K2gyFvk,MXU4K2gyFvk,5,The video shows a person performing a handstand on a skateboard.,0.3806
MXU4K2gyFvk,MXU4K2gyFvk,6,The video shows a person riding a bicycle on a paved path.,0.3806
MXU4K2gyFvk,MXU4K2gyFvk,7,The video shows a person playing a guitar.,0.3806
MXU4K2gyFvk,MXU4K2gyFvk,8,"The video shows a person performing a jump in a park, with the camera capturing the motion from a low angle.",0.3806
MXU4K2gyFvk,MXU4K2gyFvk,9,The video shows a person riding a bicycle along a road.,0.3806
MXU4K2gyFvk,MXU4K2gyFvk,10,"The video shows a person standing on a beach, possibly preparing to take a photo or capture a moment.",0.3806
MY7bx0IsNbo,MY7bx0IsNbo,1,There are two electrical outlets behind the table.,0.3698
MY7bx0IsNbo,MY7bx0IsNbo,2,There are two electrical outlets behind the table.,0.3698
MY7bx0IsNbo,MY7bx0IsNbo,3,There are two electrical outlets behind the table.,0.3698
MY7bx0IsNbo,MY7bx0IsNbo,4,There are no electrical outlets visible behind the table in the image.,0.3698
MY7bx0IsNbo,MY7bx0IsNbo,5,There are two electrical outlets behind the table.,0.3698
MY7bx0IsNbo,MY7bx0IsNbo,6,There are two electrical outlets behind the table.,0.3698
MY7bx0IsNbo,MY7bx0IsNbo,7,There are no electrical outlets visible behind the table in the image.,0.3698
MY7bx0IsNbo,MY7bx0IsNbo,8,There are two electrical outlets behind the table in the image.,0.3698
MY7bx0IsNbo,MY7bx0IsNbo,9,There are no electrical outlets visible behind the table in the image.,0.3698
MY7bx0IsNbo,MY7bx0IsNbo,10,There is one electrical outlet behind the table.,0.3698
MZLX5Y17EgU,MZLX5Y17EgU,1,"The video appears to show a simple blank screen, which might be used to signal a transition, a pause, or to emphasize the beginning or end of a segment.",0.8622
MZLX5Y17EgU,MZLX5Y17EgU,2,"The video shows a simple visual of a question mark, possibly symbolizing curiosity or the need for information.",0.8622
MZLX5Y17EgU,MZLX5Y17EgU,3,"The video shows a person holding a small object, possibly a toy or a piece of technology, which the person posting it wants the viewer to notice or consider.",0.8622
MZLX5Y17EgU,MZLX5Y17EgU,4,"The video shows a person's hand with a watch on it, and the poster seems to want the viewer to notice the watch.",0.8622
MZLX5Y17EgU,MZLX5Y17EgU,5,"The video shows a simple, static image of a blank white background, which appears to be a placeholder or a moment of pause in the content. The person posting it might be using this to signal a transition or to indicate that the video is about to change or is waiting for something to happen.",0.8622
MZLX5Y17EgU,MZLX5Y17EgU,6,"The video shows a blank white screen, possibly indicating a pause or a transition, which the person posting it may want viewers to focus on or interpret in a specific way.",0.8622
MZLX5Y17EgU,MZLX5Y17EgU,7,"The video shows a series of frames that appear to be part of a sequence or story, but without additional context, it's difficult to determine the specific content or the intent of the person posting it.",0.8622
MZLX5Y17EgU,MZLX5Y17EgU,8,"The video shows a question being asked, which the person posting it wants the viewer to answer or consider.",0.8622
MZLX5Y17EgU,MZLX5Y17EgU,9,"The video shows a simple design with a white background and black text that reads ""Hello, World!"" indicating a basic programming or coding example, possibly for an introductory tutorial.",0.8622
MZLX5Y17EgU,MZLX5Y17EgU,10,"The video showcases a close-up of a hand interacting with a textured surface, possibly demonstrating a tactile or sensory experience.",0.8622
MZQzSUEgp1U,MZQzSUEgp1U,1,There are no red backpacks visible in the video.,0.3405
MZQzSUEgp1U,MZQzSUEgp1U,2,There is one red backpack visible in the video.,0.3405
MZQzSUEgp1U,MZQzSUEgp1U,3,There is one red backpack visible in the video.,0.3405
MZQzSUEgp1U,MZQzSUEgp1U,4,There are two red backpacks visible in the video.,0.3405
MZQzSUEgp1U,MZQzSUEgp1U,5,There are no red backpacks visible in the video.,0.3405
MZQzSUEgp1U,MZQzSUEgp1U,6,There is one red backpack visible in the video.,0.3405
MZQzSUEgp1U,MZQzSUEgp1U,7,There are no red backpacks visible in the video.,0.3405
MZQzSUEgp1U,MZQzSUEgp1U,8,There are no red backpacks visible in the video.,0.3405
MZQzSUEgp1U,MZQzSUEgp1U,9,There are no red backpacks visible in the video.,0.3405
MZQzSUEgp1U,MZQzSUEgp1U,10,There are no red backpacks visible in the video.,0.3405
N2ApImsBgDI,N2ApImsBgDI,1,There is one light blinking on the bus.,0.4294
N2ApImsBgDI,N2ApImsBgDI,2,There are two lights blinking on the bus.,0.4294
N2ApImsBgDI,N2ApImsBgDI,3,There are two lights blinking on the bus in the picture.,0.4294
N2ApImsBgDI,N2ApImsBgDI,4,There is one light blinking on the bus in the picture.,0.4294
N2ApImsBgDI,N2ApImsBgDI,5,There is one light blinking on the bus.,0.4294
N2ApImsBgDI,N2ApImsBgDI,6,There are three lights blinking on the bus.,0.4294
N2ApImsBgDI,N2ApImsBgDI,7,There is one light blinking on the bus.,0.4294
N2ApImsBgDI,N2ApImsBgDI,8,There are two lights blinking on the bus.,0.4294
N2ApImsBgDI,N2ApImsBgDI,9,There is one light blinking on the bus.,0.4294
N2ApImsBgDI,N2ApImsBgDI,10,There are two lights blinking on the bus in the image.,0.4294
N3fVfEAst_s,N3fVfEAst_s,1,The school girl created a face mask that she decorated with markers.,0.611
N3fVfEAst_s,N3fVfEAst_s,2,The school girl made a face mask with a design created using markers on the surgical face masks.,0.611
N3fVfEAst_s,N3fVfEAst_s,3,"This school girl created a mask that included a face shield made from surgical face masks and markers, likely for safety and protection.",0.611
N3fVfEAst_s,N3fVfEAst_s,4,The school girl created a creative art project using surgical face masks and markers.,0.611
N3fVfEAst_s,N3fVfEAst_s,5,This school girl made face shields from surgical face masks and markers.,0.611
N3fVfEAst_s,N3fVfEAst_s,6,The school girl created face masks with patterns and designs using surgical face masks and markers.,0.611
N3fVfEAst_s,N3fVfEAst_s,7,This school girl created masks with artistic designs using surgical face masks and markers.,0.611
N3fVfEAst_s,N3fVfEAst_s,8,"The school girl made face masks from surgical masks and markers, likely for a creative project or demonstration.",0.611
N3fVfEAst_s,N3fVfEAst_s,9,"This school girl made a face mask using surgical masks and markers, which she then painted with a smiley face to add a cheerful touch.",0.611
N3fVfEAst_s,N3fVfEAst_s,10,"The school girl used surgical face masks and markers to create a mask that appears to have a face drawn on it, likely for artistic or educational purposes.",0.611
N5-nI2V_GS0,N5-nI2V_GS0,1,The ping pong ball is being hit once in the image.,0.5074
N5-nI2V_GS0,N5-nI2V_GS0,2,The ping pong ball is being hit twice in the image.,0.5074
N5-nI2V_GS0,N5-nI2V_GS0,3,The ping pong ball is being hit once in the image.,0.5074
N5-nI2V_GS0,N5-nI2V_GS0,4,The ping pong ball is being hit once.,0.5074
N5-nI2V_GS0,N5-nI2V_GS0,5,The ping pong ball is being hit once.,0.5074
N5-nI2V_GS0,N5-nI2V_GS0,6,The ping pong ball is being hit twice.,0.5074
N5-nI2V_GS0,N5-nI2V_GS0,7,"The image shows a ping pong ball being hit twice, as indicated by the two distinct impacts on the ball.",0.5074
N5-nI2V_GS0,N5-nI2V_GS0,8,The image shows the ping pong ball being hit once.,0.5074
N5-nI2V_GS0,N5-nI2V_GS0,9,The ping pong ball is being hit once in the image.,0.5074
N5-nI2V_GS0,N5-nI2V_GS0,10,The ping pong ball is being hit once in the image.,0.5074
N623MG6xnak,N623MG6xnak,1,We see a laptop once in the image.,0.3426
N623MG6xnak,N623MG6xnak,2,We see a laptop once in the image.,0.3426
N623MG6xnak,N623MG6xnak,3,We see a laptop once in the image.,0.3426
N623MG6xnak,N623MG6xnak,4,We see a laptop once in the image.,0.3426
N623MG6xnak,N623MG6xnak,5,There is one laptop visible in the image.,0.3426
N623MG6xnak,N623MG6xnak,6,We see a laptop once in the image.,0.3426
N623MG6xnak,N623MG6xnak,7,We see a laptop once in the image.,0.3426
N623MG6xnak,N623MG6xnak,8,We see a laptop once in the image.,0.3426
N623MG6xnak,N623MG6xnak,9,We see a laptop once in the image.,0.3426
N623MG6xnak,N623MG6xnak,10,We see a laptop once in the image.,0.3426
N6OwNSQplrE,N6OwNSQplrE,1,"The car driver retaliates by aggressively honking and tailgating the motorcycle rider, escalating the conflict.",0.5114
N6OwNSQplrE,N6OwNSQplrE,2,The car driver swears repeatedly and tries to intimidate the motorcycle rider.,0.5114
N6OwNSQplrE,N6OwNSQplrE,3,"The car driver, feeling provoked, aggressively honks at the motorcycle rider, escalating the conflict.",0.5114
N6OwNSQplrE,N6OwNSQplrE,4,"The car driver becomes increasingly frustrated and eventually drives recklessly, endangering the safety of all on the road.",0.5114
N6OwNSQplrE,N6OwNSQplrE,5,"The car driver decides to pull over and confront the motorcycle rider, leading to a heated exchange.",0.5114
N6OwNSQplrE,N6OwNSQplrE,6,The car driver decides to accelerate and drive aggressively to retaliate against the motorcycle rider's repeated attempts to antagonize him.,0.5114
N6OwNSQplrE,N6OwNSQplrE,7,"The car driver, in a moment of frustration, swerves the car, potentially endangering the lives of both drivers and pedestrians.",0.5114
N6OwNSQplrE,N6OwNSQplrE,8,The car driver swears repeatedly after being repeatedly antagonized by the motorcycle rider.,0.5114
N6OwNSQplrE,N6OwNSQplrE,9,The car driver becomes visibly angry and starts honking his horn repeatedly.,0.5114
N6OwNSQplrE,N6OwNSQplrE,10,"The car driver's response to being repeatedly antagonized by the motorcycle rider is not shown in the image, as the image only depicts a single frame of the car.",0.5114
N7pUP__a5FM,N7pUP__a5FM,1,A man walks down the aisle of a store after having a conversation with a woman.,0.7883
N7pUP__a5FM,N7pUP__a5FM,2,A man walks through the isle of a store after having a conversation with a woman.,0.7883
N7pUP__a5FM,N7pUP__a5FM,3,The man is seen walking through the store aisle after having a conversation with a woman.,0.7883
N7pUP__a5FM,N7pUP__a5FM,4,"The man is seen walking through the aisle of a store, possibly after having a conversation with a woman, as he continues to move forward with a cart.",0.7883
N7pUP__a5FM,N7pUP__a5FM,5,The man walks away from the woman in the store aisle after their conversation.,0.7883
N7pUP__a5FM,N7pUP__a5FM,6,"The man is seen standing in the aisle of a store, possibly continuing his shopping or engaging in a task related to his shopping experience after having a conversation with a woman.",0.7883
N7pUP__a5FM,N7pUP__a5FM,7,A man walks down the isle of a store after having a conversation with a woman.,0.7883
N7pUP__a5FM,N7pUP__a5FM,8,"The man is seen walking down the aisle of a store, likely after having a conversation with a woman, as part of his shopping or errand.",0.7883
N7pUP__a5FM,N7pUP__a5FM,9,"The man is seen walking down the aisle of a store, likely after having a conversation with a woman, possibly towards a specific product or area of interest.",0.7883
N7pUP__a5FM,N7pUP__a5FM,10,A man walks down the aisle of a store after having a conversation with a woman.,0.7883
N7rvWwZX_ZM,N7rvWwZX_ZM,1,The image does not provide enough context to determine why the guy is shouting.,0.8143
N7rvWwZX_ZM,N7rvWwZX_ZM,2,"The image is too small to discern specific details, but the person appears to be shouting, possibly due to excitement, anger, or effort to be heard.",0.8143
N7rvWwZX_ZM,N7rvWwZX_ZM,3,The image does not provide enough context to determine why the guy is shouting.,0.8143
N7rvWwZX_ZM,N7rvWwZX_ZM,4,The image provided does not contain any information about a person shouting or any context to determine the reason.,0.8143
N7rvWwZX_ZM,N7rvWwZX_ZM,5,"The image provided does not contain any visual context that indicates why the person is shouting. To answer the question, additional information or context about the situation is necessary.",0.8143
N7rvWwZX_ZM,N7rvWwZX_ZM,6,"The image shows a person who appears to be shouting, but without additional context, it's not possible to determine the exact reason for the shouting.",0.8143
N7rvWwZX_ZM,N7rvWwZX_ZM,7,"The image does not provide any context or sound, so it's impossible to determine why the guy is shouting based solely on this picture.",0.8143
N7rvWwZX_ZM,N7rvWwZX_ZM,8,"The image shows a person shouting, but without additional context, it's not possible to determine the exact reason for the shouting. It could be due to excitement, frustration, or a variety of other emotions or situations.",0.8143
N7rvWwZX_ZM,N7rvWwZX_ZM,9,"The image shows a person shouting, but without additional context, it's not possible to determine the exact reason. Shouting can be due to a variety of reasons such as excitement, frustration, or an attempt to be heard in a noisy environment.",0.8143
N7rvWwZX_ZM,N7rvWwZX_ZM,10,"The image does not provide any context for why the person is shouting, as it only shows a silhouette.",0.8143
N8cBmFGn7do,N8cBmFGn7do,1,The second video shows a person walking on a beach with a camera attached to their chest.,0.5595
N8cBmFGn7do,N8cBmFGn7do,2,"The second video shows a person walking on a beach, with the ocean waves in the background.",0.5595
N8cBmFGn7do,N8cBmFGn7do,3,The second video shows a scene where a character is being chased by another character through a forest.,0.5595
N8cBmFGn7do,N8cBmFGn7do,4,The second video shows a person running on a grassy field.,0.5595
N8cBmFGn7do,N8cBmFGn7do,5,"The second video shows a person with long hair standing in a kitchen, possibly preparing to cook or demonstrating a recipe.",0.5595
N8cBmFGn7do,N8cBmFGn7do,6,"The second video shows a person preparing and serving a meal, with a focus on the cooking process and the final presentation of the dish.",0.5595
N8cBmFGn7do,N8cBmFGn7do,7,"The second video shows a sequence of frames depicting a person moving through a field of grass, capturing the serene and natural environment.",0.5595
N8cBmFGn7do,N8cBmFGn7do,8,"The second video shows a person speaking and moving their arms, possibly explaining or demonstrating something.",0.5595
N8cBmFGn7do,N8cBmFGn7do,9,"The second video shows a close-up of a person's hand holding a small, detailed object, possibly a piece of jewelry or a small tool, with the background blurred to emphasize the hand and the object.",0.5595
N8cBmFGn7do,N8cBmFGn7do,10,"The second video shows a person walking through a tunnel, with the camera following from behind.",0.5595
N9oznAO-AGE,N9oznAO-AGE,1,"Tyson's evolution as a boxer saw him rise from a promising young prospect to one of the most feared and respected heavyweights in boxing history, known for his aggressive style and powerful punching power, though his career was marred by controversial behavior and legal issues.",0.748
N9oznAO-AGE,N9oznAO-AGE,2,"Tyson's evolution as a boxer progressed from an aggressive, raw style to a more strategic and refined approach, adapting to the changing landscape of the sport and his opponents.",0.748
N9oznAO-AGE,N9oznAO-AGE,3,"Tyson's boxing career evolved from an aggressive and powerful style, often dominating opponents through sheer force and speed, to a more strategic and tactical approach in later stages, adapting to the changing landscape of professional boxing.",0.748
N9oznAO-AGE,N9oznAO-AGE,4,Tyson evolved from a highly skilled and aggressive boxer to a controversial figure known for his dominance in the sport and his troubled post-retirement life.,0.748
N9oznAO-AGE,N9oznAO-AGE,5,"Tyson evolved from a powerful and aggressive fighter into a more strategic and refined boxer, mastering his technique and becoming one of the greatest heavyweights of all time.",0.748
N9oznAO-AGE,N9oznAO-AGE,6,"Tyson's evolution as a boxer was marked by his rapid rise to fame in the early 1980s, his controversial losses and legal troubles, and his comeback as a fighter in the 2000s, showcasing his enduring strength and resilience.",0.748
N9oznAO-AGE,N9oznAO-AGE,7,"Tyson's boxing career evolved from a raw, aggressive style in the early days to a more polished, strategic approach as he gained experience and maturity.",0.748
N9oznAO-AGE,N9oznAO-AGE,8,"Tyson's boxing career evolved from a raw, aggressive style to a refined, technical approach, showcasing his versatility and mastery of the sport.",0.748
N9oznAO-AGE,N9oznAO-AGE,9,"Tyson's evolution as a boxer involved his early dominance, the challenges he faced with his controversial behavior, and his eventual return to the ring as a reformed fighter.",0.748
N9oznAO-AGE,N9oznAO-AGE,10,"Tyson's evolution as a boxer progressed from a fierce and raw power fighter to a refined and technically proficient boxer, mastering strategies and improving his boxing skills throughout his career.",0.748
NbhaZCj6cVE,NbhaZCj6cVE,1,The cartoon figures represent the numbers 5 and 10.,0.2722
NbhaZCj6cVE,NbhaZCj6cVE,2,"The cartoon figures represent the numbers 1, 2, and 3.",0.2722
NbhaZCj6cVE,NbhaZCj6cVE,3,The cartoon figures represent the numbers 1 and 2.,0.2722
NbhaZCj6cVE,NbhaZCj6cVE,4,The cartoon figures represent the numbers 1 and 2.,0.2722
NbhaZCj6cVE,NbhaZCj6cVE,5,The cartoon figures represent the numbers 0 and 1.,0.2722
NbhaZCj6cVE,NbhaZCj6cVE,6,The cartoon figures represent the numbers 1 through 5.,0.2722
NbhaZCj6cVE,NbhaZCj6cVE,7,The cartoon figures represent the numbers 2 and 3.,0.2722
NbhaZCj6cVE,NbhaZCj6cVE,8,The cartoon figures represent the numbers 0 and 1.,0.2722
NbhaZCj6cVE,NbhaZCj6cVE,9,The cartoon figures represent the numbers 1 through 9.,0.2722
NbhaZCj6cVE,NbhaZCj6cVE,10,"The cartoon figures represent the numbers 1, 2, and 3.",0.2722
NBNC_NWBy9Y,NBNC_NWBy9Y,1,"The images suggest an analogy between the simplicity of a child's drawing and the complex, abstract concepts that can be expressed in advanced mathematics.",0.7026
NBNC_NWBy9Y,NBNC_NWBy9Y,2,"The images suggest an analogy between a common object and a piece of technology, highlighting a comparison in structure or function.",0.7026
NBNC_NWBy9Y,NBNC_NWBy9Y,3,"The images suggest an analogy between the two different perspectives or viewpoints, potentially highlighting a contrast or relationship between them.",0.7026
NBNC_NWBy9Y,NBNC_NWBy9Y,4,"The images suggest an analogy between the concepts of a ""candle"" and ""light,"" where the candle is the source of the light.",0.7026
NBNC_NWBy9Y,NBNC_NWBy9Y,5,"The images of a book and a cup of coffee suggest an analogy between reading and enjoying a relaxing beverage, implying that reading can be a calming and enjoyable activity.",0.7026
NBNC_NWBy9Y,NBNC_NWBy9Y,6,"The images suggest an analogy between two different concepts or objects, highlighting their similarities or contrasting aspects through visual comparison.",0.7026
NBNC_NWBy9Y,NBNC_NWBy9Y,7,The analogy suggested by the displayed images is a comparison between the simplicity and clarity of a black and white photograph versus the more complex and detailed nature of a color photograph.,0.7026
NBNC_NWBy9Y,NBNC_NWBy9Y,8,"The analogy suggested by these images could be that of contrasting simplicity and complexity, where the first image might represent simplicity or a basic concept, and the second image, with its intricate details, represents complexity or a more detailed concept.",0.7026
NBNC_NWBy9Y,NBNC_NWBy9Y,9,"The images suggest an analogy between the simplicity of a tree's structure and a minimalist design, where the core elements are highlighted and the rest is left out.",0.7026
NBNC_NWBy9Y,NBNC_NWBy9Y,10,"The analogy suggested by these images is that of contrasting natural landscapes with urban environments, highlighting the differences between them.",0.7026
NBxr52ifOcA,NBxr52ifOcA,1,The person on the left lost the fight.,0.5332
NBxr52ifOcA,NBxr52ifOcA,2,The person on the left lost the fight.,0.5332
NBxr52ifOcA,NBxr52ifOcA,3,The person in the image lost the fight.,0.5332
NBxr52ifOcA,NBxr52ifOcA,4,The person in the image lost the fight.,0.5332
NBxr52ifOcA,NBxr52ifOcA,5,The person who lost the fight is the one whose hand is not visible or is shown in a way that suggests defeat.,0.5332
NBxr52ifOcA,NBxr52ifOcA,6,The person who lost the fight is the one who was knocked down.,0.5332
NBxr52ifOcA,NBxr52ifOcA,7,The image does not contain enough information to determine who lost the fight.,0.5332
NBxr52ifOcA,NBxr52ifOcA,8,The person who lost the fight is not specified in the image.,0.5332
NBxr52ifOcA,NBxr52ifOcA,9,The question is not clear or specific enough to determine a clear answer. Could you please provide more context or clarify the fight in question?,0.5332
NBxr52ifOcA,NBxr52ifOcA,10,The fighter on the right lost the fight.,0.5332
NFd2lPoV8Wo,NFd2lPoV8Wo,1,"The last robot in the video appears to be moving or rotating, likely as part of a programmed sequence or demonstration.",0.5491
NFd2lPoV8Wo,NFd2lPoV8Wo,2,"The last robot in the video ends up on its side, seemingly defeated or unable to continue its actions.",0.5491
NFd2lPoV8Wo,NFd2lPoV8Wo,3,"The last robot in the video appears to be moving its arm, possibly to interact with or manipulate something in its environment.",0.5491
NFd2lPoV8Wo,NFd2lPoV8Wo,4,"The last robot at the end of the video is seen making a gesture with its arm, possibly indicating a conclusion or a final action.",0.5491
NFd2lPoV8Wo,NFd2lPoV8Wo,5,"The last robot in the video appears to be moving its arm, possibly in preparation for a new action or interaction.",0.5491
NFd2lPoV8Wo,NFd2lPoV8Wo,6,The last robot in the video completes its task by moving towards the center of the screen and then ceasing its movement.,0.5491
NFd2lPoV8Wo,NFd2lPoV8Wo,7,The last robot moves its arm to pick up a small object from the ground.,0.5491
NFd2lPoV8Wo,NFd2lPoV8Wo,8,"The last robot in the video ends up on the ground, suggesting it may have malfunctioned or been defeated.",0.5491
NFd2lPoV8Wo,NFd2lPoV8Wo,9,The last robot in the video moves forward and stops.,0.5491
NFd2lPoV8Wo,NFd2lPoV8Wo,10,"The last robot in the video ends up standing still with its arms slightly raised, as if observing its surroundings.",0.5491
NhrHBFbw9Uo,NhrHBFbw9Uo,1,The new SUV is parked in the garage after being backed down the driveway.,0.812
NhrHBFbw9Uo,NhrHBFbw9Uo,2,The new SUV is parked in the garage.,0.812
NhrHBFbw9Uo,NhrHBFbw9Uo,3,"After the new SUV is backed down the driveway, it likely parks or is driven away.",0.812
NhrHBFbw9Uo,NhrHBFbw9Uo,4,The new SUV is parked in the garage.,0.812
NhrHBFbw9Uo,NhrHBFbw9Uo,5,"The new SUV is likely to be driven out of the driveway and onto the street, possibly heading towards a destination or a car show.",0.812
NhrHBFbw9Uo,NhrHBFbw9Uo,6,"After the new SUV is backed down the driveway, it will typically be parked in a designated spot, and the driver may proceed with tasks such as securing the vehicle, checking the surroundings, and possibly preparing for a drive.",0.812
NhrHBFbw9Uo,NhrHBFbw9Uo,7,"After the new SUV is backed down the driveway, it is likely parked in a garage or driveway, ready for its owner to use.",0.812
NhrHBFbw9Uo,NhrHBFbw9Uo,8,"After the new SUV is backed down the driveway, it likely pulls out onto the street, possibly encountering traffic or pedestrians, and continues its journey.",0.812
NhrHBFbw9Uo,NhrHBFbw9Uo,9,"The new SUV will likely be parked in the garage or driveway, and the person driving it will exit the vehicle to continue their activities.",0.812
NhrHBFbw9Uo,NhrHBFbw9Uo,10,"The new SUV is parked at the curb, ready for its owner to drive away.",0.812
NjfNx1uhEJE,NjfNx1uhEJE,1,The tall young man at the ticket counter turns his head to see the two girls and begins to smile.,0.82
NjfNx1uhEJE,NjfNx1uhEJE,2,"The tall young man at the ticket counter looks up from his work, presumably to greet or acknowledge the girls who are likely approaching him, given the context of their presence at a ticket counter and the fact that he is the only one there.",0.82
NjfNx1uhEJE,NjfNx1uhEJE,3,"The tall young man at the ticket counter smiles and walks over to the girls, greeting them warmly.",0.82
NjfNx1uhEJE,NjfNx1uhEJE,4,"The tall young man at the ticket counter turns his head to look at the girls, likely intrigued or curious about their conversation or appearance.",0.82
NjfNx1uhEJE,NjfNx1uhEJE,5,The tall young man at the ticket counter stops his phone conversation and looks up to see the two girls approaching him.,0.82
NjfNx1uhEJE,NjfNx1uhEJE,6,The tall young man at the ticket counter smiles and waves at the two girls.,0.82
NjfNx1uhEJE,NjfNx1uhEJE,7,The tall young man at the ticket counter starts to smile and looks up to see the girls' faces.,0.82
NjfNx1uhEJE,NjfNx1uhEJE,8,The tall young man at the ticket counter turns around and smiles at the girls as he hears their voices and sees them.,0.82
NjfNx1uhEJE,NjfNx1uhEJE,9,"The tall young man at the ticket counter smiles warmly and approaches the girls, ready to assist them with their travel plans.",0.82
NjfNx1uhEJE,NjfNx1uhEJE,10,The tall young man at the ticket counter turns his head to look at the two girls who have just entered the ticket hall.,0.82
NK5Ln-1tVGc,NK5Ln-1tVGc,1,The young girl is speaking in front of the camera to share a story or present information to an audience.,0.6697
NK5Ln-1tVGc,NK5Ln-1tVGc,2,"The young girl is likely speaking in front of the camera to share her thoughts, feelings, or experiences with an audience, possibly for a personal video project, a school assignment, or a social media post.",0.6697
NK5Ln-1tVGc,NK5Ln-1tVGc,3,"The young girl is likely speaking in front of the camera for a video recording, possibly for an interview, presentation, or personal project.",0.6697
NK5Ln-1tVGc,NK5Ln-1tVGc,4,"The young girl is likely speaking in front of the camera for an interview, a presentation, or a video recording session.",0.6697
NK5Ln-1tVGc,NK5Ln-1tVGc,5,"The young girl is speaking in front of the camera as part of a video presentation or recording, possibly for an educational, personal, or entertainment purpose.",0.6697
NK5Ln-1tVGc,NK5Ln-1tVGc,6,"The young girl is likely participating in a video project or an online presentation, as indicated by her confident posture and the presence of the camera.",0.6697
NK5Ln-1tVGc,NK5Ln-1tVGc,7,"The young girl is likely speaking in front of the camera to record a message or to participate in a video call, possibly for a school project, a family video, or a personal communication.",0.6697
NK5Ln-1tVGc,NK5Ln-1tVGc,8,"The young girl is likely speaking in front of the camera to share her thoughts, experiences, or participate in an interview, presentation, or video project.",0.6697
NK5Ln-1tVGc,NK5Ln-1tVGc,9,"The young girl is likely speaking in front of the camera as part of a presentation, interview, or a personal video message.",0.6697
NK5Ln-1tVGc,NK5Ln-1tVGc,10,"The young girl is likely speaking in front of the camera to share a message, perform a recitation, or participate in a video call, as indicated by the presence of the camera and her direct gaze.",0.6697
NkXPPJoZ-h8,NkXPPJoZ-h8,1,The sound heard in the video is a car horn.,0.498
NkXPPJoZ-h8,NkXPPJoZ-h8,2,The video features the sound of a door closing.,0.498
NkXPPJoZ-h8,NkXPPJoZ-h8,3,"The video does not contain any audio, so no sound is heard.",0.498
NkXPPJoZ-h8,NkXPPJoZ-h8,4,The sound heard in the video is the sound of a door closing.,0.498
NkXPPJoZ-h8,NkXPPJoZ-h8,5,"The video does not provide any audio, so no sound is heard.",0.498
NkXPPJoZ-h8,NkXPPJoZ-h8,6,"The sound heard in the video is a low, rumbling noise that could be interpreted as a growl or a distant roar.",0.498
NkXPPJoZ-h8,NkXPPJoZ-h8,7,"The sound heard in the video is a ""clunk.""",0.498
NkXPPJoZ-h8,NkXPPJoZ-h8,8,The sound heard in the video is the buzzing of a fly.,0.498
NkXPPJoZ-h8,NkXPPJoZ-h8,9,The video shows a visual of a camera on a tripod with no accompanying audio.,0.498
NkXPPJoZ-h8,NkXPPJoZ-h8,10,The sound heard in the video is the noise of a wind chime.,0.498
NM3dmMD45iI,NM3dmMD45iI,1,"The men are considering the idea of taking the train into the water, which suggests they are contemplating an unconventional or adventurous journey.",0.9338
NM3dmMD45iI,NM3dmMD45iI,2,"The men in the picture appear to be contemplating the idea of taking the train into the water, suggesting a mix of curiosity and potential risk.",0.9338
NM3dmMD45iI,NM3dmMD45iI,3,"The men are considering the possibility of taking the train into the water, suggesting they are open to the idea.",0.9338
NM3dmMD45iI,NM3dmMD45iI,4,"The men seem intrigued and possibly excited about the idea of taking the train into the water, as indicated by their expressions and the direction of their gaze.",0.9338
NM3dmMD45iI,NM3dmMD45iI,5,"The men appear to be contemplating the idea of taking the train into the water, possibly for an adventurous or unconventional journey.",0.9338
NM3dmMD45iI,NM3dmMD45iI,6,"The men in the image appear to be considering the unusual idea of taking the train into the water, with one man pointing towards the water and the other looking on, suggesting curiosity or skepticism.",0.9338
NM3dmMD45iI,NM3dmMD45iI,7,"The men in the picture seem to be contemplating the idea of taking the train into the water, with one man looking at the other with a mix of curiosity and amusement.",0.9338
NM3dmMD45iI,NM3dmMD45iI,8,"The men appear to be considering the idea of taking the train into the water, as indicated by their stance and the direction they are facing, which suggests they are looking at the water.",0.9338
NM3dmMD45iI,NM3dmMD45iI,9,"The men seem intrigued and possibly excited about the prospect of taking the train into the water, as indicated by their wide-eyed expressions and the way they are looking towards the train.",0.9338
NM3dmMD45iI,NM3dmMD45iI,10,"The men are considering the idea of taking the train into the water, suggesting it as a creative or adventurous option.",0.9338
NN7G28sBOlY,NN7G28sBOlY,1,The woman gently strokes the horse's nose and inquires about its age to a nearby onlooker.,0.7626
NN7G28sBOlY,NN7G28sBOlY,2,The woman gently strokes the white horse's nose while inquiring about its age from a passerby.,0.7626
NN7G28sBOlY,NN7G28sBOlY,3,The woman gently strokes the white horse's nose and inquires about its age from a nearby passerby.,0.7626
NN7G28sBOlY,NN7G28sBOlY,4,The woman gently strokes the white horse's nose while inquiring about its age from a nearby observer.,0.7626
NN7G28sBOlY,NN7G28sBOlY,5,The woman gently strokes the white horse's nose and inquires about its age from a nearby observer.,0.7626
NN7G28sBOlY,NN7G28sBOlY,6,The woman gently strokes the horse's nose while inquiring about its age from a nearby onlooker.,0.7626
NN7G28sBOlY,NN7G28sBOlY,7,The woman gently strokes the white horse's nose and inquires about its age to a nearby observer.,0.7626
NN7G28sBOlY,NN7G28sBOlY,8,The woman affectionately strokes the horse's nose while inquiring about its age with a passerby.,0.7626
NN7G28sBOlY,NN7G28sBOlY,9,The woman in the image is gently petting the white horse's nose while inquiring about its age from a nearby onlooker.,0.7626
NN7G28sBOlY,NN7G28sBOlY,10,The woman gently strokes the horse's nose while inquiring about its age from a nearby passerby.,0.7626
NNtFFnEXrjw,NNtFFnEXrjw,1,The woman demonstrates the correct way to dispose of a sanitary pad.,0.7668
NNtFFnEXrjw,NNtFFnEXrjw,2,The woman demonstrates the proper way to dispose of a sanitary pad by placing it in a lidded trash bin.,0.7668
NNtFFnEXrjw,NNtFFnEXrjw,3,The woman demonstrates a more environmentally friendly and hygienic method of disposing of a sanitary pad.,0.7668
NNtFFnEXrjw,NNtFFnEXrjw,4,The woman demonstrates a more environmentally friendly method of disposing of a sanitary pad after critiquing the two previously mentioned methods.,0.7668
NNtFFnEXrjw,NNtFFnEXrjw,5,The woman demonstrates the use of a reusable cloth pad as an alternative to disposable sanitary pads.,0.7668
NNtFFnEXrjw,NNtFFnEXrjw,6,The woman demonstrates a more environmentally friendly method of disposing of a sanitary pad after critiquing other methods.,0.7668
NNtFFnEXrjw,NNtFFnEXrjw,7,The woman demonstrates a more environmentally friendly method of disposing of a sanitary pad.,0.7668
NNtFFnEXrjw,NNtFFnEXrjw,8,The woman demonstrates the proper method of disposing of a sanitary pad by placing it in a labeled trash bag.,0.7668
NNtFFnEXrjw,NNtFFnEXrjw,9,The woman demonstrates the correct method of disposing of a sanitary pad by placing it in the trash can.,0.7668
NNtFFnEXrjw,NNtFFnEXrjw,10,"The woman demonstrates the use of a reusable cloth pad as an alternative to disposables, highlighting its environmental and health benefits.",0.7668
NQM30GUj_7s,NQM30GUj_7s,1,The speaker gestures with his hand once in the image.,0.341
NQM30GUj_7s,NQM30GUj_7s,2,The speaker gestures with his hand once in the image.,0.341
NQM30GUj_7s,NQM30GUj_7s,3,The speaker gestures with his hand once in the image.,0.341
NQM30GUj_7s,NQM30GUj_7s,4,The speaker gestures with his hand once in the image.,0.341
NQM30GUj_7s,NQM30GUj_7s,5,The speaker gestures with his hand once.,0.341
NQM30GUj_7s,NQM30GUj_7s,6,The speaker gestures with his hand twice.,0.341
NQM30GUj_7s,NQM30GUj_7s,7,The speaker gestures with his hand once in the picture.,0.341
NQM30GUj_7s,NQM30GUj_7s,8,The speaker gestures with his hand once in the image.,0.341
NQM30GUj_7s,NQM30GUj_7s,9,The speaker gestures with his hand once.,0.341
NQM30GUj_7s,NQM30GUj_7s,10,The speaker gestures with his hand once in the image.,0.341
NrB4LPosWBk,NrB4LPosWBk,1,"The last word in the video is ""video"".",0.5302
NrB4LPosWBk,NrB4LPosWBk,2,"The last word in the video is ""END"".",0.5302
NrB4LPosWBk,NrB4LPosWBk,3,"The last word in the video is ""word"".",0.5302
NrB4LPosWBk,NrB4LPosWBk,4,"The last word in the video is ""end"".",0.5302
NrB4LPosWBk,NrB4LPosWBk,5,"The last word in the video is ""video"".",0.5302
NrB4LPosWBk,NrB4LPosWBk,6,"The last word in the video is ""the"".",0.5302
NrB4LPosWBk,NrB4LPosWBk,7,"The last word in the video is ""video"".",0.5302
NrB4LPosWBk,NrB4LPosWBk,8,"The last word in the video is ""love"".",0.5302
NrB4LPosWBk,NrB4LPosWBk,9,"The last word in the video is ""helpful"".",0.5302
NrB4LPosWBk,NrB4LPosWBk,10,"The last word in the video is ""end.""",0.5302
NS4xBlXvjVY,NS4xBlXvjVY,1,The video is about a person performing a dance routine to a song with a lively and energetic beat.,0.5645
NS4xBlXvjVY,NS4xBlXvjVY,2,The video is about a person playing the guitar and singing.,0.5645
NS4xBlXvjVY,NS4xBlXvjVY,3,The video is about the importance of maintaining a balanced diet and its role in promoting good health.,0.5645
NS4xBlXvjVY,NS4xBlXvjVY,4,"The video appears to be about a person with long hair, possibly engaged in a conversation or activity, but the details are unclear due to the lack of context and the image quality.",0.5645
NS4xBlXvjVY,NS4xBlXvjVY,5,"The video is about a person preparing food, specifically arranging ingredients on a cutting board.",0.5645
NS4xBlXvjVY,NS4xBlXvjVY,6,"The video appears to be about a person engaging in an activity, possibly involving a dog, as suggested by the partial view of a dog's head and the context of the surrounding environment.",0.5645
NS4xBlXvjVY,NS4xBlXvjVY,7,"The video appears to be about a character or scene that involves a person in a red outfit, possibly in a dance or performance setting, with a focus on movement and energy.",0.5645
NS4xBlXvjVY,NS4xBlXvjVY,8,"The video appears to be a simple visual representation of a cat, likely for a logo, mascot, or a minimalist design.",0.5645
NS4xBlXvjVY,NS4xBlXvjVY,9,The video is about a person walking along a path with a handbag and a small object in their hand.,0.5645
NS4xBlXvjVY,NS4xBlXvjVY,10,"The video appears to be a simple text-based message, possibly an error or placeholder, indicating that there is no content or video to be displayed.",0.5645
NsF80sL5wy4,NsF80sL5wy4,1,The video does not provide any audio or visual content of ghosts speaking.,0.6777
NsF80sL5wy4,NsF80sL5wy4,2,"The video shows a scene with ghosts, but there is no audio or text indicating what they are saying.",0.6777
NsF80sL5wy4,NsF80sL5wy4,3,"The ghosts are saying ""We are here to haunt you!""",0.6777
NsF80sL5wy4,NsF80sL5wy4,4,"The video does not provide audio, so it's not possible to determine what the ghosts are saying.",0.6777
NsF80sL5wy4,NsF80sL5wy4,5,"The video does not provide audio, so it's not possible to determine what the ghosts are saying.",0.6777
NsF80sL5wy4,NsF80sL5wy4,6,The video does not show any ghosts or audible dialogue. It appears to be a still image with no accompanying audio.,0.6777
NsF80sL5wy4,NsF80sL5wy4,7,The video does not show any ghosts speaking; it only shows a black screen with white text.,0.6777
NsF80sL5wy4,NsF80sL5wy4,8,"The video does not provide audio, so the ghosts are not saying anything.",0.6777
NsF80sL5wy4,NsF80sL5wy4,9,"The image you provided does not contain any text or audio content related to ghosts or their speech, so it is not possible to determine what the ghosts are saying.",0.6777
NsF80sL5wy4,NsF80sL5wy4,10,The video does not contain any audio or visual elements that suggest the ghosts are saying anything.,0.6777
NTFy32oOlsU,NTFy32oOlsU,1,"The runners remained safe by staying within the designated baselines and avoiding any interference with the game, adhering to the rules of the sport.",0.656
NTFy32oOlsU,NTFy32oOlsU,2,"The runners remained safe by following the rules of the game, including staying within the baselines and avoiding interfering with other players, ensuring they could safely reach second base.",0.656
NTFy32oOlsU,NTFy32oOlsU,3,"The runners remained safe by ensuring they were aware of the rules and signals, and by running in a safe and legal manner, avoiding collisions with other players.",0.656
NTFy32oOlsU,NTFy32oOlsU,4,"The runners remained safe by carefully observing the base paths and avoiding collisions with other players, ensuring they reached second base without being tagged out.",0.656
NTFy32oOlsU,NTFy32oOlsU,5,"The runners remained safe by following the rules of baseball, staying on the bases, and avoiding collisions with other players while running to second base.",0.656
NTFy32oOlsU,NTFy32oOlsU,6,"The runners remained safe by running directly to second base without any distractions or obstacles, ensuring they did not collide with any players or barriers.",0.656
NTFy32oOlsU,NTFy32oOlsU,7,"The runners remained safe by following the rules of the game, which include staying on the base paths and being tagged out by the opposing team's player before reaching the base.",0.656
NTFy32oOlsU,NTFy32oOlsU,8,"The runners remained safe by following the rules of the game, staying on the bases, and ensuring they reached second base before the ball was put into play.",0.656
NTFy32oOlsU,NTFy32oOlsU,9,"The runners remained safe by staying on the baselines and avoiding any collisions with other players, adhering to the rules of the game to ensure fair play.",0.656
NTFy32oOlsU,NTFy32oOlsU,10,"The runners remained safe by staying in their designated lanes and maintaining a safe distance from the bases, ensuring they did not interfere with the game or risk a collision.",0.656
NUmb2P3Bzu8,NUmb2P3Bzu8,1,The speaker's tone and inflection suggest a growing emotional investment in the topic.,0.5895
NUmb2P3Bzu8,NUmb2P3Bzu8,2,"The speaker's tone and the use of ""I don't know"" suggest uncertainty and possibly a mix of emotions, which could indicate they are getting emotional about the topic.",0.5895
NUmb2P3Bzu8,NUmb2P3Bzu8,3,The speaker's use of repetition and the tone of their voice suggest they are getting emotional about the topic.,0.5895
NUmb2P3Bzu8,NUmb2P3Bzu8,4,"The speaker's use of ellipsis (...), a pause in the sentence (...), and the question mark (?) indicate a possible emotional response to the topic.",0.5895
NUmb2P3Bzu8,NUmb2P3Bzu8,5,"The speaker's tone and the repetition of the word ""love"" suggest they are expressing a strong emotional connection to the topic.",0.5895
NUmb2P3Bzu8,NUmb2P3Bzu8,6,The speaker's tone and use of pauses suggest they are getting emotional about the topic.,0.5895
NUmb2P3Bzu8,NUmb2P3Bzu8,7,The speaker's tone and the use of rhetorical questions suggest an emotional engagement with the topic.,0.5895
NUmb2P3Bzu8,NUmb2P3Bzu8,8,"The speaker's tone and the repetition of ""love"" suggest a strong emotional investment in the topic.",0.5895
NUmb2P3Bzu8,NUmb2P3Bzu8,9,The speaker's tone and the use of ellipsis suggest they are emotional about the topic.,0.5895
NUmb2P3Bzu8,NUmb2P3Bzu8,10,The speaker's tone and the use of emphatic language suggest they are getting emotional about the topic.,0.5895
Nvg0mgGelUU,Nvg0mgGelUU,1,"The sign on the refrigerator door says ""FROZEN FOODS"".",0.3256
Nvg0mgGelUU,Nvg0mgGelUU,2,"The sign on the refrigerator door says ""No cold"" in red letters.",0.3256
Nvg0mgGelUU,Nvg0mgGelUU,3,"The sign on the refrigerator door says ""Keep Cool.""",0.3256
Nvg0mgGelUU,Nvg0mgGelUU,4,"The sign on the refrigerator door says ""No Smoking"".",0.3256
Nvg0mgGelUU,Nvg0mgGelUU,5,"The sign on the refrigerator door says ""Keep Cool.""",0.3256
Nvg0mgGelUU,Nvg0mgGelUU,6,"The sign on the refrigerator door says ""Do Not Refrigerate"".",0.3256
Nvg0mgGelUU,Nvg0mgGelUU,7,"The sign on the refrigerator door says ""Milk is fresh.""",0.3256
Nvg0mgGelUU,Nvg0mgGelUU,8,"The sign on the refrigerator door says ""Happy Birthday!""",0.3256
Nvg0mgGelUU,Nvg0mgGelUU,9,"The sign on the refrigerator door says ""Please wash hands after using.""",0.3256
Nvg0mgGelUU,Nvg0mgGelUU,10,"The sign on the refrigerator door says ""Meat"".",0.3256
Nvg87OLVObE,Nvg87OLVObE,1,The cartoon characters are likely shouting at each other as part of a comedic or exaggerated scene to convey conflict or surprise in a humorous way.,0.6851
Nvg87OLVObE,Nvg87OLVObE,2,The cartoon characters are shouting at each other because they appear to be engaged in a heated argument or disagreement.,0.6851
Nvg87OLVObE,Nvg87OLVObE,3,The cartoon characters are shouting at each other to emphasize their disagreement or intense emotion in the scene.,0.6851
Nvg87OLVObE,Nvg87OLVObE,4,"The cartoon characters are likely engaged in a humorous or exaggerated argument, which is a common trope in animated shows to convey conflict in a lighthearted manner.",0.6851
Nvg87OLVObE,Nvg87OLVObE,5,"The cartoon characters are shouting at each other likely because they are engaged in a heated argument or disagreement, which is a common scenario in animated storytelling to convey conflict or tension.",0.6851
Nvg87OLVObE,Nvg87OLVObE,6,"The cartoon characters are likely shouting at each other to express strong emotions or to emphasize their points in a humorous or exaggerated manner, typical of animated storytelling.",0.6851
Nvg87OLVObE,Nvg87OLVObE,7,The cartoon characters are shouting at each other because they appear to be in a heated argument or disagreement.,0.6851
Nvg87OLVObE,Nvg87OLVObE,8,"The cartoon characters are shouting at each other likely because they are engaged in an argument or disagreement, as indicated by their animated gestures and facial expressions.",0.6851
Nvg87OLVObE,Nvg87OLVObE,9,The cartoon characters are shouting at each other to emphasize their disagreement or frustration in the animated conflict.,0.6851
Nvg87OLVObE,Nvg87OLVObE,10,The cartoon characters are shouting at each other likely because they are engaged in a heated argument or expressing strong emotions.,0.6851
NVkXXOpygeg,NVkXXOpygeg,1,There are two fish in the drawing.,0.2736
NVkXXOpygeg,NVkXXOpygeg,2,There are two fish in the drawing.,0.2736
NVkXXOpygeg,NVkXXOpygeg,3,There are no fish in the drawing.,0.2736
NVkXXOpygeg,NVkXXOpygeg,4,There are no fish in the drawing.,0.2736
NVkXXOpygeg,NVkXXOpygeg,5,There is one fish in the drawing.,0.2736
NVkXXOpygeg,NVkXXOpygeg,6,There is one fish in the drawing.,0.2736
NVkXXOpygeg,NVkXXOpygeg,7,There is one fish in the drawing.,0.2736
NVkXXOpygeg,NVkXXOpygeg,8,There are no fish in the drawing.,0.2736
NVkXXOpygeg,NVkXXOpygeg,9,There are no fish in the drawing.,0.2736
NVkXXOpygeg,NVkXXOpygeg,10,There is one fish in the drawing.,0.2736
NW3Mhr76ClM,NW3Mhr76ClM,1,"The only thing W2S says in this video is ""Hello.""",0.3728
NW3Mhr76ClM,NW3Mhr76ClM,2,"The only thing W2S says in this video is ""W2S"".",0.3728
NW3Mhr76ClM,NW3Mhr76ClM,3,"W2S says ""Nope"" in the video.",0.3728
NW3Mhr76ClM,NW3Mhr76ClM,4,"W2S says ""I'm sorry, I didn't understand that.""",0.3728
NW3Mhr76ClM,NW3Mhr76ClM,5,"W2S says ""Hey"" in the video.",0.3728
NW3Mhr76ClM,NW3Mhr76ClM,6,"W2S says ""Okay"" in the video.",0.3728
NW3Mhr76ClM,NW3Mhr76ClM,7,"W2S says ""Hey"" in the video.",0.3728
NW3Mhr76ClM,NW3Mhr76ClM,8,"W2S says ""hello"" in the video.",0.3728
NW3Mhr76ClM,NW3Mhr76ClM,9,"The only thing W2S says in this video is ""Ciao"".",0.3728
NW3Mhr76ClM,NW3Mhr76ClM,10,"W2S says ""yup"" in the video.",0.3728
NwUjBfzE7CU,NwUjBfzE7CU,1,There are two people working on the roof.,0.9958
NwUjBfzE7CU,NwUjBfzE7CU,2,There are two people working on the roof.,0.9958
NwUjBfzE7CU,NwUjBfzE7CU,3,There are two people working on the roof in the picture.,0.9958
NwUjBfzE7CU,NwUjBfzE7CU,4,There are two people working on the roof in the image.,0.9958
NwUjBfzE7CU,NwUjBfzE7CU,5,There are two people working on the roof.,0.9958
NwUjBfzE7CU,NwUjBfzE7CU,6,There are two people working on the roof in the picture.,0.9958
NwUjBfzE7CU,NwUjBfzE7CU,7,There is one person working on the roof.,0.9958
NwUjBfzE7CU,NwUjBfzE7CU,8,There are two people working on the roof.,0.9958
NwUjBfzE7CU,NwUjBfzE7CU,9,There are no people visible on the roof in the image.,0.9958
NwUjBfzE7CU,NwUjBfzE7CU,10,There are no people visible on the roof in the image.,0.9958
NzCvq05qJlo,NzCvq05qJlo,1,"The guy in red shorts is flipped over and lands on his back, revealing his surprised expression.",0.6081
NzCvq05qJlo,NzCvq05qJlo,2,"After the guy in red shorts is flipped, he is upside down, and his feet are touching the ground while his head is pointing towards the ceiling.",0.6081
NzCvq05qJlo,NzCvq05qJlo,3,"After the guy in red shorts is flipped, he lands on his back and continues to flip in the air.",0.6081
NzCvq05qJlo,NzCvq05qJlo,4,The guy in red shorts is flipped and ends up in the water.,0.6081
NzCvq05qJlo,NzCvq05qJlo,5,"The guy in red shorts is flipped, likely causing him to lose his balance and potentially fall or stumble.",0.6081
NzCvq05qJlo,NzCvq05qJlo,6,"After the guy in red shorts is flipped, the scene transitions to a black background with a yellow and white graphic resembling a gear or clock face.",0.6081
NzCvq05qJlo,NzCvq05qJlo,7,"After the guy in red shorts is flipped, he falls to the ground, and the image shows him in a state of motion, suggesting he has been thrown or tripped.",0.6081
NzCvq05qJlo,NzCvq05qJlo,8,"After the guy in red shorts is flipped, he lands on his back and appears to be in a playful or accidental pose.",0.6081
NzCvq05qJlo,NzCvq05qJlo,9,"The guy in red shorts is flipped, and the image captures the moment of his movement.",0.6081
NzCvq05qJlo,NzCvq05qJlo,10,"After the guy in red shorts is flipped, the video continues with a different scene or sequence.",0.6081
Nzi5IMGq-p8,Nzi5IMGq-p8,1,There are two hearts on the screen.,0.3803
Nzi5IMGq-p8,Nzi5IMGq-p8,2,There are two hearts on the screen.,0.3803
Nzi5IMGq-p8,Nzi5IMGq-p8,3,There are two hearts on the screen.,0.3803
Nzi5IMGq-p8,Nzi5IMGq-p8,4,There are two hearts on the screen.,0.3803
Nzi5IMGq-p8,Nzi5IMGq-p8,5,There are two hearts on the screen.,0.3803
Nzi5IMGq-p8,Nzi5IMGq-p8,6,There is one heart on the screen.,0.3803
Nzi5IMGq-p8,Nzi5IMGq-p8,7,There are three hearts on the screen.,0.3803
Nzi5IMGq-p8,Nzi5IMGq-p8,8,There are two hearts on the screen.,0.3803
Nzi5IMGq-p8,Nzi5IMGq-p8,9,There is one heart on the screen.,0.3803
Nzi5IMGq-p8,Nzi5IMGq-p8,10,There are two hearts on the screen.,0.3803
O-d2M-zIMPo,O-d2M-zIMPo,1,"To take an aerial video, you can use a drone equipped with a camera, ensuring it's operated safely and legally, and capturing the footage from above the ground.",0.9156
O-d2M-zIMPo,O-d2M-zIMPo,2,"To take an aerial video, you need a drone or a similar flying device, and then you can capture footage from above by flying the drone and recording the video.",0.9156
O-d2M-zIMPo,O-d2M-zIMPo,3,"To take an aerial video, you can use a drone equipped with a camera to fly at a stable altitude and capture footage, or use a camera mounted on a balloon or a kite for a different perspective.",0.9156
O-d2M-zIMPo,O-d2M-zIMPo,4,"To take an aerial video, you need a drone or a camera-equipped aircraft, and you fly it while capturing the footage from above, often using a remote control to maneuver and adjust the camera settings to get the desired view.",0.9156
O-d2M-zIMPo,O-d2M-zIMPo,5,"To take an aerial video, you can use a drone equipped with a camera, and fly it at a controlled altitude to capture footage from above, often in a series of sequential photos or video clips that can be stitched together.",0.9156
O-d2M-zIMPo,O-d2M-zIMPo,6,"To take an aerial video, you can use a drone or a camera attached to a balloon or a kite, ensuring the camera is mounted securely and pointed towards the subject.",0.9156
O-d2M-zIMPo,O-d2M-zIMPo,7,"To take an aerial video, you need a drone, a camera mounted on it, and a stable, clear environment. Ensure the drone is flown at a safe altitude, avoid obstructions, and maintain control to capture smooth footage.",0.9156
O-d2M-zIMPo,O-d2M-zIMPo,8,"To take an aerial video, you need a drone or a similar device capable of flying, equipped with a camera, and then carefully pilot the device over the desired area while maintaining a steady altitude and angle to capture the footage.",0.9156
O-d2M-zIMPo,O-d2M-zIMPo,9,"To take an aerial video, you can use a drone equipped with a camera, fly it above your subject, and record the footage as you move through the air.",0.9156
O-d2M-zIMPo,O-d2M-zIMPo,10,"To take an aerial video, you can use a drone equipped with a camera, ensuring it is operated safely and legally, and that you have permission to fly over the area you plan to capture.",0.9156
O44HmlgDbTs,O44HmlgDbTs,1,"The machine appears to be in a state of inactivity, as indicated by the lack of any visible motion or activity.",0.5513
O44HmlgDbTs,O44HmlgDbTs,2,The machine is not performing any action as it is shown in a static image.,0.5513
O44HmlgDbTs,O44HmlgDbTs,3,"The machine appears to be in a state of inactivity or rest, as there is no visible activity or output.",0.5513
O44HmlgDbTs,O44HmlgDbTs,4,"The machine is processing a request or task, as indicated by the green light.",0.5513
O44HmlgDbTs,O44HmlgDbTs,5,"The machine appears to be processing or analyzing data, as indicated by the presence of a computer screen and various cables connected to it.",0.5513
O44HmlgDbTs,O44HmlgDbTs,6,The machine is processing or analyzing data.,0.5513
O44HmlgDbTs,O44HmlgDbTs,7,The machine appears to be engaged in some form of processing or production activity.,0.5513
O44HmlgDbTs,O44HmlgDbTs,8,"The machine is processing or analyzing a document, as indicated by the presence of paper and the equipment resembling a scanner or printer.",0.5513
O44HmlgDbTs,O44HmlgDbTs,9,"The machine appears to be in the process of processing or analyzing something, as indicated by the spinning components and the data being displayed on the screen.",0.5513
O44HmlgDbTs,O44HmlgDbTs,10,"The machine is processing a document, likely performing tasks such as scanning, printing, or indexing.",0.5513
O5Qh7EZ3M1I,O5Qh7EZ3M1I,1,The second character is holding a bird.,0.4612
O5Qh7EZ3M1I,O5Qh7EZ3M1I,2,The second character is holding a cat and a bird.,0.4612
O5Qh7EZ3M1I,O5Qh7EZ3M1I,3,The second character is holding a dog and a cat.,0.4612
O5Qh7EZ3M1I,O5Qh7EZ3M1I,4,The second character is holding a pair of scissors.,0.4612
O5Qh7EZ3M1I,O5Qh7EZ3M1I,5,The second character is holding a cat and a dog.,0.4612
O5Qh7EZ3M1I,O5Qh7EZ3M1I,6,The second character is holding a cat and a dog.,0.4612
O5Qh7EZ3M1I,O5Qh7EZ3M1I,7,The second character is holding a small bird and a snake.,0.4612
O5Qh7EZ3M1I,O5Qh7EZ3M1I,8,The second character is holding two dogs.,0.4612
O5Qh7EZ3M1I,O5Qh7EZ3M1I,9,The second character is holding two dogs.,0.4612
O5Qh7EZ3M1I,O5Qh7EZ3M1I,10,The second character is holding a pair of scissors.,0.4612
O60MtMuSpf8,O60MtMuSpf8,1,"The image of the herpes virus is not provided, so I cannot determine its color.",0.5405
O60MtMuSpf8,O60MtMuSpf8,2,The image of the herpes virus is shown in a color that resembles a dark blue or purple hue.,0.5405
O60MtMuSpf8,O60MtMuSpf8,3,The image of the herpes virus is shown in red.,0.5405
O60MtMuSpf8,O60MtMuSpf8,4,"The image of the herpes virus is not provided, so the color cannot be determined.",0.5405
O60MtMuSpf8,O60MtMuSpf8,5,"The image of the herpes virus is depicted in a simplified, artistic style and is typically shown in a variety of colors, often using a blue or green hue to represent the virus.",0.5405
O60MtMuSpf8,O60MtMuSpf8,6,"The image of the herpes virus is not provided, as the image content is a question mark, indicating the absence of an image or the inability to display it.",0.5405
O60MtMuSpf8,O60MtMuSpf8,7,The image of the herpes virus is not provided in the question.,0.5405
O60MtMuSpf8,O60MtMuSpf8,8,"The image of the herpes virus is not provided in the text, and therefore cannot be determined.",0.5405
O60MtMuSpf8,O60MtMuSpf8,9,The image of the herpes virus is depicted in a blue color.,0.5405
O60MtMuSpf8,O60MtMuSpf8,10,"The image of the herpes virus is not provided, as it is a microscopic view and cannot be represented in a color image.",0.5405
O6VNkADtKV4,O6VNkADtKV4,1,"This image appears to be a reference to the ""Warhammer 40,000"" universe, where such events are called ""Space Marine Kill Teams.""",0.665
O6VNkADtKV4,O6VNkADtKV4,2,"This is a ring fight league called ""The Ring.""",0.665
O6VNkADtKV4,O6VNkADtKV4,3,"This league of ring fights is called ""Ultimate Fighting Championship"" (UFC).",0.665
O6VNkADtKV4,O6VNkADtKV4,4,"This league of ring fights is called a ""Bout.""",0.665
O6VNkADtKV4,O6VNkADtKV4,5,This is called the Ultimate Fighting Championship (UFC).,0.665
O6VNkADtKV4,O6VNkADtKV4,6,"This is a fictional league of ring fights, often referred to as a ""gladiatorial"" or ""arena combat"" league, which is a concept from literature, movies, and video games, not a real sports league.",0.665
O6VNkADtKV4,O6VNkADtKV4,7,"This league of ring fights is called the WWE, which stands for World Wrestling Entertainment.",0.665
O6VNkADtKV4,O6VNkADtKV4,8,"The league of ring fights is called the ""World of Warcraft.""",0.665
O6VNkADtKV4,O6VNkADtKV4,9,"This league of ring fights is called ""The Ring of Fire.""",0.665
O6VNkADtKV4,O6VNkADtKV4,10,"This league of ring fights is called a ""boxing league.""",0.665
O7lBcBruXHM,O7lBcBruXHM,1,"The stewardess might ask the man to put on his shoes to ensure safety and comfort during the flight, as shoes can provide a better grip and protect the feet from any potential hazards.",0.6576
O7lBcBruXHM,O7lBcBruXHM,2,"The stewardess likely asked the man to put on his shoes to ensure his comfort and safety during the flight, as wearing shoes can provide additional support and reduce the risk of injury from sudden movements.",0.6576
O7lBcBruXHM,O7lBcBruXHM,3,The stewardess asks the man to put on his shoes to ensure his safety and comfort during the flight.,0.6576
O7lBcBruXHM,O7lBcBruXHM,4,"The stewardess likely asks the man to put on his shoes to ensure safety and comfort during the flight, as shoes provide better traction and comfort for walking on the aircraft floor.",0.6576
O7lBcBruXHM,O7lBcBruXHM,5,"The stewardess asks the man to put on his shoes to ensure his comfort and safety during the flight, as shoes provide a better grip on the pedals of the aircraft.",0.6576
O7lBcBruXHM,O7lBcBruXHM,6,"The stewardess asks the man to put on his shoes to ensure his safety and comfort during the flight, as shoes provide a better grip and reduce the risk of injury in case of an emergency.",0.6576
O7lBcBruXHM,O7lBcBruXHM,7,"The stewardess likely asked the man to put on his shoes to ensure his safety and comfort during the flight, as shoes provide better foot support and reduce the risk of injury or discomfort.",0.6576
O7lBcBruXHM,O7lBcBruXHM,8,"The stewardess likely asks the man to put on his shoes to ensure his safety and comfort during the flight, as wearing shoes can provide better support and stability, especially during turbulence.",0.6576
O7lBcBruXHM,O7lBcBruXHM,9,"The stewardess likely asks the man to put on his shoes because he may have removed them for comfort or to relax, but they are required for safety during takeoff and landing.",0.6576
O7lBcBruXHM,O7lBcBruXHM,10,"The stewardess likely asked the man to put on his shoes to ensure his safety and comfort during the flight, as it is common practice to wear shoes on planes for both practical and safety reasons.",0.6576
OCaOr_BQxhs,OCaOr_BQxhs,1,"The two men join the original man on the street to discuss their plans for the day, which include visiting the local park and having lunch together.",0.5439
OCaOr_BQxhs,OCaOr_BQxhs,2,The two men join the original man on the street to engage in a conversation or to assist him with something.,0.5439
OCaOr_BQxhs,OCaOr_BQxhs,3,The two men join the original man on the street to participate in a group activity or discussion.,0.5439
OCaOr_BQxhs,OCaOr_BQxhs,4,"The two men join the original man on the street to discuss their plans for the day, which include visiting a local caf? and then heading to the park for a picnic.",0.5439
OCaOr_BQxhs,OCaOr_BQxhs,5,"The two men join the original man on the street to discuss a matter that has arisen, possibly related to their shared experience or a mutual issue they need to address.",0.5439
OCaOr_BQxhs,OCaOr_BQxhs,6,The two men join the original man on the street to collaborate on a project that requires more hands.,0.5439
OCaOr_BQxhs,OCaOr_BQxhs,7,The two men join the original man on the street to engage in a conversation or activity together.,0.5439
OCaOr_BQxhs,OCaOr_BQxhs,8,The two men join the original man on the street to discuss a potential business deal involving a rare antique that the original man is seeking to sell.,0.5439
OCaOr_BQxhs,OCaOr_BQxhs,9,"The two men join the original man on the street to assist him with an emergency situation, likely a medical or safety issue.",0.5439
OCaOr_BQxhs,OCaOr_BQxhs,10,The two men join the original man on the street to possibly engage in a conversation or to share something of interest with him.,0.5439
OcqojDJjc48,OcqojDJjc48,1,The young person is watching a person walking on a bridge.,0.4856
OcqojDJjc48,OcqojDJjc48,2,The young person is watching television.,0.4856
OcqojDJjc48,OcqojDJjc48,3,The young person is watching television.,0.4856
OcqojDJjc48,OcqojDJjc48,4,The young person is watching television.,0.4856
OcqojDJjc48,OcqojDJjc48,5,The young person is watching a television.,0.4856
OcqojDJjc48,OcqojDJjc48,6,The young person is watching television.,0.4856
OcqojDJjc48,OcqojDJjc48,7,"The young person is watching a movie or a video on a device, likely a tablet or a smartphone.",0.4856
OcqojDJjc48,OcqojDJjc48,8,The young person is watching a cartoon.,0.4856
OcqojDJjc48,OcqojDJjc48,9,The young person is watching a video or a film on a screen.,0.4856
OcqojDJjc48,OcqojDJjc48,10,The young person is watching a television.,0.4856
ODMhTBX1kSk,ODMhTBX1kSk,1,The man and woman jump off the platform and land safely on the ground below.,0.8763
ODMhTBX1kSk,ODMhTBX1kSk,2,"After the man and woman climb onto the platform, they prepare to board the train.",0.8763
ODMhTBX1kSk,ODMhTBX1kSk,3,"After the man and woman climb onto the platform, they likely proceed with their journey, which could involve boarding a train, a boat, or another mode of transportation.",0.8763
ODMhTBX1kSk,ODMhTBX1kSk,4,"After the man and woman climb onto the platform, they likely prepare for boarding a train or another form of transportation.",0.8763
ODMhTBX1kSk,ODMhTBX1kSk,5,"The man and woman are seen standing on the platform, preparing to board the train.",0.8763
ODMhTBX1kSk,ODMhTBX1kSk,6,"After climbing onto the platform, the man and woman likely prepare to board a train or another mode of transportation, as suggested by the presence of the train tracks and the platform's setup.",0.8763
ODMhTBX1kSk,ODMhTBX1kSk,7,"The man and woman are seen sitting on the platform, suggesting they have paused their climb and are resting.",0.8763
ODMhTBX1kSk,ODMhTBX1kSk,8,"After the man and woman climb onto the platform, they are likely preparing to board a train or other form of transportation.",0.8763
ODMhTBX1kSk,ODMhTBX1kSk,9,"After the man and woman climb onto the platform, they likely prepare to board the train, as the platform appears to be at a railway station.",0.8763
ODMhTBX1kSk,ODMhTBX1kSk,10,"After climbing onto the platform, the man and woman board a train and begin their journey.",0.8763
OdvR45DCdWo,OdvR45DCdWo,1,"The last word in the song sung in this video is ""love.""",0.6404
OdvR45DCdWo,OdvR45DCdWo,2,"The last word in the song sung in this video is ""love.""",0.6404
OdvR45DCdWo,OdvR45DCdWo,3,"The last word in the song sung in this video is ""love"".",0.6404
OdvR45DCdWo,OdvR45DCdWo,4,"The last word in the song sung in this video is ""love.""",0.6404
OdvR45DCdWo,OdvR45DCdWo,5,"The last word in the song sung in this video is ""love.""",0.6404
OdvR45DCdWo,OdvR45DCdWo,6,"The last word in the song sung in this video is ""love.""",0.6404
OdvR45DCdWo,OdvR45DCdWo,7,"The last word in the song sung in this video is ""love"".",0.6404
OdvR45DCdWo,OdvR45DCdWo,8,"The last word in the song sung in this video is ""love.""",0.6404
OdvR45DCdWo,OdvR45DCdWo,9,"The last word in the song sung in this video is ""love.""",0.6404
OdvR45DCdWo,OdvR45DCdWo,10,"The last word in the song sung in this video is ""love"".",0.6404
Od_pstVp5Sk,Od_pstVp5Sk,1,There are two light fixtures by the door in the image.,0.3569
Od_pstVp5Sk,Od_pstVp5Sk,2,There is one light fixture by the door in the image.,0.3569
Od_pstVp5Sk,Od_pstVp5Sk,3,There are two light fixtures by the door.,0.3569
Od_pstVp5Sk,Od_pstVp5Sk,4,There are two light fixtures by the door.,0.3569
Od_pstVp5Sk,Od_pstVp5Sk,5,There is one light fixture by the door.,0.3569
Od_pstVp5Sk,Od_pstVp5Sk,6,There are two light fixtures by the door.,0.3569
Od_pstVp5Sk,Od_pstVp5Sk,7,There is one light fixture by the door.,0.3569
Od_pstVp5Sk,Od_pstVp5Sk,8,There are two light fixtures by the door.,0.3569
Od_pstVp5Sk,Od_pstVp5Sk,9,There are two light fixtures by the door in the image.,0.3569
Od_pstVp5Sk,Od_pstVp5Sk,10,There are two light fixtures by the door in the image.,0.3569
OegrkuMK4Mc,OegrkuMK4Mc,1,"The men spin around because they are holding onto a spinning object, likely a chair or a similar rotating piece of furniture, which causes them to rotate due to the conservation of angular momentum.",0.7717
OegrkuMK4Mc,OegrkuMK4Mc,2,"The men spin around due to a centrifugal force generated by the spinning motion, which causes them to feel pushed outward from the center of rotation.",0.7717
OegrkuMK4Mc,OegrkuMK4Mc,3,The men spin around due to the centrifugal force exerted by the rotating platform.,0.7717
OegrkuMK4Mc,OegrkuMK4Mc,4,The men spin around due to the centrifugal force generated by the spinning motion.,0.7717
OegrkuMK4Mc,OegrkuMK4Mc,5,"The men spin around due to a combination of centrifugal force and balance adjustments as they extend their arms outward, increasing the moment of inertia, which slows their angular velocity.",0.7717
OegrkuMK4Mc,OegrkuMK4Mc,6,"The men are spinning around because they are holding a spinning object, likely a toy or a device designed for spinning, which creates the illusion of movement.",0.7717
OegrkuMK4Mc,OegrkuMK4Mc,7,The men are spinning around due to the centrifugal force generated by the rotation of the platform.,0.7717
OegrkuMK4Mc,OegrkuMK4Mc,8,"The men are spinning around because they are holding a spinning top, which is a toy that rotates on its axis when set in motion.",0.7717
OegrkuMK4Mc,OegrkuMK4Mc,9,The men spin around due to the centrifugal force generated by the circular motion of the merry-go-round.,0.7717
OegrkuMK4Mc,OegrkuMK4Mc,10,"The men spin around because they are performing a dance move known as a spin, which involves rotating quickly around a fixed point.",0.7717
Oepj9j_fkO4,Oepj9j_fkO4,1,The man was filling the balloon with air.,0.6563
Oepj9j_fkO4,Oepj9j_fkO4,2,The man was holding the balloon before he blew it up.,0.6563
Oepj9j_fkO4,Oepj9j_fkO4,3,The man was holding the balloon before blowing it up.,0.6563
Oepj9j_fkO4,Oepj9j_fkO4,4,The man was holding the balloon before blowing it up.,0.6563
Oepj9j_fkO4,Oepj9j_fkO4,5,The man was likely filling the balloon with air before blowing it up.,0.6563
Oepj9j_fkO4,Oepj9j_fkO4,6,The man was likely inflating the balloon before blowing it up.,0.6563
Oepj9j_fkO4,Oepj9j_fkO4,7,The man was holding the balloon before blowing it up.,0.6563
Oepj9j_fkO4,Oepj9j_fkO4,8,The man was preparing to blow up the balloon by attaching a pump to it.,0.6563
Oepj9j_fkO4,Oepj9j_fkO4,9,The man was likely filling the balloon with air or helium before blowing it up.,0.6563
Oepj9j_fkO4,Oepj9j_fkO4,10,The man was filling the balloon with air before blowing it up.,0.6563
OGTZn0v_g1I,OGTZn0v_g1I,1,"This is a reef knot, commonly used for tying packages or securing items.",0.751
OGTZn0v_g1I,OGTZn0v_g1I,2,"This knot is commonly used for tying a secure and easily untied knot, often referred to as a ""bowline.""",0.751
OGTZn0v_g1I,OGTZn0v_g1I,3,"This is a figure-eight knot, commonly used in climbing and sailing to secure a rope to a cleat or for creating a loop at the end of a rope.",0.751
OGTZn0v_g1I,OGTZn0v_g1I,4,"This is a Clove Hitch knot, commonly used for temporary binding, securing lines to objects, and creating a stopper knot.",0.751
OGTZn0v_g1I,OGTZn0v_g1I,5,"This is a bowline knot, used for creating a loop at the end of a rope that will not jam or slip.",0.751
OGTZn0v_g1I,OGTZn0v_g1I,6,"The knot in the image is a figure-eight knot, which is commonly used for making a secure loop in a rope.",0.751
OGTZn0v_g1I,OGTZn0v_g1I,7,"This is a sheet bend knot, used to connect the end of a line to the standing part of another line.",0.751
OGTZn0v_g1I,OGTZn0v_g1I,8,"This is a Clove Hitch knot, commonly used for tying a rope to an object or for temporary securing.",0.751
OGTZn0v_g1I,OGTZn0v_g1I,9,"This is a bowline knot, used for tying a secure loop in the end of a rope.",0.751
OGTZn0v_g1I,OGTZn0v_g1I,10,"This is a bowline knot, used for tying a loop that will not slip, often used in climbing and boating.",0.751
OHIPf6PUzfk,OHIPf6PUzfk,1,"The first two pitches were called strikes because the batter did not swing at them, even though they were within the strike zone, according to the rules of baseball.",0.7338
OHIPf6PUzfk,OHIPf6PUzfk,2,"The first two pitches were called strikes because the batter did not swing at them, which, according to baseball rules, counts as a strike if the pitch is within the strike zone.",0.7338
OHIPf6PUzfk,OHIPf6PUzfk,3,"The batter was called out on strikes because the pitcher threw two strikes, which is a rule in baseball indicating a strikeout.",0.7338
OHIPf6PUzfk,OHIPf6PUzfk,4,"The first two pitches were called strikes because the batter did not swing at them, which is considered a strike in baseball if the ball is in the strike zone.",0.7338
OHIPf6PUzfk,OHIPf6PUzfk,5,"The first two pitches were called strikes because the batter did not swing at them, which is a legal strike according to baseball rules.",0.7338
OHIPf6PUzfk,OHIPf6PUzfk,6,"The first two pitches were called strikes because they were thrown within the strike zone, and the batter did not swing, indicating that he did not attempt to hit the ball.",0.7338
OHIPf6PUzfk,OHIPf6PUzfk,7,"The first two pitches were called strikes because they were within the strike zone and the batter did not swing at them, which is a standard rule in baseball.",0.7338
OHIPf6PUzfk,OHIPf6PUzfk,8,"The first two pitches were called strikes because the batter did not swing at them, indicating that the batter did not make a play on the ball, which is a strike according to baseball rules.",0.7338
OHIPf6PUzfk,OHIPf6PUzfk,9,"The first two pitches were called strikes because they were within the strike zone and the batter did not swing at them, which is a rule in baseball that a pitch is considered a strike if it is thrown within the strike zone and the batter does not swing.",0.7338
OHIPf6PUzfk,OHIPf6PUzfk,10,"The first two pitches were called strikes because the batter did not swing at them, which is a legal strike in baseball.",0.7338
OJ7Cf6IlTfM,OJ7Cf6IlTfM,1,"The woman sneezes and accidentally blows the doll away, causing it to fall to the ground.",0.4792
OJ7Cf6IlTfM,OJ7Cf6IlTfM,2,"The woman sneezes, causing the doll to be blown away.",0.4792
OJ7Cf6IlTfM,OJ7Cf6IlTfM,3,"The woman sneezes and blows the doll away, causing it to fall to the ground.",0.4792
OJ7Cf6IlTfM,OJ7Cf6IlTfM,4,The woman's sneeze causes the doll to be blown away by the wind.,0.4792
OJ7Cf6IlTfM,OJ7Cf6IlTfM,5,The image does not provide enough context to determine what happens after the woman sneezes and blows the doll away.,0.4792
OJ7Cf6IlTfM,OJ7Cf6IlTfM,6,"The woman sneezes, causing the doll to be blown away by the force of the sneeze.",0.4792
OJ7Cf6IlTfM,OJ7Cf6IlTfM,7,"The woman sneezes, causing the doll to be blown away by the force of the sneeze.",0.4792
OJ7Cf6IlTfM,OJ7Cf6IlTfM,8,"After the woman sneezes and blows the doll away, the doll is sent flying through the air.",0.4792
OJ7Cf6IlTfM,OJ7Cf6IlTfM,9,"The woman sneezes and blows the doll away, causing it to fly off the shelf.",0.4792
OJ7Cf6IlTfM,OJ7Cf6IlTfM,10,"The woman sneezes and blows the doll away, causing it to fly off in the wind.",0.4792
OKy74dEPaaw,OKy74dEPaaw,1,There is one camera in the video.,0.3713
OKy74dEPaaw,OKy74dEPaaw,2,There is one camera in the video.,0.3713
OKy74dEPaaw,OKy74dEPaaw,3,There is one camera in the video.,0.3713
OKy74dEPaaw,OKy74dEPaaw,4,There is one camera in the video.,0.3713
OKy74dEPaaw,OKy74dEPaaw,5,There are two cameras in the video.,0.3713
OKy74dEPaaw,OKy74dEPaaw,6,There is one camera in the video.,0.3713
OKy74dEPaaw,OKy74dEPaaw,7,There are two cameras in the video.,0.3713
OKy74dEPaaw,OKy74dEPaaw,8,There is one camera in the video.,0.3713
OKy74dEPaaw,OKy74dEPaaw,9,There are two cameras in the video.,0.3713
OKy74dEPaaw,OKy74dEPaaw,10,There are two cameras in the video.,0.3713
OQ1nmIuImes,OQ1nmIuImes,1,"The image appears to show a person sitting on a bench, but there is no indication of a white guy squatting on the bench in the same way as the black guy. Therefore, no inference can be made about the actions of the black guy or the white guy from the image provided.",1.0448
OQ1nmIuImes,OQ1nmIuImes,2,The image does not provide enough context to infer anything about the actions of the individuals or their intentions.,1.0448
OQ1nmIuImes,OQ1nmIuImes,3,"The image provided is incomplete and lacks context, making it impossible to infer any specific behavior or reaction from the individuals depicted.",1.0448
OQ1nmIuImes,OQ1nmIuImes,4,"It can be inferred that the black guy may have felt a sense of familiarity or comfort with the white guy's behavior, suggesting they might have shared a common understanding or context for squatting on the bench in that manner.",1.0448
OQ1nmIuImes,OQ1nmIuImes,5,"The image appears to depict a person squatting on a bench, but there are no indications of race or behavior from the person in the image. Therefore, it's not possible to infer anything about the actions or reactions of a person based on their race from this image alone.",1.0448
OQ1nmIuImes,OQ1nmIuImes,6,"The image shows a black man and a white man sitting on a bench in a way that suggests they are both comfortable and relaxed, possibly indicating a sense of familiarity or mutual respect between them.",1.0448
OQ1nmIuImes,OQ1nmIuImes,7,"The image appears to be a still from a film or TV show where a character, presumably a black man, is reacting to another character, a white man, squatting on a bench. Without additional context, it's not possible to infer any specific sentiment or action from the reaction alone, as the reaction could be due",1.0448
OQ1nmIuImes,OQ1nmIuImes,8,The image does not provide enough context to infer anything about the actions or reactions of the individuals depicted.,1.0448
OQ1nmIuImes,OQ1nmIuImes,9,The image does not provide enough context to infer anything about the actions or reactions of the individuals depicted. It appears to be a simple illustration or photograph without additional narrative or context.,1.0448
OQ1nmIuImes,OQ1nmIuImes,10,"The image appears to show a humorous or ironic situation where a black man is squatting on a bench in a way that mimics the posture of a white man who is also squatting. This could be interpreted as a playful or satirical commentary on the behavior or actions of the white man, possibly suggesting that the black",1.0448
Ord-GrcULgE,Ord-GrcULgE,1,The instrument being played at the end of the video is the cello.,0.4061
Ord-GrcULgE,Ord-GrcULgE,2,The instrument being played at the end of the video is a violin.,0.4061
Ord-GrcULgE,Ord-GrcULgE,3,A piano is being played at the end of the video.,0.4061
Ord-GrcULgE,Ord-GrcULgE,4,A guitar is being played at the end of the video.,0.4061
Ord-GrcULgE,Ord-GrcULgE,5,The instrument being played at the end of the video is the violin.,0.4061
Ord-GrcULgE,Ord-GrcULgE,6,A flute is being played at the end of the video.,0.4061
Ord-GrcULgE,Ord-GrcULgE,7,"At the end of the video, a guitar is being played.",0.4061
Ord-GrcULgE,Ord-GrcULgE,8,The instrument being played at the end of the video is the violin.,0.4061
Ord-GrcULgE,Ord-GrcULgE,9,A violin is being played at the end of the video.,0.4061
Ord-GrcULgE,Ord-GrcULgE,10,The instrument being played at the end of the video is a violin.,0.4061
OtBRqhlx97A,OtBRqhlx97A,1,The man is likely using his phone to track his running progress or to listen to music to stay motivated while running.,0.852
OtBRqhlx97A,OtBRqhlx97A,2,"The man is likely using his phone for navigation or tracking while running, to ensure he stays on the correct path or to monitor his fitness progress.",0.852
OtBRqhlx97A,OtBRqhlx97A,3,"The man is likely holding his phone up to take a photo or video, possibly to capture his running experience or to document his progress.",0.852
OtBRqhlx97A,OtBRqhlx97A,4,The man is likely holding his phone up while running to use a fitness tracking app that provides real-time data on his workout progress or to listen to music or a podcast to help him stay motivated.,0.852
OtBRqhlx97A,OtBRqhlx97A,5,The man is likely holding his phone up while running to check for navigation or to keep track of his pace and distance.,0.852
OtBRqhlx97A,OtBRqhlx97A,6,The man is holding his phone up while running to check his progress or to use a fitness app to track his activity.,0.852
OtBRqhlx97A,OtBRqhlx97A,7,"The man is likely holding his phone up while running to check messages, track his progress, or listen to music.",0.852
OtBRqhlx97A,OtBRqhlx97A,8,"The man is likely holding his phone up while running to check his fitness tracker or a running app for guidance, motivation, or to monitor his progress.",0.852
OtBRqhlx97A,OtBRqhlx97A,9,"The man is likely holding his phone up while running to take a photo or video, or to use a fitness app to track his progress or performance.",0.852
OtBRqhlx97A,OtBRqhlx97A,10,"The man is holding his phone up while running to possibly check for navigation, music, or fitness tracking data to monitor his progress or maintain a safe pace.",0.852
OThOm8Gyfv0,OThOm8Gyfv0,1,"The speaker is holding a special object that is unique and valuable, as it has been in their family for generations.",0.6635
OThOm8Gyfv0,OThOm8Gyfv0,2,"The speaker is holding and describing something that is a unique or valuable item, possibly a collectible or a piece with historical significance.",0.6635
OThOm8Gyfv0,OThOm8Gyfv0,3,The speaker is holding and describing a unique and special object that is not just any ordinary item.,0.6635
OThOm8Gyfv0,OThOm8Gyfv0,4,The speaker is holding and describing a unique object that has a distinctive feature that sets it apart from others.,0.6635
OThOm8Gyfv0,OThOm8Gyfv0,5,"The speaker is holding a unique and special object that is described as a ""rare artifact"" with historical significance.",0.6635
OThOm8Gyfv0,OThOm8Gyfv0,6,"The speaker is holding and describing a unique, small, and possibly rare object that stands out due to its distinct characteristics.",0.6635
OThOm8Gyfv0,OThOm8Gyfv0,7,"The speaker is holding and describing a unique item that is designed for personalizing or customizing, likely a tool or accessory that allows for unique designs or modifications.",0.6635
OThOm8Gyfv0,OThOm8Gyfv0,8,The speaker is holding and describing a unique piece of jewelry that features a rare gemstone.,0.6635
OThOm8Gyfv0,OThOm8Gyfv0,9,"The speaker is holding and describing a unique, handmade object with intricate details that are particularly valuable due to its craftsmanship and historical significance.",0.6635
OThOm8Gyfv0,OThOm8Gyfv0,10,"The speaker is holding and describing a unique, possibly handmade object that has a special significance or story associated with it.",0.6635
Ou68W-kNQvg,Ou68W-kNQvg,1,"The drawing appears to depict a simple geometric shape, possibly a square or rectangle, with a line dividing it into two sections. The lack of additional context or elements makes it difficult to determine the specific purpose or meaning of the drawing.",0.6992
Ou68W-kNQvg,Ou68W-kNQvg,2,"The drawing appears to be a simple line drawing of a person, possibly a stick figure, with a blank or stylized face.",0.6992
Ou68W-kNQvg,Ou68W-kNQvg,3,"The drawing appears to depict a simple line that resembles a smile or a curve, which might be intended to convey a sense of happiness or a playful expression.",0.6992
Ou68W-kNQvg,Ou68W-kNQvg,4,"The drawing shows a simple line that appears to be a straight horizontal line, possibly representing a line of text or a label in a diagram.",0.6992
Ou68W-kNQvg,Ou68W-kNQvg,5,"The drawing appears to be a simple, abstract representation of a face or a series of abstract shapes with no clear or discernible context or action taking place.",0.6992
Ou68W-kNQvg,Ou68W-kNQvg,6,"The drawing appears to be a simple, abstract representation of a face with a wide smile, featuring two large eyes, a small nose, and a large, open mouth.",0.6992
Ou68W-kNQvg,Ou68W-kNQvg,7,"The drawing appears to be an abstract representation, possibly depicting a stylized face or a series of connected dots forming a circular pattern.",0.6992
Ou68W-kNQvg,Ou68W-kNQvg,8,"The drawing appears to be a simple line drawing of a square with a circle inside it, which might represent a basic geometric shape or a placeholder for a more complex design.",0.6992
Ou68W-kNQvg,Ou68W-kNQvg,9,"The drawing appears to be a simple, abstract representation of a person, possibly a child, with a round head and a rectangular body, wearing a hat and holding an object that resembles a stick or a small branch.",0.6992
Ou68W-kNQvg,Ou68W-kNQvg,10,The drawing shows a simple stick figure standing on a green grassy field with a blue sky in the background.,0.6992
OUwnypSOteg,OUwnypSOteg,1,"The tractor is balancing on its rear wheels likely because the front wheels are off the ground, possibly due to being lifted by the tractor's lift mechanism or due to a malfunction.",0.7252
OUwnypSOteg,OUwnypSOteg,2,"The tractor is balancing on its rear wheels because the front wheels are lifted off the ground, likely for maintenance, inspection, or to change a tire.",0.7252
OUwnypSOteg,OUwnypSOteg,3,"The tractor is balancing on its rear wheels because the front wheels are likely off the ground, possibly due to a steering or suspension issue or because it is being tilted for maintenance or inspection.",0.7252
OUwnypSOteg,OUwnypSOteg,4,"The tractor is likely balancing on its rear wheels because the front wheels are off the ground, possibly due to the operator being in the cab, the tractor being lifted for maintenance, or it being designed to operate in a specific orientation.",0.7252
OUwnypSOteg,OUwnypSOteg,5,"The tractor is balancing on its rear wheels because the front wheels are likely lifted off the ground, possibly due to an obstacle, maintenance, or to allow for easier maneuvering around the field.",0.7252
OUwnypSOteg,OUwnypSOteg,6,"The tractor is likely balancing on its rear wheels because the front wheels are not in contact with the ground, possibly due to being lifted off the ground by a load or a mechanical issue.",0.7252
OUwnypSOteg,OUwnypSOteg,7,"The tractor is balancing on its rear wheels because the front wheels are lifted off the ground, possibly due to a steering maneuver or to clear an obstacle.",0.7252
OUwnypSOteg,OUwnypSOteg,8,"The tractor is balancing on its rear wheels, likely due to a malfunction or maintenance issue that has caused the front wheels to be lifted off the ground, possibly for repair or inspection.",0.7252
OUwnypSOteg,OUwnypSOteg,9,"The tractor is balancing on its rear wheels because the front wheels are likely off the ground, possibly due to a shift in weight distribution or a mechanical issue.",0.7252
OUwnypSOteg,OUwnypSOteg,10,"The tractor is likely balancing on its rear wheels because the front wheels are not touching the ground, possibly due to a lack of traction or due to a mechanical issue that prevents the front wheels from engaging the ground.",0.7252
OV6VkWpi_0M,OV6VkWpi_0M,1,"The men are running in front of a caravan of cars, possibly participating in a race or a group activity.",0.5533
OV6VkWpi_0M,OV6VkWpi_0M,2,"The men are running in front of a caravan of cars, possibly in a race or a themed event.",0.5533
OV6VkWpi_0M,OV6VkWpi_0M,3,"The men are running in front of the caravan of cars, possibly participating in a race or a playful event.",0.5533
OV6VkWpi_0M,OV6VkWpi_0M,4,"The men are running in front of the caravan of cars, possibly participating in a race or event.",0.5533
OV6VkWpi_0M,OV6VkWpi_0M,5,"The men are running in front of the caravan of cars, likely participating in a race or event.",0.5533
OV6VkWpi_0M,OV6VkWpi_0M,6,"The men appear to be running in a race or participating in a sporting event, given their posture and the presence of a crowd and cars, which might suggest a public event or competition.",0.5533
OV6VkWpi_0M,OV6VkWpi_0M,7,"The men are running in front of a caravan of cars, possibly participating in a race or a similar event.",0.5533
OV6VkWpi_0M,OV6VkWpi_0M,8,"The men are running in front of the caravan of cars, possibly participating in a race or participating in a stunt.",0.5533
OV6VkWpi_0M,OV6VkWpi_0M,9,"The men are running in front of the caravan of cars, likely participating in a race or a timed event.",0.5533
OV6VkWpi_0M,OV6VkWpi_0M,10,"The men appear to be running in front of a caravan of cars, possibly participating in a race or event.",0.5533
OVAy9Y-zh1E,OVAy9Y-zh1E,1,"In the image, we see one catch.",0.4284
OVAy9Y-zh1E,OVAy9Y-zh1E,2,"In the image, there are two hands that appear to be catching something, but the exact number of catches is not clear without additional context.",0.4284
OVAy9Y-zh1E,OVAy9Y-zh1E,3,We see two catches in the image.,0.4284
OVAy9Y-zh1E,OVAy9Y-zh1E,4,We see one catch in the image.,0.4284
OVAy9Y-zh1E,OVAy9Y-zh1E,5,We see one catch in the picture.,0.4284
OVAy9Y-zh1E,OVAy9Y-zh1E,6,We see one catch in the image.,0.4284
OVAy9Y-zh1E,OVAy9Y-zh1E,7,We see one catch in the image.,0.4284
OVAy9Y-zh1E,OVAy9Y-zh1E,8,We see one catch in the image.,0.4284
OVAy9Y-zh1E,OVAy9Y-zh1E,9,"In the image, there are no catches visible.",0.4284
OVAy9Y-zh1E,OVAy9Y-zh1E,10,We see two catches in the image.,0.4284
OvGHkeKuLNk,OvGHkeKuLNk,1,"Behind the cany box, there is a wall.",0.747
OvGHkeKuLNk,OvGHkeKuLNk,2,"Behind the cany box, there is a large, dark rock formation that resembles a canyon.",0.747
OvGHkeKuLNk,OvGHkeKuLNk,3,"Behind the cany box, there appears to be a natural landscape with trees and possibly a body of water, suggesting an outdoor setting.",0.747
OvGHkeKuLNk,OvGHkeKuLNk,4,"Behind the cany box, there is a wall with a window.",0.747
OvGHkeKuLNk,OvGHkeKuLNk,5,The image shows a cany box with a clear sky and no visible objects behind it.,0.747
OvGHkeKuLNk,OvGHkeKuLNk,6,"Behind the cany box, there is a clear blue sky.",0.747
OvGHkeKuLNk,OvGHkeKuLNk,7,"Behind the cany box, there is a mountainous landscape with a river cutting through it.",0.747
OvGHkeKuLNk,OvGHkeKuLNk,8,"Behind the cany box, there appears to be a wall with a light switch and a small portion of a picture frame visible.",0.747
OvGHkeKuLNk,OvGHkeKuLNk,9,"The image behind the cany box appears to be a scenic landscape, possibly a mountain range or a canyon, which suggests that the cany box is placed in front of this natural feature.",0.747
OvGHkeKuLNk,OvGHkeKuLNk,10,"Behind the cany box, there is a brick wall.",0.747
OVMLkh4we3c,OVMLkh4we3c,1,"Without additional context, it's not possible to determine if this is a good defensive technique. Defensive techniques can vary greatly depending on the context, such as sport, martial art, or general self-defense, and the effectiveness can depend on various factors including the situation, the opponent, and the specific technique being used.",0.8491
OVMLkh4we3c,OVMLkh4we3c,2,"The image appears to be a question mark, which is a common symbol used to indicate uncertainty or a lack of information. It does not provide enough context to determine if it is a good defensive technique.",0.8491
OVMLkh4we3c,OVMLkh4we3c,3,"Without more context, it's difficult to determine if this technique is good for defensive purposes.",0.8491
OVMLkh4we3c,OVMLkh4we3c,4,The image provided does not contain any information or context that can be analyzed to determine if a defensive technique is good. Please provide more details or context for a proper evaluation.,0.8491
OVMLkh4we3c,OVMLkh4we3c,5,The image you provided is incomplete and does not contain enough context to determine if a defensive technique is good or not. Please provide more details or clarify the context.,0.8491
OVMLkh4we3c,OVMLkh4we3c,6,"Without additional context or a specific scenario, it is impossible to determine if this is a good defensive technique.",0.8491
OVMLkh4we3c,OVMLkh4we3c,7,This image does not provide enough context to determine if the defensive technique depicted is good. Please provide more details or context.,0.8491
OVMLkh4we3c,OVMLkh4we3c,8,"The image appears to be a blank or incomplete question, so it is not possible to determine if the technique described is a good defensive technique without additional context.",0.8491
OVMLkh4we3c,OVMLkh4we3c,9,"Without additional context, it's impossible to determine if this is a good defensive technique. Defensive techniques vary widely depending on the context, such as sport, martial arts, or self-defense.",0.8491
OVMLkh4we3c,OVMLkh4we3c,10,"The image provided does not contain any information about a defensive technique. It appears to be a blank or incomplete question, so a direct answer cannot be given.",0.8491
OWN6O_7_Zro,OWN6O_7_Zro,1,"The phone app used in the video is not specified, but it appears to be a communication or social media app based on the interface.",0.5192
OWN6O_7_Zro,OWN6O_7_Zro,2,"The video features the use of a phone app that allows for the creation and sharing of digital content, but the specific app name is not visible.",0.5192
OWN6O_7_Zro,OWN6O_7_Zro,3,The video does not show any specific phone app being used.,0.5192
OWN6O_7_Zro,OWN6O_7_Zro,4,The phone app used in the video is not identifiable from the image provided.,0.5192
OWN6O_7_Zro,OWN6O_7_Zro,5,The video does not provide information about the phone app used.,0.5192
OWN6O_7_Zro,OWN6O_7_Zro,6,The video does not provide enough information to identify a specific phone app used.,0.5192
OWN6O_7_Zro,OWN6O_7_Zro,7,The video does not provide enough context to determine which phone app is being used.,0.5192
OWN6O_7_Zro,OWN6O_7_Zro,8,The video does not provide information about a specific phone app being used.,0.5192
OWN6O_7_Zro,OWN6O_7_Zro,9,The video uses the Snapchat app.,0.5192
OWN6O_7_Zro,OWN6O_7_Zro,10,The video does not provide enough information to determine which phone app is used.,0.5192
OxBUQ5pV5X8,OxBUQ5pV5X8,1,The car hit one road sign.,0.4055
OxBUQ5pV5X8,OxBUQ5pV5X8,2,The car hit two road signs.,0.4055
OxBUQ5pV5X8,OxBUQ5pV5X8,3,The car hit two road signs.,0.4055
OxBUQ5pV5X8,OxBUQ5pV5X8,4,The car hit two road signs.,0.4055
OxBUQ5pV5X8,OxBUQ5pV5X8,5,The car hit 2 road signs.,0.4055
OxBUQ5pV5X8,OxBUQ5pV5X8,6,The car hit one road sign.,0.4055
OxBUQ5pV5X8,OxBUQ5pV5X8,7,The car hit one road sign.,0.4055
OxBUQ5pV5X8,OxBUQ5pV5X8,8,The car hit one road sign.,0.4055
OxBUQ5pV5X8,OxBUQ5pV5X8,9,The car hit 1 road sign.,0.4055
OxBUQ5pV5X8,OxBUQ5pV5X8,10,The image shows a car hitting two road signs.,0.4055
OXW2JaSW1GE,OXW2JaSW1GE,1,"The video depicts a medical examination, likely an x-ray, showing a part of the human body, possibly the lungs or chest area, in a clinical setting.",0.8997
OXW2JaSW1GE,OXW2JaSW1GE,2,"The video shows a person undergoing a medical scan, likely an x-ray, in a clinical setting.",0.8997
OXW2JaSW1GE,OXW2JaSW1GE,3,"The video shows a medical x-ray of a human spine, likely used for diagnostic purposes.",0.8997
OXW2JaSW1GE,OXW2JaSW1GE,4,The video depicts a medical setting where a patient is undergoing an x-ray examination.,0.8997
OXW2JaSW1GE,OXW2JaSW1GE,5,"The video depicts a close-up view of a natural scene, possibly a landscape or a geological formation, as suggested by the texture and structure visible in the x-ray image.",0.8997
OXW2JaSW1GE,OXW2JaSW1GE,6,"The video depicts a scene where a person is in a room with a bed and a pillow, which could be part of a narrative or an instructional video, possibly related to medical or lifestyle content.",0.8997
OXW2JaSW1GE,OXW2JaSW1GE,7,"The video appears to show a medical setting with an x-ray, possibly related to a diagnostic or treatment process involving a patient.",0.8997
OXW2JaSW1GE,OXW2JaSW1GE,8,"The video depicts an x-ray image of a human foot, showing the bones and structure of the foot.",0.8997
OXW2JaSW1GE,OXW2JaSW1GE,9,"The video appears to show an x-ray of a human hand, with the setting suggesting a medical or diagnostic environment.",0.8997
OXW2JaSW1GE,OXW2JaSW1GE,10,"The video shows an x-ray of a human foot with a visible fracture, indicating a broken bone.",0.8997
OYGEa7yHiXQ,OYGEa7yHiXQ,1,"This image shows a section of a wall being built, likely using a form of traditional masonry or stone construction, which is a method that has been used for centuries to build durable and stable structures. The method appears to be carefully executed, ensuring the stones are properly aligned and secured, which is crucial for the wall's",0.9003
OYGEa7yHiXQ,OYGEa7yHiXQ,2,"This image does not provide enough context to determine why it is a good way to build a wall. If you have a specific image or scenario in mind, please provide more details so I can assist you better.",0.9003
OYGEa7yHiXQ,OYGEa7yHiXQ,3,"This image shows a section of a wall being built, which is a good method for constructing a wall as it provides a clear view of the materials and techniques used, ensuring consistency and quality in the construction process.",0.9003
OYGEa7yHiXQ,OYGEa7yHiXQ,4,The image does not provide enough context to determine why this is a good way to build a wall. Please provide more details or context.,0.9003
OYGEa7yHiXQ,OYGEa7yHiXQ,5,This image does not provide enough context to determine why it might be a good way to build a wall. Could you please provide more details or clarify the context?,0.9003
OYGEa7yHiXQ,OYGEa7yHiXQ,6,"This method is not a good way to build a wall because it lacks structural integrity and safety, and it does not provide a proper barrier.",0.9003
OYGEa7yHiXQ,OYGEa7yHiXQ,7,"This method appears to be a creative and cost-effective way to build a wall using readily available materials like bricks and mortar, which could be suitable for DIY projects or small-scale construction where traditional methods might be too expensive or time-consuming.",0.9003
OYGEa7yHiXQ,OYGEa7yHiXQ,8,"This image does not provide enough context to determine why it would be a good way to build a wall. It appears to be a simple, possibly abstract or incomplete representation.",0.9003
OYGEa7yHiXQ,OYGEa7yHiXQ,9,"The image appears to be a placeholder or a default image, and it does not provide enough context to determine why it might be a good way to build a wall.",0.9003
OYGEa7yHiXQ,OYGEa7yHiXQ,10,"The image shows a question, but there is no context provided to determine why it would be a good way to build a wall.",0.9003
OZDiRSO0tm8,OZDiRSO0tm8,1,"In the video, there are two braids visible.",0.4489
OZDiRSO0tm8,OZDiRSO0tm8,2,There are two braids visible in the video.,0.4489
OZDiRSO0tm8,OZDiRSO0tm8,3,"In the video, there is one braid visible.",0.4489
OZDiRSO0tm8,OZDiRSO0tm8,4,"In the video, there is one braid visible.",0.4489
OZDiRSO0tm8,OZDiRSO0tm8,5,"In the video, there are two braids visible.",0.4489
OZDiRSO0tm8,OZDiRSO0tm8,6,There are two braids visible in the video.,0.4489
OZDiRSO0tm8,OZDiRSO0tm8,7,"In the video, there are three braids visible.",0.4489
OZDiRSO0tm8,OZDiRSO0tm8,8,"In the video, there are two braids visible.",0.4489
OZDiRSO0tm8,OZDiRSO0tm8,9,"In the video, there are two braids visible.",0.4489
OZDiRSO0tm8,OZDiRSO0tm8,10,"In the video, there is one braid visible.",0.4489
OzlqFYX6rVU,OzlqFYX6rVU,1,The second video in the sequence shows a girl kissing another girl.,0.4044
OzlqFYX6rVU,OzlqFYX6rVU,2,The fourth video in the compilation features a girl kissing a girl.,0.4044
OzlqFYX6rVU,OzlqFYX6rVU,3,The second video in the compilation features a girl kissing another girl.,0.4044
OzlqFYX6rVU,OzlqFYX6rVU,4,The third video in the sequence shows a girl kissing another girl.,0.4044
OzlqFYX6rVU,OzlqFYX6rVU,5,The second video in the sequence depicts a girl kissing another girl.,0.4044
OzlqFYX6rVU,OzlqFYX6rVU,6,The video in the top left corner shows a girl kissing another girl.,0.4044
OzlqFYX6rVU,OzlqFYX6rVU,7,The fourth video in the sequence shows a girl kissing another girl.,0.4044
OzlqFYX6rVU,OzlqFYX6rVU,8,The third video in the compilation shows a girl kissing another girl.,0.4044
OzlqFYX6rVU,OzlqFYX6rVU,9,The second video in the compilation shows a girl kissing another girl.,0.4044
OzlqFYX6rVU,OzlqFYX6rVU,10,The third video in the sequence shows a girl kissing another girl.,0.4044
OzNdzgQi1CA,OzNdzgQi1CA,1,The image does not provide enough information to identify the specific musical piece being played in the background.,0.4967
OzNdzgQi1CA,OzNdzgQi1CA,2,"The musical piece being played in the background is ""Clair de Lune"" by Debussy.",0.4967
OzNdzgQi1CA,OzNdzgQi1CA,3,The image does not provide any information about a musical piece being played in the background.,0.4967
OzNdzgQi1CA,OzNdzgQi1CA,4,"The background music is likely ""The Star-Spangled Banner,"" as indicated by the American flag and the context of the question.",0.4967
OzNdzgQi1CA,OzNdzgQi1CA,5,The image does not provide enough information to identify the specific musical piece being played in the background.,0.4967
OzNdzgQi1CA,OzNdzgQi1CA,6,"The musical piece being played in the background is the ""Star Wars"" theme song.",0.4967
OzNdzgQi1CA,OzNdzgQi1CA,7,The image does not provide enough information to identify the musical piece being played in the background.,0.4967
OzNdzgQi1CA,OzNdzgQi1CA,8,The image provided does not contain any information about a musical piece being played in the background.,0.4967
OzNdzgQi1CA,OzNdzgQi1CA,9,"The musical piece being played in the background is ""Canon in D"" by Pachelbel.",0.4967
OzNdzgQi1CA,OzNdzgQi1CA,10,The image provided does not contain any visible musical elements or background sounds that can be identified.,0.4967
P8LJTv-cqIw,P8LJTv-cqIw,1,The instructions in the video are specific to the products from the store where the video was created and may not be directly applicable to products from other stores.,0.7352
P8LJTv-cqIw,P8LJTv-cqIw,2,"The instructions from this video are specific to the products and store mentioned, so they may not be universally applicable to products from other stores.",0.7352
P8LJTv-cqIw,P8LJTv-cqIw,3,The instructions from this video are specific to the products and store they were created for and may not be directly applicable to products from other stores.,0.7352
P8LJTv-cqIw,P8LJTv-cqIw,4,"No, the instructions provided are specific to the products sold by the store from which they were obtained and may not be applicable to products from other stores.",0.7352
P8LJTv-cqIw,P8LJTv-cqIw,5,"The instructions provided are specific to the products and services offered by the store where the video was created, and may not be applicable to products from other stores.",0.7352
P8LJTv-cqIw,P8LJTv-cqIw,6,"The image provided does not contain any information about video instructions or products from other stores, so it is not possible to determine if the instructions can be used with products from other stores based on this image alone.",0.7352
P8LJTv-cqIw,P8LJTv-cqIw,7,The instructions provided are specific to the products and services described in the video and may not be applicable to products from other stores.,0.7352
P8LJTv-cqIw,P8LJTv-cqIw,8,The image provided does not contain any text or visual information to determine whether the instructions from this video can be used with products from other stores.,0.7352
P8LJTv-cqIw,P8LJTv-cqIw,9,"No, the instructions in the video are specific to the products and services offered by the store where the video was produced.",0.7352
P8LJTv-cqIw,P8LJTv-cqIw,10,"No, the instructions from this video are specific to products from this store and may not be applicable to products from other stores.",0.7352
PAmo_TwQvOI,PAmo_TwQvOI,1,There are two street lamps visible in the video.,0.5705
PAmo_TwQvOI,PAmo_TwQvOI,2,There is one street lamp in the video.,0.5705
PAmo_TwQvOI,PAmo_TwQvOI,3,There are two street lamps in the video.,0.5705
PAmo_TwQvOI,PAmo_TwQvOI,4,There are two street lamps visible in the video.,0.5705
PAmo_TwQvOI,PAmo_TwQvOI,5,There is one street lamp visible in the video.,0.5705
PAmo_TwQvOI,PAmo_TwQvOI,6,There are two street lamps in the video.,0.5705
PAmo_TwQvOI,PAmo_TwQvOI,7,There are no street lamps visible in the video.,0.5705
PAmo_TwQvOI,PAmo_TwQvOI,8,There are no street lamps visible in the video.,0.5705
PAmo_TwQvOI,PAmo_TwQvOI,9,There are three street lamps visible in the video.,0.5705
PAmo_TwQvOI,PAmo_TwQvOI,10,There is one street lamp visible in the video.,0.5705
PC2QTvV7DKY,PC2QTvV7DKY,1,The grenade launcher is the weapon shown in the image.,0.3731
PC2QTvV7DKY,PC2QTvV7DKY,2,The grenade launcher is the weapon shown in the image.,0.3731
PC2QTvV7DKY,PC2QTvV7DKY,3,The grenade launcher is a weapon that launches grenades at a target.,0.3731
PC2QTvV7DKY,PC2QTvV7DKY,4,The grenade launcher is the weapon depicted in the image.,0.3731
PC2QTvV7DKY,PC2QTvV7DKY,5,The grenade launcher is the weapon depicted in the image.,0.3731
PC2QTvV7DKY,PC2QTvV7DKY,6,The grenade launcher is a type of firearm designed to launch grenades with a high velocity.,0.3731
PC2QTvV7DKY,PC2QTvV7DKY,7,The grenade launcher is the weapon depicted in the image.,0.3731
PC2QTvV7DKY,PC2QTvV7DKY,8,The weapon shown in the image is a grenade launcher.,0.3731
PC2QTvV7DKY,PC2QTvV7DKY,9,The grenade launcher is the weapon in the image.,0.3731
PC2QTvV7DKY,PC2QTvV7DKY,10,The grenade launcher is the weapon depicted in the image.,0.3731
PcDuz7j9LL8,PcDuz7j9LL8,1,The man rinses his driveway with a hose after using the cleaning solution.,0.6816
PcDuz7j9LL8,PcDuz7j9LL8,2,The man uses a hose to rinse his driveway after scrubbing with the cleaning solution.,0.6816
PcDuz7j9LL8,PcDuz7j9LL8,3,"After using a machine to dispense a cleaning solution and scrub his driveway, the man likely rinses the driveway to remove the cleaning solution and leaves it to dry.",0.6816
PcDuz7j9LL8,PcDuz7j9LL8,4,"After using a machine to dispense a cleaning solution and scrub his driveway, the man likely rinses the driveway with a hose to remove the cleaning solution.",0.6816
PcDuz7j9LL8,PcDuz7j9LL8,5,"After using the machine to dispense a cleaning solution and scrub his driveway, the man rinses the driveway with a hose.",0.6816
PcDuz7j9LL8,PcDuz7j9LL8,6,The man is likely to rinse the driveway thoroughly after using the machine to ensure all the cleaning solution is removed and the surface is properly cleaned.,0.6816
PcDuz7j9LL8,PcDuz7j9LL8,7,The man proceeds to spray the cleaning solution onto the driveway and uses a hose to rinse it off.,0.6816
PcDuz7j9LL8,PcDuz7j9LL8,8,The man rinses the driveway with a hose to remove the cleaning solution.,0.6816
PcDuz7j9LL8,PcDuz7j9LL8,9,The man likely rinses his driveway with water after using the cleaning solution and machine to scrub it.,0.6816
PcDuz7j9LL8,PcDuz7j9LL8,10,The man likely rinses the driveway with a hose after using the machine to dispense the cleaning solution.,0.6816
PgKOzRgYMAI,PgKOzRgYMAI,1,We see a colorful screen with lines three times in the video.,0.458
PgKOzRgYMAI,PgKOzRgYMAI,2,The video shows a colorful screen with lines three times.,0.458
PgKOzRgYMAI,PgKOzRgYMAI,3,The video features a colorful screen with lines appearing twice.,0.458
PgKOzRgYMAI,PgKOzRgYMAI,4,The video shows a colorful screen with lines twice.,0.458
PgKOzRgYMAI,PgKOzRgYMAI,5,"In the video, we see a colorful screen with lines appearing twice.",0.458
PgKOzRgYMAI,PgKOzRgYMAI,6,We see a colorful screen with lines in the video three times.,0.458
PgKOzRgYMAI,PgKOzRgYMAI,7,The video shows a colorful screen with lines twice.,0.458
PgKOzRgYMAI,PgKOzRgYMAI,8,We see a colorful screen with lines in the video twice.,0.458
PgKOzRgYMAI,PgKOzRgYMAI,9,"In the video, we see a colorful screen with lines appearing once.",0.458
PgKOzRgYMAI,PgKOzRgYMAI,10,The video shows a colorful screen with lines appearing 20 times.,0.458
Ph5M5xWoPRE,Ph5M5xWoPRE,1,"The crying boy could be seen mouthing lyrics or expressing emotions through his actions, but without a visual of his mouth, it's impossible to determine what he might be saying.",0.7135
Ph5M5xWoPRE,Ph5M5xWoPRE,2,"The boy could be mouthing lyrics or expressing emotion through his movements, which are common in chorus performances to engage the audience and convey the song's message.",0.7135
Ph5M5xWoPRE,Ph5M5xWoPRE,3,"The crying boy could be seen mouthing or saying ""This is love"" during the chorus performance.",0.7135
Ph5M5xWoPRE,Ph5M5xWoPRE,4,"The crying boy could be seen mouthing the lyrics of the song during the chorus performance, possibly expressing emotion or intensity through his actions.",0.7135
Ph5M5xWoPRE,Ph5M5xWoPRE,5,The crying boy might be mouthing lyrics or simply expressing his emotional connection to the music during the chorus performance.,0.7135
Ph5M5xWoPRE,Ph5M5xWoPRE,6,The crying boy could be seen mouthing or saying lyrics or a chorus that resonates with his emotional state during the performance.,0.7135
Ph5M5xWoPRE,Ph5M5xWoPRE,7,"The crying boy appears to be mouthing lyrics or words during the chorus performance, though the exact content is unclear due to the image quality.",0.7135
Ph5M5xWoPRE,Ph5M5xWoPRE,8,The boy could be seen mouthing lyrics or singing along to the song during the chorus performance.,0.7135
Ph5M5xWoPRE,Ph5M5xWoPRE,9,The crying boy could be seen mouthing the words to the song during the chorus performance.,0.7135
Ph5M5xWoPRE,Ph5M5xWoPRE,10,The crying boy could be seen mouthing the lyrics of the song during the chorus performance.,0.7135
Pi8HvqoDxX8,Pi8HvqoDxX8,1,"The presence of a scoreboard with a score of 10-10 suggests that this is a competitive game where points are being tallied, unlike a practice session where such a display would not typically be present.",0.6144
Pi8HvqoDxX8,Pi8HvqoDxX8,2,The presence of a score and the intensity of the players' actions suggest that this is a competitive game rather than a practice session.,0.6144
Pi8HvqoDxX8,Pi8HvqoDxX8,3,The presence of a scoreboard and the presence of spectators or participants in a competitive setting indicate that this is a competitive game rather than a practice session.,0.6144
Pi8HvqoDxX8,Pi8HvqoDxX8,4,The presence of a scoreboard and the intensity of the players' focus suggest that this is a competitive game rather than a practice session.,0.6144
Pi8HvqoDxX8,Pi8HvqoDxX8,5,The presence of a scoreboard and the fact that the players are wearing numbered jerseys suggest that this is a competitive game rather than a practice session.,0.6144
Pi8HvqoDxX8,Pi8HvqoDxX8,6,The presence of a scoreboard and the competitive positioning of the players suggest that this is a competitive game rather than a practice session.,0.6144
Pi8HvqoDxX8,Pi8HvqoDxX8,7,The presence of a scoreboard and the intensity of the players' actions suggest that this is a competitive game rather than a practice session.,0.6144
Pi8HvqoDxX8,Pi8HvqoDxX8,8,"The presence of a scoreboard and a clock in the image suggests that this is a competitive game, as these elements are typically used to track the progress and time in official matches.",0.6144
Pi8HvqoDxX8,Pi8HvqoDxX8,9,The presence of a scoreboard and the formal presentation of the players suggest that this is a competitive game rather than a practice session.,0.6144
Pi8HvqoDxX8,Pi8HvqoDxX8,10,"The presence of a scoreboard and the competitive atmosphere, as evidenced by the players' focused expressions and the intensity of their movements, suggest that this is a competitive game rather than a practice session.",0.6144
PiIrinu42DQ,PiIrinu42DQ,1,The person is using a wrench.,0.3414
PiIrinu42DQ,PiIrinu42DQ,2,The person is using a hammer.,0.3414
PiIrinu42DQ,PiIrinu42DQ,3,The person is using a hammer.,0.3414
PiIrinu42DQ,PiIrinu42DQ,4,The person is using a hammer.,0.3414
PiIrinu42DQ,PiIrinu42DQ,5,The person is using a wrench to tighten a bolt.,0.3414
PiIrinu42DQ,PiIrinu42DQ,6,The person is using a ruler.,0.3414
PiIrinu42DQ,PiIrinu42DQ,7,The person is using a calculator.,0.3414
PiIrinu42DQ,PiIrinu42DQ,8,The person is using a wrench.,0.3414
PiIrinu42DQ,PiIrinu42DQ,9,The person is using a knife.,0.3414
PiIrinu42DQ,PiIrinu42DQ,10,The person is using a ruler to measure the length of the object.,0.3414
PJPqGJzIwfg,PJPqGJzIwfg,1,The bong is used for smoking marijuana.,0.7425
PJPqGJzIwfg,PJPqGJzIwfg,2,The bong is a smoking device used to inhale marijuana smoke.,0.7425
PJPqGJzIwfg,PJPqGJzIwfg,3,"The bong is a device used for smoking cannabis, typically to filter smoke and enhance the smoking experience.",0.7425
PJPqGJzIwfg,PJPqGJzIwfg,4,The bong is a device used to smoke cannabis by heating the drug and then inhaling the smoke through a water filter.,0.7425
PJPqGJzIwfg,PJPqGJzIwfg,5,The bong is a smoking device used to inhale marijuana or other substances through the smoke.,0.7425
PJPqGJzIwfg,PJPqGJzIwfg,6,The bong is a smoking device used to inhale tobacco or cannabis smoke.,0.7425
PJPqGJzIwfg,PJPqGJzIwfg,7,The bong is used for smoking marijuana.,0.7425
PJPqGJzIwfg,PJPqGJzIwfg,8,The bong is a smoking device used to inhale tobacco or cannabis smoke.,0.7425
PJPqGJzIwfg,PJPqGJzIwfg,9,The bong is a smoking device used to inhale marijuana or other substances.,0.7425
PJPqGJzIwfg,PJPqGJzIwfg,10,The bong is a smoking device used to inhale tobacco or marijuana smoke.,0.7425
PJxUqMJWo0w,PJxUqMJWo0w,1,The woman appears to be doubting her decision or the outcome of a situation.,0.4746
PJxUqMJWo0w,PJxUqMJWo0w,2,"The woman is doubting the authenticity or the situation, possibly feeling uncertain about her surroundings.",0.4746
PJxUqMJWo0w,PJxUqMJWo0w,3,"The woman in the image appears to be doubting the authenticity or the validity of something, possibly a document or a piece of information.",0.4746
PJxUqMJWo0w,PJxUqMJWo0w,4,The woman is doubting the value of her purchase.,0.4746
PJxUqMJWo0w,PJxUqMJWo0w,5,"The woman in the image appears to be doubting her ability to perform a task or make a decision, as indicated by her hand gestures and facial expression.",0.4746
PJxUqMJWo0w,PJxUqMJWo0w,6,The woman appears to be doubting the validity of the statement or information being presented.,0.4746
PJxUqMJWo0w,PJxUqMJWo0w,7,The woman appears to be doubting her decision or the choice in front of her.,0.4746
PJxUqMJWo0w,PJxUqMJWo0w,8,The woman appears to be doubting her decision or the situation she is in.,0.4746
PJxUqMJWo0w,PJxUqMJWo0w,9,The woman appears to be doubting her decision or the situation at hand.,0.4746
PJxUqMJWo0w,PJxUqMJWo0w,10,"The woman appears to be doubting her choice or decision, as indicated by her furrowed brow and the way she is looking downward.",0.4746
PKgoIkEP_6c,PKgoIkEP_6c,1,The flower in the picture is yellow.,0.3639
PKgoIkEP_6c,PKgoIkEP_6c,2,The flower is pink.,0.3639
PKgoIkEP_6c,PKgoIkEP_6c,3,The flower in the picture is yellow.,0.3639
PKgoIkEP_6c,PKgoIkEP_6c,4,The flower in the picture is red.,0.3639
PKgoIkEP_6c,PKgoIkEP_6c,5,The flower is red.,0.3639
PKgoIkEP_6c,PKgoIkEP_6c,6,The flower in the image is purple.,0.3639
PKgoIkEP_6c,PKgoIkEP_6c,7,The flower in the picture is yellow.,0.3639
PKgoIkEP_6c,PKgoIkEP_6c,8,The flower in the image is yellow.,0.3639
PKgoIkEP_6c,PKgoIkEP_6c,9,The flower in the picture is yellow.,0.3639
PKgoIkEP_6c,PKgoIkEP_6c,10,The flower in the image is yellow.,0.3639
Pkjvnn7lJEo,Pkjvnn7lJEo,1,The girl is wearing a white top and blue shorts.,0.3438
Pkjvnn7lJEo,Pkjvnn7lJEo,2,The girl is wearing a blue dress with a white collar and a pink skirt.,0.3438
Pkjvnn7lJEo,Pkjvnn7lJEo,3,The girl is wearing a blue dress with a white collar.,0.3438
Pkjvnn7lJEo,Pkjvnn7lJEo,4,The girl is wearing a blue outfit.,0.3438
Pkjvnn7lJEo,Pkjvnn7lJEo,5,The girl is wearing a white shirt and a brown skirt.,0.3438
Pkjvnn7lJEo,Pkjvnn7lJEo,6,The girl is wearing a red dress.,0.3438
Pkjvnn7lJEo,Pkjvnn7lJEo,7,The girl is wearing a red top and black pants.,0.3438
Pkjvnn7lJEo,Pkjvnn7lJEo,8,The girl is wearing a white shirt with a blue collar and a red tie.,0.3438
Pkjvnn7lJEo,Pkjvnn7lJEo,9,The girl is wearing a blue dress with a white collar and a black belt.,0.3438
Pkjvnn7lJEo,Pkjvnn7lJEo,10,The girl is wearing a white dress.,0.3438
PMbimV2LIbE,PMbimV2LIbE,1,"The couple's attire, the romantic setting with candles, and the intimate embrace suggest they are on a special date.",0.5682
PMbimV2LIbE,PMbimV2LIbE,2,"The couple is sitting close together, holding hands, and looking at each other, which are common signs of a romantic or special date.",0.5682
PMbimV2LIbE,PMbimV2LIbE,3,"The couple is sitting close together, holding hands, and the setting appears to be intimate, suggesting a special date.",0.5682
PMbimV2LIbE,PMbimV2LIbE,4,"The couple is holding hands and sitting close together, which often indicates a romantic or special occasion.",0.5682
PMbimV2LIbE,PMbimV2LIbE,5,"The couple is holding hands, which is a common gesture indicating affection and intimacy, suggesting they are on a special date.",0.5682
PMbimV2LIbE,PMbimV2LIbE,6,"The couple is seated closely together, and the woman is holding a small, possibly romantic gift, suggesting they are on a special date.",0.5682
PMbimV2LIbE,PMbimV2LIbE,7,The couple's intimate seating and the elegant setting suggest they are on a special date.,0.5682
PMbimV2LIbE,PMbimV2LIbE,8,"The couple is dressed in elegant attire, sitting close together, and the presence of a table with a bottle of wine suggests a special occasion.",0.5682
PMbimV2LIbE,PMbimV2LIbE,9,"The couple is dressed in matching outfits, which often indicates a special occasion or date.",0.5682
PMbimV2LIbE,PMbimV2LIbE,10,"The couple is seated closely together and are looking at each other, which suggests a romantic and intimate setting typical of a special date.",0.5682
Pne0cC8Zn70,Pne0cC8Zn70,1,There are no chairs visible in the video.,0.3783
Pne0cC8Zn70,Pne0cC8Zn70,2,There are no chairs visible in the video.,0.3783
Pne0cC8Zn70,Pne0cC8Zn70,3,There are no chairs visible in the video.,0.3783
Pne0cC8Zn70,Pne0cC8Zn70,4,There are no chairs visible in the video.,0.3783
Pne0cC8Zn70,Pne0cC8Zn70,5,There are no chairs visible in the video.,0.3783
Pne0cC8Zn70,Pne0cC8Zn70,6,There are two chairs visible in the video.,0.3783
Pne0cC8Zn70,Pne0cC8Zn70,7,There are no chairs visible in the video.,0.3783
Pne0cC8Zn70,Pne0cC8Zn70,8,There are no chairs visible in the video.,0.3783
Pne0cC8Zn70,Pne0cC8Zn70,9,"In the video, there is one chair visible.",0.3783
Pne0cC8Zn70,Pne0cC8Zn70,10,"In the video, there are two chairs visible.",0.3783
POH-lLoKOLs,POH-lLoKOLs,1,There are no clipboards in the video.,0.2409
POH-lLoKOLs,POH-lLoKOLs,2,There are two clipboards in the video.,0.2409
POH-lLoKOLs,POH-lLoKOLs,3,There are no clipboards in the video.,0.2409
POH-lLoKOLs,POH-lLoKOLs,4,There are two clipboards in the video.,0.2409
POH-lLoKOLs,POH-lLoKOLs,5,There is one clipboard in the video.,0.2409
POH-lLoKOLs,POH-lLoKOLs,6,There is one clipboard visible in the video.,0.2409
POH-lLoKOLs,POH-lLoKOLs,7,There are no clipboards in the video.,0.2409
POH-lLoKOLs,POH-lLoKOLs,8,There is one clipboard in the video.,0.2409
POH-lLoKOLs,POH-lLoKOLs,9,There is one clipboard visible in the video.,0.2409
POH-lLoKOLs,POH-lLoKOLs,10,There is one clipboard visible in the video.,0.2409
PplfkMi3JFs,PplfkMi3JFs,1,"The couple sits on the floor, presumably to enjoy each other's company in a more intimate setting.",0.5597
PplfkMi3JFs,PplfkMi3JFs,2,"The couple is seen sitting on the floor, likely in a moment of intimacy or conversation, but the image does not provide further details about what happens next.",0.5597
PplfkMi3JFs,PplfkMi3JFs,3,"The couple sits on the floor, enjoying each other's company in a quiet moment.",0.5597
PplfkMi3JFs,PplfkMi3JFs,4,"The couple sits on the floor, sharing a moment of intimacy.",0.5597
PplfkMi3JFs,PplfkMi3JFs,5,"After the couple sits on the floor, they share a tender moment, reflecting on their love and connection.",0.5597
PplfkMi3JFs,PplfkMi3JFs,6,"The couple is shown sitting on the floor, likely continuing their intimate moment, as the image does not provide additional context for what happens next.",0.5597
PplfkMi3JFs,PplfkMi3JFs,7,"After sitting on the floor, the couple starts to dance together.",0.5597
PplfkMi3JFs,PplfkMi3JFs,8,"The couple sits on the floor and then stands up, continuing their conversation.",0.5597
PplfkMi3JFs,PplfkMi3JFs,9,The couple lies down on the floor after sitting.,0.5597
PplfkMi3JFs,PplfkMi3JFs,10,"The couple sits on the floor, possibly in a moment of intimacy or contemplation, with the man's hand gently resting on the woman's thigh.",0.5597
Ppp5gODf8PU,Ppp5gODf8PU,1,The bicyclist is jumping over two steps.,0.3022
Ppp5gODf8PU,Ppp5gODf8PU,2,The bicyclist is jumping over two steps.,0.3022
Ppp5gODf8PU,Ppp5gODf8PU,3,The bicyclist is jumping over two steps.,0.3022
Ppp5gODf8PU,Ppp5gODf8PU,4,The bicyclist is jumping over two steps.,0.3022
Ppp5gODf8PU,Ppp5gODf8PU,5,The bicyclist is jumping over 2 steps.,0.3022
Ppp5gODf8PU,Ppp5gODf8PU,6,The bicyclist is jumping over two steps in the image.,0.3022
Ppp5gODf8PU,Ppp5gODf8PU,7,The bicyclist is jumping over two steps.,0.3022
Ppp5gODf8PU,Ppp5gODf8PU,8,The bicyclist is jumping over two steps.,0.3022
Ppp5gODf8PU,Ppp5gODf8PU,9,The bicyclist is jumping over 1 step.,0.3022
Ppp5gODf8PU,Ppp5gODf8PU,10,The bicyclist is jumping over two steps.,0.3022
PTwap56YrbE,PTwap56YrbE,1,There are no lions in the video.,0.3489
PTwap56YrbE,PTwap56YrbE,2,There are two lions in the video.,0.3489
PTwap56YrbE,PTwap56YrbE,3,There are no lions in the video.,0.3489
PTwap56YrbE,PTwap56YrbE,4,There are no lions in the video.,0.3489
PTwap56YrbE,PTwap56YrbE,5,There are no lions in the video.,0.3489
PTwap56YrbE,PTwap56YrbE,6,There are no lions in the video.,0.3489
PTwap56YrbE,PTwap56YrbE,7,There are no lions in the video.,0.3489
PTwap56YrbE,PTwap56YrbE,8,There is one lion in the video.,0.3489
PTwap56YrbE,PTwap56YrbE,9,There are two lions in the video.,0.3489
PTwap56YrbE,PTwap56YrbE,10,There are no lions in the video.,0.3489
PUxRZtAntBE,PUxRZtAntBE,1,There is no indication in the image that the doll is vomiting or has balls. It appears to be a simple depiction of a doll holding something in its hands.,0.6135
PUxRZtAntBE,PUxRZtAntBE,2,"No, the doll is not capable of vomiting, as it is a toy and not a living organism.",0.6135
PUxRZtAntBE,PUxRZtAntBE,3,"No, the image does not depict a doll vomiting out balls; it appears to be a simple drawing of a doll holding two balls.",0.6135
PUxRZtAntBE,PUxRZtAntBE,4,"No, the doll in the image is not vomiting out the balls; it is simply holding them in its hand.",0.6135
PUxRZtAntBE,PUxRZtAntBE,5,"No, dolls are inanimate objects and cannot vomit. The image you provided seems to be a blank sheet, so there is no doll or balls present to consider in this context.",0.6135
PUxRZtAntBE,PUxRZtAntBE,6,"The image you provided does not contain any information about a doll or balls, so it's not possible to determine if the doll will vomit out the balls based on this image alone.",0.6135
PUxRZtAntBE,PUxRZtAntBE,7,"No, the doll is a toy and cannot vomit.",0.6135
PUxRZtAntBE,PUxRZtAntBE,8,"No, the doll in the image is a toy and cannot vomit.",0.6135
PUxRZtAntBE,PUxRZtAntBE,9,"The image you've provided is quite abstract and doesn't depict a doll or any action involving balls. If you have a specific scenario or context in mind, please provide more details so I can assist you better.",0.6135
PUxRZtAntBE,PUxRZtAntBE,10,"No, dolls do not vomit; they are inanimate objects and cannot perform biological functions.",0.6135
PV6Tz265kx8,PV6Tz265kx8,1,"The girl suddenly turns around, startled by her own thought of a monster.",0.4685
PV6Tz265kx8,PV6Tz265kx8,2,The girl begins to imagine the monster becoming more and more terrifying.,0.4685
PV6Tz265kx8,PV6Tz265kx8,3,The girl's expression changes to one of fear as she imagines a monster lurking in the shadows.,0.4685
PV6Tz265kx8,PV6Tz265kx8,4,The girl begins to feel a sense of unease and fear as the monster in her imagination takes on a more tangible form.,0.4685
PV6Tz265kx8,PV6Tz265kx8,5,The girl immediately starts to feel scared and begins to run away from the thought of the monster.,0.4685
PV6Tz265kx8,PV6Tz265kx8,6,"Right after the girl has the thought of a monster in her head, she quickly opens the door.",0.4685
PV6Tz265kx8,PV6Tz265kx8,7,The girl starts to feel scared and anxious as the thought of the monster grows more vivid in her mind.,0.4685
PV6Tz265kx8,PV6Tz265kx8,8,The girl's expression shifts to one of fear and anxiety as she realizes the terrifying implications of her imagination.,0.4685
PV6Tz265kx8,PV6Tz265kx8,9,The girl starts to feel scared as she imagines the monster lurking in the darkness.,0.4685
PV6Tz265kx8,PV6Tz265kx8,10,"The girl immediately begins to scream and run away in terror, convinced the monster is real.",0.4685
PVBx6n2iGo8,PVBx6n2iGo8,1,"Clutch pencils are best for Architech's sketches because they offer a clean, precise line with minimal effort, making them ideal for detailed and technical drawings.",0.6052
PVBx6n2iGo8,PVBx6n2iGo8,2,"Clutch pencils are best for Architech's sketches because they allow for precise and clean lines without the need for erasing, which is ideal for detailed and accurate technical drawings.",0.6052
PVBx6n2iGo8,PVBx6n2iGo8,3,"Clutch pencils are best for Architech's sketches because they allow for precise control and erasability, making it easy to make adjustments and corrections as needed.",0.6052
PVBx6n2iGo8,PVBx6n2iGo8,4,"Clutch pencils are best for Architech's sketches because they allow for precise and easy erasing, which is crucial for making adjustments and maintaining clean lines in technical drawings.",0.6052
PVBx6n2iGo8,PVBx6n2iGo8,5,"Clutch pencils are best for Architech's sketches because they provide a consistent lead that does not smudge, making it easier to create precise and clean lines.",0.6052
PVBx6n2iGo8,PVBx6n2iGo8,6,"Clutch pencils are best for Architech's sketches because they allow for precise and easy erasing of lines, which is crucial for detailed and accurate technical drawings.",0.6052
PVBx6n2iGo8,PVBx6n2iGo8,7,"Clutch pencils are best for Architech's sketches because they allow for precise, clean lines and easy erasing, which is ideal for detailed and frequent drawing.",0.6052
PVBx6n2iGo8,PVBx6n2iGo8,8,"Clutch pencils are best for Architech's sketches because they allow for easy erasing of mistakes, enabling precise and clean lines essential for architectural drawings.",0.6052
PVBx6n2iGo8,PVBx6n2iGo8,9,"Clutch pencils are best for Architech's sketches because they allow for easy erasing of mistakes, which is crucial for the precision required in architectural drawings.",0.6052
PVBx6n2iGo8,PVBx6n2iGo8,10,"Clutch pencils are best for Architech's sketches because they offer a consistent line width and can be easily erased, which is ideal for detailed and frequent adjustments in architectural drawings.",0.6052
PW1sQlKz26g,PW1sQlKz26g,1,The video ends with the sound of applause.,0.603
PW1sQlKz26g,PW1sQlKz26g,2,The video ends with the sound of applause.,0.603
PW1sQlKz26g,PW1sQlKz26g,3,The sounds heard at the end of the video are the laughter of the people involved and the applause of the audience.,0.603
PW1sQlKz26g,PW1sQlKz26g,4,The video ends with a sound effect that resembles a door closing.,0.603
PW1sQlKz26g,PW1sQlKz26g,5,The video ends with the sound of applause.,0.603
PW1sQlKz26g,PW1sQlKz26g,6,"At the end of the video, there are sounds of applause and cheering.",0.603
PW1sQlKz26g,PW1sQlKz26g,7,The video ends with the sound of a door closing.,0.603
PW1sQlKz26g,PW1sQlKz26g,8,The video ends with the sound of applause.,0.603
PW1sQlKz26g,PW1sQlKz26g,9,The video ends with a sound of a bell ringing.,0.603
PW1sQlKz26g,PW1sQlKz26g,10,"At the end of the video, there are no specific sounds mentioned, only a ""Thank you.""",0.603
PWP17NlIgs8,PWP17NlIgs8,1,"The man likely watches the spaghetti cook, occasionally stirring the pot to prevent it from sticking.",0.7065
PWP17NlIgs8,PWP17NlIgs8,2,The man will likely observe the spaghetti cooking in the boiling water and possibly prepare to add more ingredients or seasonings.,0.7065
PWP17NlIgs8,PWP17NlIgs8,3,"After a man enters a kitchen where someone has just put a handful of spaghetti into a pot of boiling water, he might be surprised by the steam and the boiling water, and possibly be reminded to help with the cooking.",0.7065
PWP17NlIgs8,PWP17NlIgs8,4,"The man likely sees the spaghetti boiling and might notice steam rising, indicating the water is hot, and he might be about to cook the spaghetti or assist in preparing it.",0.7065
PWP17NlIgs8,PWP17NlIgs8,5,"After a man enters a kitchen where someone has just put a handful of spaghetti into a pot of boiling water, he might notice the spaghetti cooking and consider adding more ingredients to the pot.",0.7065
PWP17NlIgs8,PWP17NlIgs8,6,"The man likely looks at the pot of boiling water and then proceeds to either cook the spaghetti or add other ingredients, as the initial action of putting spaghetti into boiling water is a common first step in cooking pasta.",0.7065
PWP17NlIgs8,PWP17NlIgs8,7,"The man will likely see the spaghetti boiling in the pot, and the steam rising, indicating the cooking process has begun.",0.7065
PWP17NlIgs8,PWP17NlIgs8,8,"The man likely watches the spaghetti cook, possibly commenting on the timing or adding other ingredients as it cooks.",0.7065
PWP17NlIgs8,PWP17NlIgs8,9,The man likely observes the spaghetti cooking in the boiling water and might be preparing to cook the pasta or serve it.,0.7065
PWP17NlIgs8,PWP17NlIgs8,10,The man would likely see the spaghetti boiling vigorously in the pot and might be curious to see if it will cook properly.,0.7065
PXboa0HtgZI,PXboa0HtgZI,1,"The girl wants to be left alone or perhaps she is trying to communicate a message, but without more context, it's difficult to determine her exact desire.",0.6515
PXboa0HtgZI,PXboa0HtgZI,2,"The girl in the image appears to be reaching out with her hand, possibly indicating a desire for help, attention, or something specific she needs.",0.6515
PXboa0HtgZI,PXboa0HtgZI,3,"The girl in the picture appears to be holding a flower, which could imply she wants to give it to someone or perhaps it's a gift she has received.",0.6515
PXboa0HtgZI,PXboa0HtgZI,4,The girl wants to be left alone and not be interrupted by the man.,0.6515
PXboa0HtgZI,PXboa0HtgZI,5,"The girl in the picture seems to be looking at something off-camera, but there is no specific indication of what she wants in the image.",0.6515
PXboa0HtgZI,PXboa0HtgZI,6,"The girl appears to want to be left alone or possibly to express her feelings, but without additional context, it's not possible to determine her exact desire.",0.6515
PXboa0HtgZI,PXboa0HtgZI,7,The girl wants a cookie.,0.6515
PXboa0HtgZI,PXboa0HtgZI,8,"The girl in the picture appears to be looking up and smiling, which might suggest she is happy or content with something she sees or thinks about. However, without more context, it's difficult to determine exactly what she wants.",0.6515
PXboa0HtgZI,PXboa0HtgZI,9,"The girl in the picture seems to be looking at something off-camera with a neutral or curious expression, but the image does not provide enough context to determine what she specifically wants.",0.6515
PXboa0HtgZI,PXboa0HtgZI,10,"The girl in the picture appears to be looking at a piece of paper or a card, but there is no clear indication of what she specifically wants.",0.6515
PxeevNPl86k,PxeevNPl86k,1,The pump is pumped once the first time.,0.5196
PxeevNPl86k,PxeevNPl86k,2,The pump is pumped once the first time.,0.5196
PxeevNPl86k,PxeevNPl86k,3,The pump is pumped once the first time.,0.5196
PxeevNPl86k,PxeevNPl86k,4,The pump is pumped once the first time.,0.5196
PxeevNPl86k,PxeevNPl86k,5,The pump is pumped once the first time.,0.5196
PxeevNPl86k,PxeevNPl86k,6,The pump is pumped 5 times the first time.,0.5196
PxeevNPl86k,PxeevNPl86k,7,"The first time the pump is pumped, it is pumped once.",0.5196
PxeevNPl86k,PxeevNPl86k,8,"The image shows a single pump, so the first time the pump is pumped is once.",0.5196
PxeevNPl86k,PxeevNPl86k,9,The pump is pumped once the first time.,0.5196
PxeevNPl86k,PxeevNPl86k,10,The pump is pumped 10 times the first time.,0.5196
Pxnq5xf6m6o,Pxnq5xf6m6o,1,"In the video, we see a total of five fingers.",0.382
Pxnq5xf6m6o,Pxnq5xf6m6o,2,"In the video, we can see one finger.",0.382
Pxnq5xf6m6o,Pxnq5xf6m6o,3,"In the video, we see a total of two fingers.",0.382
Pxnq5xf6m6o,Pxnq5xf6m6o,4,"In the video, we see a total of five fingers.",0.382
Pxnq5xf6m6o,Pxnq5xf6m6o,5,"In the video, there are three fingers visible.",0.382
Pxnq5xf6m6o,Pxnq5xf6m6o,6,"In the video, we can see two fingers.",0.382
Pxnq5xf6m6o,Pxnq5xf6m6o,7,"In the video, we see a total of four fingers.",0.382
Pxnq5xf6m6o,Pxnq5xf6m6o,8,"In the video, we see two fingers.",0.382
Pxnq5xf6m6o,Pxnq5xf6m6o,9,"In the video, we see one finger.",0.382
Pxnq5xf6m6o,Pxnq5xf6m6o,10,"In the video, we see a total of five fingers.",0.382
PyphToMehZQ,PyphToMehZQ,1,The tirade in the video repeatedly references the Catholic Church and the Pope.,0.3373
PyphToMehZQ,PyphToMehZQ,2,The video contains a tirade that repeatedly references the Christian religion.,0.3373
PyphToMehZQ,PyphToMehZQ,3,The tirade in the video repeatedly references the Christian religion.,0.3373
PyphToMehZQ,PyphToMehZQ,4,The tirade in the video repeatedly references the Jewish religion.,0.3373
PyphToMehZQ,PyphToMehZQ,5,The tirade in the video repeatedly references the Jewish religion.,0.3373
PyphToMehZQ,PyphToMehZQ,6,The tirade in the video repeatedly references the Catholic Church and its teachings.,0.3373
PyphToMehZQ,PyphToMehZQ,7,The tirade in the video repeatedly references the Jewish community.,0.3373
PyphToMehZQ,PyphToMehZQ,8,The tirade in the video repeatedly references the Jewish religion or religious group.,0.3373
PyphToMehZQ,PyphToMehZQ,9,The tirade in the video repeatedly references the Muslim religion.,0.3373
PyphToMehZQ,PyphToMehZQ,10,The tirade in the video repeatedly references the Muslim community.,0.3373
PZjuizzTJ38,PZjuizzTJ38,1,The paper has been cut twice.,0.2874
PZjuizzTJ38,PZjuizzTJ38,2,The paper has been cut once.,0.2874
PZjuizzTJ38,PZjuizzTJ38,3,The paper in the image has been cut twice.,0.2874
PZjuizzTJ38,PZjuizzTJ38,4,The image shows two cuts on the paper.,0.2874
PZjuizzTJ38,PZjuizzTJ38,5,The image shows two cuts in the paper.,0.2874
PZjuizzTJ38,PZjuizzTJ38,6,The paper has been cut once.,0.2874
PZjuizzTJ38,PZjuizzTJ38,7,The image shows a single cut in the paper.,0.2874
PZjuizzTJ38,PZjuizzTJ38,8,The paper in the image has been cut into two pieces.,0.2874
PZjuizzTJ38,PZjuizzTJ38,9,The image shows two cuts on the paper.,0.2874
PZjuizzTJ38,PZjuizzTJ38,10,The paper in the image has been cut once.,0.2874
PZWAlJSL7Kc,PZWAlJSL7Kc,1,"The white compound applied to the wood is likely a sealant or primer, commonly used to protect the wood and improve its appearance.",0.7183
PZWAlJSL7Kc,PZWAlJSL7Kc,2,"The white compound applied to the wood is likely a primer, which is used to prepare the surface for painting or staining.",0.7183
PZWAlJSL7Kc,PZWAlJSL7Kc,3,"The white compound applied to the wood is likely a protective coating such as primer or a sealant, which is commonly used before painting or staining to ensure better adhesion and protection.",0.7183
PZWAlJSL7Kc,PZWAlJSL7Kc,4,"The white compound applied to the wood is likely a sealant or primer, used to protect the wood and prepare it for finishing.",0.7183
PZWAlJSL7Kc,PZWAlJSL7Kc,5,"The white compound applied to the wood appears to be a sealant or primer, commonly used to protect and prepare the wood surface for painting or further treatment.",0.7183
PZWAlJSL7Kc,PZWAlJSL7Kc,6,"The white compound applied to the wood is likely a primer, which is a base coat used to prepare the surface for paint.",0.7183
PZWAlJSL7Kc,PZWAlJSL7Kc,7,"The white compound applied to the wood is likely a primer or a sealant, which is used to prepare the surface before painting or to protect the wood.",0.7183
PZWAlJSL7Kc,PZWAlJSL7Kc,8,"The white compound applied to the wood appears to be a primer or a sealant, likely used to prepare the surface for painting or to protect the wood.",0.7183
PZWAlJSL7Kc,PZWAlJSL7Kc,9,"The white compound applied to the wood is likely a type of sealant, primer, or protective coating.",0.7183
PZWAlJSL7Kc,PZWAlJSL7Kc,10,"The white compound applied to the wood is likely a type of sealant or protective coating, such as a primer or an undercoat.",0.7183
Q0TEj9p73h0,Q0TEj9p73h0,1,"The boy is holding a brown object, possibly a book or a box, and appears to be examining it closely.",0.5586
Q0TEj9p73h0,Q0TEj9p73h0,2,"The boy appears to be holding a brown object, possibly a toy or a piece of food, in his hand.",0.5586
Q0TEj9p73h0,Q0TEj9p73h0,3,"The boy is holding a brown object in his hand, but the image is too small to determine exactly what the object is.",0.5586
Q0TEj9p73h0,Q0TEj9p73h0,4,"The boy is holding a brown object, which appears to be a stick or a small branch, and he seems to be examining it closely.",0.5586
Q0TEj9p73h0,Q0TEj9p73h0,5,"The boy is holding a brown object, possibly a book or a box, and appears to be examining it closely.",0.5586
Q0TEj9p73h0,Q0TEj9p73h0,6,"The boy is holding a brown object in his hand, but the specific activity or action he is performing with it is not clear from the image alone.",0.5586
Q0TEj9p73h0,Q0TEj9p73h0,7,"The boy is holding a brown object, which appears to be a small box or container, possibly examining or inspecting it.",0.5586
Q0TEj9p73h0,Q0TEj9p73h0,8,"The boy is holding a brown object, but the image does not provide enough detail to determine exactly what he is doing with it.",0.5586
Q0TEj9p73h0,Q0TEj9p73h0,9,"The boy is holding a brown object, which appears to be a toy or a tool, and is looking at it with a focused expression.",0.5586
Q0TEj9p73h0,Q0TEj9p73h0,10,"The boy is holding a brown object in his hand, but the specific action he is performing with it is not clear from the image.",0.5586
Q5eSe5WBHcQ,Q5eSe5WBHcQ,1,"The animals are not attacking each other as they are seen engaging in behaviors that are typical of play, such as gentle pushing and playful posturing, rather than the more aggressive and forceful actions associated with fighting.",0.7994
Q5eSe5WBHcQ,Q5eSe5WBHcQ,2,"The animals appear to be in a relaxed posture, without aggressive postures or behaviors such as biting or pawing, which suggests they are playing rather than attacking.",0.7994
Q5eSe5WBHcQ,Q5eSe5WBHcQ,3,"The animals are not attacking each other as they are seen standing on their hind legs in a playful manner, with no signs of aggression or struggle.",0.7994
Q5eSe5WBHcQ,Q5eSe5WBHcQ,4,"The animals appear to be engaging in typical playful behavior, as they are not showing signs of aggression such as growling, biting, or maintaining a defensive posture.",0.7994
Q5eSe5WBHcQ,Q5eSe5WBHcQ,5,"The animals appear to be engaged in playful behavior, indicated by their relaxed body language and the lack of any signs of aggression such as growling, biting, or trying to dominate.",0.7994
Q5eSe5WBHcQ,Q5eSe5WBHcQ,6,"The animals are not attacking each other as they are not showing signs of aggression such as growling, biting, or trying to dominate each other. Instead, they appear to be in a playful posture and interaction, possibly wrestling or mock fighting.",0.7994
Q5eSe5WBHcQ,Q5eSe5WBHcQ,7,"The animals appear to be in a playful stance, with no signs of aggression such as bared teeth, raised paws, or direct eye contact that would typically indicate a threat or fight.",0.7994
Q5eSe5WBHcQ,Q5eSe5WBHcQ,8,"The animals are not displaying any aggressive postures or behaviors that would suggest an attack; instead, they appear to be in a relaxed and playful stance.",0.7994
Q5eSe5WBHcQ,Q5eSe5WBHcQ,9,"The animals are not attacking; they are playing, as indicated by their relaxed body language and the absence of aggressive postures or movements.",0.7994
Q5eSe5WBHcQ,Q5eSe5WBHcQ,10,The animals are not attacking each other because they are standing calmly and not displaying any aggressive body language or behavior.,0.7994
Q6aMqZwNJlg,Q6aMqZwNJlg,1,The predator ends up with the prey.,0.3462
Q6aMqZwNJlg,Q6aMqZwNJlg,2,The predator ends up with the prey.,0.3462
Q6aMqZwNJlg,Q6aMqZwNJlg,3,The fox ends up with the prey.,0.3462
Q6aMqZwNJlg,Q6aMqZwNJlg,4,The animal that ends up with the prey is the one that successfully captures it in the hunt.,0.3462
Q6aMqZwNJlg,Q6aMqZwNJlg,5,The animal that ends up with the prey is the predator.,0.3462
Q6aMqZwNJlg,Q6aMqZwNJlg,6,The predator ends up with the prey.,0.3462
Q6aMqZwNJlg,Q6aMqZwNJlg,7,The lion ends up with the prey.,0.3462
Q6aMqZwNJlg,Q6aMqZwNJlg,8,The animal that ends up with the prey is the one that successfully hunts and captures it.,0.3462
Q6aMqZwNJlg,Q6aMqZwNJlg,9,The predator ends up with the prey.,0.3462
Q6aMqZwNJlg,Q6aMqZwNJlg,10,The predator ends up with the prey.,0.3462
Q6HqOkL4MCA,Q6HqOkL4MCA,1,The image shows a single glass of drink.,0.5937
Q6HqOkL4MCA,Q6HqOkL4MCA,2,The guy in the image drank one glass of drink.,0.5937
Q6HqOkL4MCA,Q6HqOkL4MCA,3,"The image shows a person holding a glass of drink, but it is not possible to determine the exact number of glasses of drink the person has consumed from the image alone.",0.5937
Q6HqOkL4MCA,Q6HqOkL4MCA,4,The image does not provide enough information to determine how many glasses of drink the guy drank.,0.5937
Q6HqOkL4MCA,Q6HqOkL4MCA,5,The image does not provide enough information to determine how many glasses of drink the guy drank.,0.5937
Q6HqOkL4MCA,Q6HqOkL4MCA,6,The image does not provide enough information to determine how many glasses of drink the guy drank.,0.5937
Q6HqOkL4MCA,Q6HqOkL4MCA,7,"The image shows a person holding a glass of drink, so the person drank one glass of drink.",0.5937
Q6HqOkL4MCA,Q6HqOkL4MCA,8,The image shows a single glass of drink.,0.5937
Q6HqOkL4MCA,Q6HqOkL4MCA,9,The image does not provide enough information to determine how many glasses of drink the guy drank.,0.5937
Q6HqOkL4MCA,Q6HqOkL4MCA,10,The image does not provide enough information to determine how many glasses of drink the guy drank.,0.5937
Q6Zx5bJHSuU,Q6Zx5bJHSuU,1,The video shows a close-up of a person cutting a piece of wood with a saw.,0.569
Q6Zx5bJHSuU,Q6Zx5bJHSuU,2,"In the video, a piece of fruit is being cut.",0.569
Q6Zx5bJHSuU,Q6Zx5bJHSuU,3,"In the video, a piece of paper is being cut.",0.569
Q6Zx5bJHSuU,Q6Zx5bJHSuU,4,"In the video, a tomato is being cut.",0.569
Q6Zx5bJHSuU,Q6Zx5bJHSuU,5,"The video shows a close-up of a knife cutting through a piece of food, likely a piece of fruit or vegetable, on a cutting board.",0.569
Q6Zx5bJHSuU,Q6Zx5bJHSuU,6,"In the video, a piece of meat is being cut.",0.569
Q6Zx5bJHSuU,Q6Zx5bJHSuU,7,"In the video, a person is cutting a piece of wood.",0.569
Q6Zx5bJHSuU,Q6Zx5bJHSuU,8,The video shows a person cutting a piece of paper with a pair of scissors.,0.569
Q6Zx5bJHSuU,Q6Zx5bJHSuU,9,"In the video, a slice of pizza is being cut.",0.569
Q6Zx5bJHSuU,Q6Zx5bJHSuU,10,"In the video, a piece of meat is being cut.",0.569
QFljXc4WpFA,QFljXc4WpFA,1,The two men of authority are each holding a gun and a sword.,0.6037
QFljXc4WpFA,QFljXc4WpFA,2,The two men of authority are each holding a sword and a shield.,0.6037
QFljXc4WpFA,QFljXc4WpFA,3,The two men of authority are each holding a sword.,0.6037
QFljXc4WpFA,QFljXc4WpFA,4,The two men of authority are each holding a sword.,0.6037
QFljXc4WpFA,QFljXc4WpFA,5,The two men of authority are each holding a sword and a shield.,0.6037
QFljXc4WpFA,QFljXc4WpFA,6,The two men of authority are each holding a sword.,0.6037
QFljXc4WpFA,QFljXc4WpFA,7,The two men of authority are each wielding a sword and a shield.,0.6037
QFljXc4WpFA,QFljXc4WpFA,8,The two men of authority are each equipped with a sword and a spear.,0.6037
QFljXc4WpFA,QFljXc4WpFA,9,The two men of authority are each holding a sword.,0.6037
QFljXc4WpFA,QFljXc4WpFA,10,The two men of authority are each holding a gun and a knife.,0.6037
QgQRjBsxT-M,QgQRjBsxT-M,1,Saris originated from the Indian subcontinent.,0.3906
QgQRjBsxT-M,QgQRjBsxT-M,2,"Saris originated from India, where it is a traditional garment worn by women.",0.3906
QgQRjBsxT-M,QgQRjBsxT-M,3,Saris originated from the Indian subcontinent.,0.3906
QgQRjBsxT-M,QgQRjBsxT-M,4,Saris originated from the Indian subcontinent.,0.3906
QgQRjBsxT-M,QgQRjBsxT-M,5,Saris originated from India.,0.3906
QgQRjBsxT-M,QgQRjBsxT-M,6,"Saris originated from the Indian subcontinent, particularly from regions such as the Indian states of Rajasthan and Gujarat.",0.3906
QgQRjBsxT-M,QgQRjBsxT-M,7,Saris originated from the Indian subcontinent.,0.3906
QgQRjBsxT-M,QgQRjBsxT-M,8,Saris originated from India.,0.3906
QgQRjBsxT-M,QgQRjBsxT-M,9,Saris originated from India.,0.3906
QgQRjBsxT-M,QgQRjBsxT-M,10,"Saris originated from the Indian subcontinent, specifically from the region of Rajasthan, India.",0.3906
QgzFuzktegE,QgzFuzktegE,1,The video does not provide specific information about how long it took for the man to learn how to play the flute to his current level of proficiency.,0.8604
QgzFuzktegE,QgzFuzktegE,2,The video does not provide specific information about how long it took for the man to learn the flute to his current level of proficiency.,0.8604
QgzFuzktegE,QgzFuzktegE,3,The video does not provide specific details about the duration it took for the man to learn the flute to his current level of proficiency.,0.8604
QgzFuzktegE,QgzFuzktegE,4,The video does not provide specific details about the duration it took for the man to learn how to play the flute to his current level of proficiency.,0.8604
QgzFuzktegE,QgzFuzktegE,5,The video suggests that it took the man 15 years of practice to reach his current level of proficiency on the flute.,0.8604
QgzFuzktegE,QgzFuzktegE,6,The video does not provide specific details about the duration it took for the man to learn the flute to his current level of proficiency.,0.8604
QgzFuzktegE,QgzFuzktegE,7,The video does not provide specific information about the duration it took for the man to learn how to play the flute to his current level of proficiency.,0.8604
QgzFuzktegE,QgzFuzktegE,8,The video does not provide specific details about the duration it took for the man to learn how to play the flute to his current level of proficiency.,0.8604
QgzFuzktegE,QgzFuzktegE,9,The video does not provide specific information about the time it took for the man to learn how to play the flute to his current level of proficiency.,0.8604
QgzFuzktegE,QgzFuzktegE,10,"According to the video, the man has been learning to play the flute for 3 years to reach his current level of proficiency.",0.8604
QhczbmyAPQw,QhczbmyAPQw,1,There are two red round patches on the woman's jeans.,0.5179
QhczbmyAPQw,QhczbmyAPQw,2,There are two red round patches on the woman's jeans.,0.5179
QhczbmyAPQw,QhczbmyAPQw,3,There are two red round patches on the woman's jeans.,0.5179
QhczbmyAPQw,QhczbmyAPQw,4,There are two red round patches on the woman's jeans.,0.5179
QhczbmyAPQw,QhczbmyAPQw,5,There are three red round patches on the woman's jeans.,0.5179
QhczbmyAPQw,QhczbmyAPQw,6,There are two red round patches on the woman's jeans.,0.5179
QhczbmyAPQw,QhczbmyAPQw,7,There are no red round patches on the woman's jeans in the image.,0.5179
QhczbmyAPQw,QhczbmyAPQw,8,There are two red round patches on the woman's jeans.,0.5179
QhczbmyAPQw,QhczbmyAPQw,9,There are two red round patches on the woman's jeans.,0.5179
QhczbmyAPQw,QhczbmyAPQw,10,There are two red round patches on the woman's jeans.,0.5179
QJuU4NALRfs,QJuU4NALRfs,1,The first baby head drops into the birth canal.,0.269
QJuU4NALRfs,QJuU4NALRfs,2,The first baby head drops into the birth canal during labor.,0.269
QJuU4NALRfs,QJuU4NALRfs,3,The first baby head drops into the birth canal.,0.269
QJuU4NALRfs,QJuU4NALRfs,4,The first baby head drops into the pelvic inlet.,0.269
QJuU4NALRfs,QJuU4NALRfs,5,The first baby head drops into the pelvis.,0.269
QJuU4NALRfs,QJuU4NALRfs,6,The first baby head drops into the pelvis during childbirth.,0.269
QJuU4NALRfs,QJuU4NALRfs,7,The first baby head drops into the pelvis during childbirth.,0.269
QJuU4NALRfs,QJuU4NALRfs,8,The first baby head drops into the birth canal.,0.269
QJuU4NALRfs,QJuU4NALRfs,9,The first baby head drops into the birth canal.,0.269
QJuU4NALRfs,QJuU4NALRfs,10,The first baby head drops into the birth canal during childbirth.,0.269
QKR5_es5p-8,QKR5_es5p-8,1,The man assists the girl by throwing the ring over the object for her.,0.5524
QKR5_es5p-8,QKR5_es5p-8,2,The man steps in to help the girl by throwing the ring for her.,0.5524
QKR5_es5p-8,QKR5_es5p-8,3,The man helps the girl by throwing the ring over the object for her.,0.5524
QKR5_es5p-8,QKR5_es5p-8,4,The man helps the girl by throwing the ring over the object for her.,0.5524
QKR5_es5p-8,QKR5_es5p-8,5,The man helps her by throwing the ring over the object for her.,0.5524
QKR5_es5p-8,QKR5_es5p-8,6,The man assists the girl by throwing the ring over the object for her.,0.5524
QKR5_es5p-8,QKR5_es5p-8,7,The man helps her by throwing the ring for her.,0.5524
QKR5_es5p-8,QKR5_es5p-8,8,The man takes over and throws the ring himself.,0.5524
QKR5_es5p-8,QKR5_es5p-8,9,The man helps the girl by throwing the ring over the object for her.,0.5524
QKR5_es5p-8,QKR5_es5p-8,10,The man steps in to help the girl by throwing the ring for her.,0.5524
QL68DPwP1P0,QL68DPwP1P0,1,"The woman proceeds to place the pillow on the bed, completing the initial setup for the bed.",0.5269
QL68DPwP1P0,QL68DPwP1P0,2,The woman likely continues her morning routine or engages in another activity after making her bed with a blanket and grabbing a pillow.,0.5269
QL68DPwP1P0,QL68DPwP1P0,3,The woman likely proceeds to arrange or settle the blanket and pillow as part of her bed-making routine.,0.5269
QL68DPwP1P0,QL68DPwP1P0,4,"The woman proceeds to lie down on the bed, presumably to rest or relax.",0.5269
QL68DPwP1P0,QL68DPwP1P0,5,The woman arranges the pillow on the bed.,0.5269
QL68DPwP1P0,QL68DPwP1P0,6,The woman likely proceeds to sit on the bed or prepare for a restful night's sleep after making her bed and arranging the pillow.,0.5269
QL68DPwP1P0,QL68DPwP1P0,7,The woman is likely preparing for bed or tidying up her sleeping area.,0.5269
QL68DPwP1P0,QL68DPwP1P0,8,The woman proceeds to sit on the bed.,0.5269
QL68DPwP1P0,QL68DPwP1P0,9,The woman likely proceeds to arrange the blanket and pillow to ensure comfort and aesthetic appeal in her bed.,0.5269
QL68DPwP1P0,QL68DPwP1P0,10,"She proceeds to ""clean her house"" after making her bed and grabbing a pillow.",0.5269
QlGfDlxPvPw,QlGfDlxPvPw,1,The man is taking a dive from a boat into the water.,0.4672
QlGfDlxPvPw,QlGfDlxPvPw,2,The man is taking a dive from a cliff into the water below.,0.4672
QlGfDlxPvPw,QlGfDlxPvPw,3,The man is taking a dive from a diving platform into the water.,0.4672
QlGfDlxPvPw,QlGfDlxPvPw,4,The man is taking a dive from a platform or a boat into the water below.,0.4672
QlGfDlxPvPw,QlGfDlxPvPw,5,"The man in the image appears to be taking a dive from a pier or dock into a body of water, likely a lake or ocean.",0.4672
QlGfDlxPvPw,QlGfDlxPvPw,6,The man is taking a dive from the water up to the surface of the water.,0.4672
QlGfDlxPvPw,QlGfDlxPvPw,7,The man is taking a dive from a platform or a bridge into the water below.,0.4672
QlGfDlxPvPw,QlGfDlxPvPw,8,The man is taking a dive from a diving platform into the water below.,0.4672
QlGfDlxPvPw,QlGfDlxPvPw,9,The man in the image is taking a dive from a rock into the water.,0.4672
QlGfDlxPvPw,QlGfDlxPvPw,10,The man is taking a dive from a platform into the water.,0.4672
QmXwE6NCFaI,QmXwE6NCFaI,1,The background sound heard when the man goes outside is the chirping of birds.,0.4697
QmXwE6NCFaI,QmXwE6NCFaI,2,The sound of the door opening and the wind blowing is heard when the man goes outside.,0.4697
QmXwE6NCFaI,QmXwE6NCFaI,3,The background sound heard when the man goes outside is the sound of a door closing.,0.4697
QmXwE6NCFaI,QmXwE6NCFaI,4,The sound of birds chirping is heard when the man goes outside.,0.4697
QmXwE6NCFaI,QmXwE6NCFaI,5,The background sound heard when the man goes outside is a chirping cricket.,0.4697
QmXwE6NCFaI,QmXwE6NCFaI,6,The background sound heard when the man goes outside is the sound of a car engine.,0.4697
QmXwE6NCFaI,QmXwE6NCFaI,7,The background sound heard when the man goes outside is the sound of the door closing.,0.4697
QmXwE6NCFaI,QmXwE6NCFaI,8,The background sound heard when the man goes outside is the chirping of birds.,0.4697
QmXwE6NCFaI,QmXwE6NCFaI,9,The background sound heard when the man goes outside is a dog barking.,0.4697
QmXwE6NCFaI,QmXwE6NCFaI,10,The sound of birds chirping can be heard in the background as the man goes outside.,0.4697
QN7iuxaKVOE,QN7iuxaKVOE,1,"I'm sorry, but I cannot provide the lyrics of the song after ""She brung and put a ring on my finger."" without the title of the song. Please provide the title of the song for me to assist you better.",0.7057
QN7iuxaKVOE,QN7iuxaKVOE,2,"The lyrics of the song after ""She brung and put a ring on my finger"" are ""and said, 'It's yours, it's yours.'""",0.7057
QN7iuxaKVOE,QN7iuxaKVOE,3,"""Married to the bone, got a whole new family.""",0.7057
QN7iuxaKVOE,QN7iuxaKVOE,4,"The lyrics that follow ""She brung and put a ring on my finger"" in the song ""Blinding Lights"" by The Weeknd are: ""I said 'Baby, I don't want to get married.' She said 'Baby, I don't want to get married.'""",0.7057
QN7iuxaKVOE,QN7iuxaKVOE,5,"""Promised to love you forever.""",0.7057
QN7iuxaKVOE,QN7iuxaKVOE,6,You're married now.,0.7057
QN7iuxaKVOE,QN7iuxaKVOE,7,"I'm sorry, but I cannot provide the lyrics of a song without more context. Please provide the title of the song or the artist.",0.7057
QN7iuxaKVOE,QN7iuxaKVOE,8,"""Are you still in love with me?""",0.7057
QN7iuxaKVOE,QN7iuxaKVOE,9,"""I never thought it would happen, but now it's real.""",0.7057
QN7iuxaKVOE,QN7iuxaKVOE,10,"""Here comes the rain, here comes the rain.""",0.7057
QRBvXoSRGDE,QRBvXoSRGDE,1,A person is seen feeding the giraffe some carrot strips.,0.3461
QRBvXoSRGDE,QRBvXoSRGDE,2,The image does not provide enough information to identify who is feeding the giraffe.,0.3461
QRBvXoSRGDE,QRBvXoSRGDE,3,The person feeding the giraffe some carrot strips is not visible in the image provided.,0.3461
QRBvXoSRGDE,QRBvXoSRGDE,4,A person is seen feeding the giraffe some carrot strips in the image.,0.3461
QRBvXoSRGDE,QRBvXoSRGDE,5,A person can be seen feeding the giraffe some carrot strips.,0.3461
QRBvXoSRGDE,QRBvXoSRGDE,6,A person can be seen feeding the giraffe some carrot strips.,0.3461
QRBvXoSRGDE,QRBvXoSRGDE,7,The image shows a person feeding a giraffe some carrot strips.,0.3461
QRBvXoSRGDE,QRBvXoSRGDE,8,A person can be seen feeding the giraffe some carrot strips.,0.3461
QRBvXoSRGDE,QRBvXoSRGDE,9,"In the picture, a person is feeding a giraffe some carrot strips.",0.3461
QRBvXoSRGDE,QRBvXoSRGDE,10,A person is feeding the giraffe some carrot strips.,0.3461
QwSEnsMHR3I,QwSEnsMHR3I,1,"After the tape is applied to the water, it creates a distinct line that can be used to measure or mark the water level, such as for fishing or leveling purposes.",0.698
QwSEnsMHR3I,QwSEnsMHR3I,2,"After the tape is applied to the water, it will float due to the principle of buoyancy, as the tape is denser than water and will displace its own weight in water.",0.698
QwSEnsMHR3I,QwSEnsMHR3I,3,"After the tape is applied to the water, it creates a barrier that prevents the water from spreading or leaking.",0.698
QwSEnsMHR3I,QwSEnsMHR3I,4,"After the tape is applied to the water, it adheres to the surface, creating a water-resistant barrier.",0.698
QwSEnsMHR3I,QwSEnsMHR3I,5,"After the tape is applied to the water, it will adhere to the surface, potentially creating a barrier or seal.",0.698
QwSEnsMHR3I,QwSEnsMHR3I,6,"The tape sticks to the water, forming a cohesive bond that can be used to secure or attach objects to the water surface.",0.698
QwSEnsMHR3I,QwSEnsMHR3I,7,"After the tape is applied to the water, it creates a visible line where the water and tape meet, and the tape can be used to measure or mark the water level.",0.698
QwSEnsMHR3I,QwSEnsMHR3I,8,"The tape will stick to the water, potentially causing it to stretch or deform.",0.698
QwSEnsMHR3I,QwSEnsMHR3I,9,"The tape adheres to the water, creating a thin layer of water vapor around it as the tape dries.",0.698
QwSEnsMHR3I,QwSEnsMHR3I,10,The tape sticks to the water and can be used to create a barrier or to secure something in place.,0.698
QxTUhUj5mXs,QxTUhUj5mXs,1,"The first sentence verbalized in the video is: ""Hello, how are you today?""",0.4409
QxTUhUj5mXs,QxTUhUj5mXs,2,"The first sentence verbalized in the video is ""Hello, how are you today?""",0.4409
QxTUhUj5mXs,QxTUhUj5mXs,3,"The first sentence verbalized in this video is ""Hello, how are you today?""",0.4409
QxTUhUj5mXs,QxTUhUj5mXs,4,"The first sentence in the video is ""Hello, how are you today?""",0.4409
QxTUhUj5mXs,QxTUhUj5mXs,5,"The first sentence verbalized in the video is ""This is the first sentence.""",0.4409
QxTUhUj5mXs,QxTUhUj5mXs,6,"The first sentence verbalized in this video is ""Hello, how are you today?""",0.4409
QxTUhUj5mXs,QxTUhUj5mXs,7,"The first sentence in the video is: ""In the past, the most popular Christmas movies were mostly focused on the traditional story of Santa Claus.""",0.4409
QxTUhUj5mXs,QxTUhUj5mXs,8,"The first sentence verbalized in this video is ""What is the first sentence verbalized in this video?""",0.4409
QxTUhUj5mXs,QxTUhUj5mXs,9,"The first sentence verbalized in this video is ""How are you today?""",0.4409
QxTUhUj5mXs,QxTUhUj5mXs,10,"The first sentence verbalized in this video is ""Good morning, everyone.""",0.4409
Qz39qVt6NGA,Qz39qVt6NGA,1,"The video outlines a technique correction for the triceps bench dip exercise by ensuring the body remains straight and the arms are extended fully, avoiding any swinging or arching of the back.",0.75
Qz39qVt6NGA,Qz39qVt6NGA,2,"The video corrects the technique by ensuring the participant's body is straight and not leaning forward, maintaining proper alignment with the arms and elbows to effectively target the triceps.",0.75
Qz39qVt6NGA,Qz39qVt6NGA,3,The video corrects the technique of the triceps bench dip exercise by emphasizing the importance of keeping the body straight and the elbows tucked in to ensure a proper and safe movement.,0.75
Qz39qVt6NGA,Qz39qVt6NGA,4,"The video corrects the triceps bench dip exercise by emphasizing proper posture, ensuring the body remains straight and the elbows track directly behind the shoulders, and avoiding unnecessary wrist extension to maintain a neutral wrist position.",0.75
Qz39qVt6NGA,Qz39qVt6NGA,5,"The video demonstrates the correct form for the triceps bench dip exercise by emphasizing keeping the back straight and using the triceps to lower and raise the body, ensuring a full range of motion.",0.75
Qz39qVt6NGA,Qz39qVt6NGA,6,The video outlines the importance of keeping the body straight and using the triceps to drive the movement during the triceps bench dip exercise.,0.75
Qz39qVt6NGA,Qz39qVt6NGA,7,The video outlines the technique correction to ensure the correct form in the triceps bench dip exercise by maintaining a straight line from head to heels and keeping the chest lifted.,0.75
Qz39qVt6NGA,Qz39qVt6NGA,8,The video outlines the importance of keeping the elbows close to the body to maintain proper form and target the triceps effectively during the triceps bench dip exercise.,0.75
Qz39qVt6NGA,Qz39qVt6NGA,9,The video outlines a technique correction for the triceps bench dip exercise by emphasizing proper alignment and maintaining a straight back to ensure effective engagement of the triceps muscles.,0.75
Qz39qVt6NGA,Qz39qVt6NGA,10,The video outlines that the technique for the triceps bench dip exercise should include keeping the body straight and the arms fully extended to engage the triceps muscles effectively.,0.75
QZgdI0jv28o,QZgdI0jv28o,1,There is one fish in the video.,0.4509
QZgdI0jv28o,QZgdI0jv28o,2,There is one fish in the video.,0.4509
QZgdI0jv28o,QZgdI0jv28o,3,There are no fish in the video.,0.4509
QZgdI0jv28o,QZgdI0jv28o,4,There are no fish in the video.,0.4509
QZgdI0jv28o,QZgdI0jv28o,5,There is one fish in the video.,0.4509
QZgdI0jv28o,QZgdI0jv28o,6,There are no fish in the video.,0.4509
QZgdI0jv28o,QZgdI0jv28o,7,There are no fish in the video.,0.4509
QZgdI0jv28o,QZgdI0jv28o,8,There are no fish in the video.,0.4509
QZgdI0jv28o,QZgdI0jv28o,9,There are no fish visible in the video.,0.4509
QZgdI0jv28o,QZgdI0jv28o,10,There are no fish in the video.,0.4509
Q_cDYrCPVvc,Q_cDYrCPVvc,1,LeBron James excels in the sport of basketball.,0.4969
Q_cDYrCPVvc,Q_cDYrCPVvc,2,LeBron James excels in the sport of basketball.,0.4969
Q_cDYrCPVvc,Q_cDYrCPVvc,3,LeBron James excels in the sport of basketball.,0.4969
Q_cDYrCPVvc,Q_cDYrCPVvc,4,LeBron James excels in basketball.,0.4969
Q_cDYrCPVvc,Q_cDYrCPVvc,5,LeBron James excels in basketball.,0.4969
Q_cDYrCPVvc,Q_cDYrCPVvc,6,LeBron James excels in basketball.,0.4969
Q_cDYrCPVvc,Q_cDYrCPVvc,7,LeBron James excels in basketball.,0.4969
Q_cDYrCPVvc,Q_cDYrCPVvc,8,LeBron James excels in the sport of basketball.,0.4969
Q_cDYrCPVvc,Q_cDYrCPVvc,9,LeBron James excels in basketball.,0.4969
Q_cDYrCPVvc,Q_cDYrCPVvc,10,LeBron James excels in basketball.,0.4969
Q_hGnEy6dYw,Q_hGnEy6dYw,1,"The image shows a man with a white beard and mustache, wearing a black jacket and a white shirt, standing against a blue background.",0.6591
Q_hGnEy6dYw,Q_hGnEy6dYw,2,"The image appears to be blank, so there is no man or any other subject to describe.",0.6591
Q_hGnEy6dYw,Q_hGnEy6dYw,3,"The image shows a man with short hair, wearing a dark-colored jacket.",0.6591
Q_hGnEy6dYw,Q_hGnEy6dYw,4,The image shows a man with short hair and a neutral expression.,0.6591
Q_hGnEy6dYw,Q_hGnEy6dYw,5,The image shows a person wearing a white shirt and blue pants.,0.6591
Q_hGnEy6dYw,Q_hGnEy6dYw,6,"The image appears to be a placeholder or a default profile picture, often used when an image is not available or cannot be displayed. It does not depict a specific person.",0.6591
Q_hGnEy6dYw,Q_hGnEy6dYw,7,The image appears to be a placeholder or a generic icon representing a man.,0.6591
Q_hGnEy6dYw,Q_hGnEy6dYw,8,"The image shows a man in a suit and tie, but without additional context, it's not possible to identify him specifically.",0.6591
Q_hGnEy6dYw,Q_hGnEy6dYw,9,The image does not contain any visual content that allows for the identification of a person or provide any context for the question.,0.6591
Q_hGnEy6dYw,Q_hGnEy6dYw,10,"The man in the picture is not provided with a specific identity, but he is wearing a red shirt and appears to be in a standing position.",0.6591
R17SNKI79Hc,R17SNKI79Hc,1,The video shows a person eating a bowl of food.,0.5879
R17SNKI79Hc,R17SNKI79Hc,2,The video shows a person using a pen to draw or write on a surface.,0.5879
R17SNKI79Hc,R17SNKI79Hc,3,The video shows a person walking with a bicycle.,0.5879
R17SNKI79Hc,R17SNKI79Hc,4,The video shows a person performing a dance move.,0.5879
R17SNKI79Hc,R17SNKI79Hc,5,The video shows a person riding a bicycle on a road.,0.5879
R17SNKI79Hc,R17SNKI79Hc,6,"The video shows a person standing in a kitchen, possibly preparing to cook or clean up.",0.5879
R17SNKI79Hc,R17SNKI79Hc,7,"The video shows a close-up of a pair of hands holding a small, light-colored object, possibly a piece of paper or fabric, against a dark background.",0.5879
R17SNKI79Hc,R17SNKI79Hc,8,The video shows a person playing the ukulele.,0.5879
R17SNKI79Hc,R17SNKI79Hc,9,The video shows a person performing a dance routine with a baton.,0.5879
R17SNKI79Hc,R17SNKI79Hc,10,The video depicts a person performing an action that involves a white object being lifted or placed.,0.5879
R3wb56nmOaA,R3wb56nmOaA,1,"This image does not show an ambulance, but rather a room with a large window and a bed. Therefore, it is not possible to determine the number of doors in the back of an ambulance from this image.",0.5313
R3wb56nmOaA,R3wb56nmOaA,2,The ambulance in the picture has two doors in the back.,0.5313
R3wb56nmOaA,R3wb56nmOaA,3,This ambulance has one door in the back.,0.5313
R3wb56nmOaA,R3wb56nmOaA,4,The ambulance in the picture has two doors in the back.,0.5313
R3wb56nmOaA,R3wb56nmOaA,5,The ambulance in the picture has two doors in the back.,0.5313
R3wb56nmOaA,R3wb56nmOaA,6,The ambulance in the picture has two doors in the back.,0.5313
R3wb56nmOaA,R3wb56nmOaA,7,This ambulance has two doors in the back.,0.5313
R3wb56nmOaA,R3wb56nmOaA,8,The ambulance in the picture has one door in the back.,0.5313
R3wb56nmOaA,R3wb56nmOaA,9,This ambulance has one door in the back.,0.5313
R3wb56nmOaA,R3wb56nmOaA,10,The ambulance in the picture has two doors in the back.,0.5313
R8nElUYfrec,R8nElUYfrec,1,"The players are engaged in a game of soccer, with one player kicking the ball towards the goal.",0.733
R8nElUYfrec,R8nElUYfrec,2,"The players are engaged in a competitive game, likely soccer, given the context of the image and the term ""soccer"" mentioned.",0.733
R8nElUYfrec,R8nElUYfrec,3,"The players are engaged in a game, likely soccer, given the context of the image which shows a player in a red jersey preparing to kick a ball.",0.733
R8nElUYfrec,R8nElUYfrec,4,"The players are engaged in a game, with one player having possession of the ball and the other preparing to move.",0.733
R8nElUYfrec,R8nElUYfrec,5,The players are preparing to play a game.,0.733
R8nElUYfrec,R8nElUYfrec,6,"The players are engaged in a game of soccer, with one player in white and another in black, both appearing to be in motion, possibly running or preparing to kick the ball.",0.733
R8nElUYfrec,R8nElUYfrec,7,"The players are engaged in a game, with one player appearing to be in motion, possibly running or jumping, while the other is stationary, possibly preparing to receive or react to the movement.",0.733
R8nElUYfrec,R8nElUYfrec,8,"The players are playing a game, likely soccer, as indicated by the person in a red and white striped jersey and the soccer ball.",0.733
R8nElUYfrec,R8nElUYfrec,9,"The players are standing in a line, seemingly preparing to take a free kick in a soccer game.",0.733
R8nElUYfrec,R8nElUYfrec,10,"The players are engaging in a game, as indicated by the active stance and the presence of a ball.",0.733
R9AKnfthxxk,R9AKnfthxxk,1,"The character who argues with the rest about the score is the one who insists on the score being 11-9, which is not the actual score of 10-9.",0.7463
R9AKnfthxxk,R9AKnfthxxk,2,The character who argues with the rest about the score is the one who believes the score is incorrect or unfair.,0.7463
R9AKnfthxxk,R9AKnfthxxk,3,The character who argues with the rest about the score is the one who is visibly frustrated and gesturing emphatically.,0.7463
R9AKnfthxxk,R9AKnfthxxk,4,"The character who argues with the rest about the score is the one who is not mentioned in the question, but the one who is arguing is the one who is not the one being asked about.",0.7463
R9AKnfthxxk,R9AKnfthxxk,5,"The character who argues with the rest about the score is the one who is visibly upset, as indicated by their body language and facial expression.",0.7463
R9AKnfthxxk,R9AKnfthxxk,6,The character who argues with the rest about the score is the one who is visibly upset and gesturing emphatically.,0.7463
R9AKnfthxxk,R9AKnfthxxk,7,"The character who argues with the rest about the score is the one who says ""I don't think so.""",0.7463
R9AKnfthxxk,R9AKnfthxxk,8,"The character who argues with the rest about the score is the one who says, ""I think it's a tie!""",0.7463
R9AKnfthxxk,R9AKnfthxxk,9,"The character who argues with the rest about the score is the one who is not shown speaking, as the image does not provide enough context to determine who that character is.",0.7463
R9AKnfthxxk,R9AKnfthxxk,10,The character who argues with the rest about the score is the one who is most upset by the final tally.,0.7463
R9jhwptmirQ,R9jhwptmirQ,1,Three toys went into the dinosaur mouth.,0.4123
R9jhwptmirQ,R9jhwptmirQ,2,Two toys went into the dinosaur's mouth.,0.4123
R9jhwptmirQ,R9jhwptmirQ,3,Three toys went into the dinosaur mouth.,0.4123
R9jhwptmirQ,R9jhwptmirQ,4,One toy went into the dinosaur's mouth.,0.4123
R9jhwptmirQ,R9jhwptmirQ,5,The image does not provide enough information to determine how many toys went into the dinosaur's mouth.,0.4123
R9jhwptmirQ,R9jhwptmirQ,6,Three toys went into the dinosaur's mouth.,0.4123
R9jhwptmirQ,R9jhwptmirQ,7,The image shows one toy dinosaur with one toy inside its mouth.,0.4123
R9jhwptmirQ,R9jhwptmirQ,8,Two toys went into the dinosaur's mouth.,0.4123
R9jhwptmirQ,R9jhwptmirQ,9,Two toys went into the dinosaur's mouth.,0.4123
R9jhwptmirQ,R9jhwptmirQ,10,"The image shows a single toy dinosaur with its mouth open, but the specific number of toys inside is not clearly visible or identifiable.",0.4123
Ra6a04vhaZ4,Ra6a04vhaZ4,1,"The young woman turns the bottle upside down and squeezes it, causing the liquid inside to be pushed out.",0.5802
Ra6a04vhaZ4,Ra6a04vhaZ4,2,"When the young woman turns the bottle upside down and squeezes it, the liquid inside is displaced and eventually empties the bottle.",0.5802
Ra6a04vhaZ4,Ra6a04vhaZ4,3,"When the young woman turns the bottle upside down and squeezes it, the liquid inside the bottle will be forced out through the neck.",0.5802
Ra6a04vhaZ4,Ra6a04vhaZ4,4,"When the young woman turns the bottle upside down and squeezes it, the red liquid inside is emptied out.",0.5802
Ra6a04vhaZ4,Ra6a04vhaZ4,5,"When the young woman turns the bottle upside down and squeezes it, the liquid inside the bottle is released.",0.5802
Ra6a04vhaZ4,Ra6a04vhaZ4,6,"When the young woman turns the bottle upside down and squeezes it, the water inside the bottle is forced to flow out.",0.5802
Ra6a04vhaZ4,Ra6a04vhaZ4,7,"When the young woman turns the bottle upside down and squeezes it, the water inside the bottle changes from liquid to gas and escapes as steam.",0.5802
Ra6a04vhaZ4,Ra6a04vhaZ4,8,"When the young woman turns the bottle upside down and squeezes it, the liquid inside is displaced and flows out through the nozzle.",0.5802
Ra6a04vhaZ4,Ra6a04vhaZ4,9,"When the young woman turns the bottle upside down and squeezes it, the liquid inside is released.",0.5802
Ra6a04vhaZ4,Ra6a04vhaZ4,10,"When the young woman turns the bottle upside down and squeezes it, the liquid inside the bottle is displaced and comes out of the bottle.",0.5802
Rc1h9aZ1Lv8,Rc1h9aZ1Lv8,1,"The necklace appears to be made of a gold-colored metal, likely gold or a gold-toned alloy.",0.5342
Rc1h9aZ1Lv8,Rc1h9aZ1Lv8,2,The necklace is made of silver.,0.5342
Rc1h9aZ1Lv8,Rc1h9aZ1Lv8,3,The necklace is made of gold.,0.5342
Rc1h9aZ1Lv8,Rc1h9aZ1Lv8,4,"The necklace appears to be made of a silver chain with a pendant, though the material of the pendant itself is not clearly visible.",0.5342
Rc1h9aZ1Lv8,Rc1h9aZ1Lv8,5,"The necklace is made of a gold chain with a large, ornate pendant.",0.5342
Rc1h9aZ1Lv8,Rc1h9aZ1Lv8,6,The necklace is made of a gold chain with a pendant.,0.5342
Rc1h9aZ1Lv8,Rc1h9aZ1Lv8,7,"The necklace appears to be made of a gold-colored metal, possibly gold or a gold-plated material.",0.5342
Rc1h9aZ1Lv8,Rc1h9aZ1Lv8,8,The necklace is made of silver.,0.5342
Rc1h9aZ1Lv8,Rc1h9aZ1Lv8,9,The necklace is made of gold.,0.5342
Rc1h9aZ1Lv8,Rc1h9aZ1Lv8,10,"The necklace appears to be made of a combination of silver and possibly some form of gemstone or crystal, as indicated by the shiny, reflective surface and the presence of a small, colorful element.",0.5342
RdgLPaYXaDI,RdgLPaYXaDI,1,The firemen are practicing their techniques and equipment.,0.5858
RdgLPaYXaDI,RdgLPaYXaDI,2,The firemen are practicing their ladder skills.,0.5858
RdgLPaYXaDI,RdgLPaYXaDI,3,"The firemen are practicing their techniques, likely to ensure readiness for emergencies.",0.5858
RdgLPaYXaDI,RdgLPaYXaDI,4,The firemen are practicing their climbing skills on the fire escape ladder.,0.5858
RdgLPaYXaDI,RdgLPaYXaDI,5,The firemen are practicing their emergency response skills.,0.5858
RdgLPaYXaDI,RdgLPaYXaDI,6,The firemen are practicing fire drills.,0.5858
RdgLPaYXaDI,RdgLPaYXaDI,7,The firemen are practicing their emergency response techniques.,0.5858
RdgLPaYXaDI,RdgLPaYXaDI,8,"The firemen are practicing their skills in a controlled environment, likely to prepare for real-life emergencies.",0.5858
RdgLPaYXaDI,RdgLPaYXaDI,9,The firemen are practicing their response to an emergency situation.,0.5858
RdgLPaYXaDI,RdgLPaYXaDI,10,The firemen are practicing fire safety techniques.,0.5858
RIbj7xukchQ,RIbj7xukchQ,1,"The image appears to be a placeholder or a blank image, so there is no sediment or Phish present to explain. If you have a specific question or need information about sediment or Phish, please provide more details.",0.8302
RIbj7xukchQ,RIbj7xukchQ,2,"The image appears to be a joke or a play on words, where ""sediment rising"" is a pun on the phrase ""a rising star"" or ""a rising tide,"" and ""phish"" is likely a reference to the band Phish. The joke is not related to a scientific explanation of sediment rising in",0.8302
RIbj7xukchQ,RIbj7xukchQ,3,"The sediment is rising under the Phish due to the pressure from the water as it moves over the riverbed, causing the sediment to be pushed up.",0.8302
RIbj7xukchQ,RIbj7xukchQ,4,The image appears to be a question or statement that does not contain enough context for a meaningful response. Could you please provide more details or clarify the question?,0.8302
RIbj7xukchQ,RIbj7xukchQ,5,"The sediment is rising under the Phish as a result of the physical movement of the water and the sediment's buoyancy, causing it to float to the surface.",0.8302
RIbj7xukchQ,RIbj7xukchQ,6,"The sediment is rising under the fish because it is likely due to the fish moving through the water, stirring up the sediment from the bottom, which then rises and settles around it.",0.8302
RIbj7xukchQ,RIbj7xukchQ,7,"The image you provided is not clear or relevant to the question about sediment rising under Phish, so I cannot provide an accurate answer based on this image. If you have additional context or a clearer image, please provide that so I can assist you better.",0.8302
RIbj7xukchQ,RIbj7xukchQ,8,"The sediment is rising under the Phish in the image because it appears to be a visual representation of sediment accumulation or a sedimentary process, likely created for illustrative or educational purposes.",0.8302
RIbj7xukchQ,RIbj7xukchQ,9,"The sediment is rising under the Phish likely due to an increase in the water level or pressure, causing the sediment to rise and become visible.",0.8302
RIbj7xukchQ,RIbj7xukchQ,10,"The sediment is rising under the Phish logo because the logo is being printed on a surface that is being coated with a material, which causes the surface to rise as the coating dries.",0.8302
RJARe9mGjK0,RJARe9mGjK0,1,"The numbers on the white keys of a piano indicate the note names, starting with C on the lowest white key and continuing up the keyboard.",0.789
RJARe9mGjK0,RJARe9mGjK0,2,"The numbers on the white keys of a piano indicate the pitch of the note, with lower numbers representing lower frequencies and higher numbers representing higher frequencies.",0.789
RJARe9mGjK0,RJARe9mGjK0,3,"The numbers on the white keys of a piano indicate the pitch of the notes, corresponding to the frequency of sound waves.",0.789
RJARe9mGjK0,RJARe9mGjK0,4,"The numbers on the white keys of a piano represent the note names in the musical scale, starting with C and progressing through the octaves.",0.789
RJARe9mGjK0,RJARe9mGjK0,5,"The numbers on the white keys represent the musical notes in the chromatic scale, corresponding to the positions on a piano or keyboard.",0.789
RJARe9mGjK0,RJARe9mGjK0,6,"The numbers on the white keys of a piano indicate the musical notes, with each key representing a specific note in the chromatic scale.",0.789
RJARe9mGjK0,RJARe9mGjK0,7,"The numbers on the white keys of a piano represent the note names, with 'A' being the lowest note and 'C' being the highest note on the keyboard.",0.789
RJARe9mGjK0,RJARe9mGjK0,8,"The numbers on the white keys of a piano represent the note names in the musical alphabet, starting with C, followed by D, E, F, G, A, and B, which then repeats.",0.789
RJARe9mGjK0,RJARe9mGjK0,9,"The numbers on the white keys of a piano indicate the scale degrees of the major or minor scale being played, with middle C typically being C4.",0.789
RJARe9mGjK0,RJARe9mGjK0,10,"The numbers on the white keys of a piano represent the notes of the chromatic scale, starting from C and ascending through the natural notes of the musical alphabet (C, D, E, F, G, A, B).",0.789
RjEjcM_Z0oU,RjEjcM_Z0oU,1,The sound of the waiter's footsteps is heard in the background while the paratha is being brought into the room.,0.4764
RjEjcM_Z0oU,RjEjcM_Z0oU,2,The background noise suggests a lively restaurant environment.,0.4764
RjEjcM_Z0oU,RjEjcM_Z0oU,3,The sound of clinking glasses and chatter can be heard in the background as the waiter brings the paratha into the room.,0.4764
RjEjcM_Z0oU,RjEjcM_Z0oU,4,The sound of the waiter's footsteps is heard in the background while the paratha is being brought into the room.,0.4764
RjEjcM_Z0oU,RjEjcM_Z0oU,5,The background noise includes the waiter's footsteps and the soft rustling of the menu pages.,0.4764
RjEjcM_Z0oU,RjEjcM_Z0oU,6,The background noise includes the clinking of plates and the rustling of menus as the waiter moves around the restaurant.,0.4764
RjEjcM_Z0oU,RjEjcM_Z0oU,7,The sound of footsteps and clinking dishes can be heard in the background while the waiter brings the paratha into the room.,0.4764
RjEjcM_Z0oU,RjEjcM_Z0oU,8,The background noise suggests a lively restaurant environment as the waiter brings the paratha into the room.,0.4764
RjEjcM_Z0oU,RjEjcM_Z0oU,9,The sound of footsteps can be heard in the background as the waiter brings the paratha into the room.,0.4764
RjEjcM_Z0oU,RjEjcM_Z0oU,10,The background sound of a bustling restaurant can be heard while the waiter brings the paratha into the room.,0.4764
RM3SjNFXqVM,RM3SjNFXqVM,1,The desire expressed in the video is for peace and unity.,0.4714
RM3SjNFXqVM,RM3SjNFXqVM,2,The desire expressed in the video is for the viewer to click a link to learn more.,0.4714
RM3SjNFXqVM,RM3SjNFXqVM,3,"The desire expressed in this video is for someone to ""buy me a drink"" and ""like me.""",0.4714
RM3SjNFXqVM,RM3SjNFXqVM,4,"The video expresses a desire for something, though the exact nature of the desire is not specified.",0.4714
RM3SjNFXqVM,RM3SjNFXqVM,5,"The desire expressed in the video is for the viewer to engage with the content by liking, sharing, or commenting.",0.4714
RM3SjNFXqVM,RM3SjNFXqVM,6,The desire expressed in the video is for a large pizza with a specific topping combination.,0.4714
RM3SjNFXqVM,RM3SjNFXqVM,7,The video expresses a desire for a return to a past state of happiness or peace.,0.4714
RM3SjNFXqVM,RM3SjNFXqVM,8,"The desire expressed in this video is for a solution or fix to a problem, as indicated by the repeated phrase ""I want to solve this.""",0.4714
RM3SjNFXqVM,RM3SjNFXqVM,9,The video expresses a desire for a return to normalcy and the end of the pandemic.,0.4714
RM3SjNFXqVM,RM3SjNFXqVM,10,The desire expressed in the video is for someone to take a picture of the person.,0.4714
RMH5uw9BzWs,RMH5uw9BzWs,1,"The woman now holds the dog leashes, indicating she has taken responsibility for the dogs.",0.4626
RMH5uw9BzWs,RMH5uw9BzWs,2,"The woman takes the dog leashes from the man, likely preparing to walk or care for the dogs.",0.4626
RMH5uw9BzWs,RMH5uw9BzWs,3,The woman takes the dog leashes from the man and begins to walk away with them.,0.4626
RMH5uw9BzWs,RMH5uw9BzWs,4,"The woman takes the dog leashes from the man, indicating she is ready to walk the dogs.",0.4626
RMH5uw9BzWs,RMH5uw9BzWs,5,"The woman likely proceeds to take the leashes from the man, preparing to walk the dog or attend to the dogs' needs.",0.4626
RMH5uw9BzWs,RMH5uw9BzWs,6,"The man transfers the dog leashes to the woman, who then holds them, likely preparing to walk the dogs.",0.4626
RMH5uw9BzWs,RMH5uw9BzWs,7,"The man releases the dog leashes to the woman who is holding them, indicating she now has control over the leashes.",0.4626
RMH5uw9BzWs,RMH5uw9BzWs,8,"The woman takes the dog leashes from the man, likely preparing to walk or care for the dogs.",0.4626
RMH5uw9BzWs,RMH5uw9BzWs,9,"The woman takes the dog leashes from the man, presumably preparing to walk the dogs.",0.4626
RMH5uw9BzWs,RMH5uw9BzWs,10,"The woman takes the dog leashes from the man, preparing to walk the dogs.",0.4626
RmM3982Qbow,RmM3982Qbow,1,"The bottom of the truckstop sign reads ""Truckstop"".",0.373
RmM3982Qbow,RmM3982Qbow,2,"The bottom of the truckstop sign reads ""Tires - Auto Parts - Oil.""",0.373
RmM3982Qbow,RmM3982Qbow,3,"The bottom of the truckstop sign reads ""Truckstop.""",0.373
RmM3982Qbow,RmM3982Qbow,4,"The bottom of the truckstop sign reads ""24 Hours.""",0.373
RmM3982Qbow,RmM3982Qbow,5,"The bottom of the truckstop sign reads ""Truck Stop.""",0.373
RmM3982Qbow,RmM3982Qbow,6,"The bottom of the truckstop sign reads ""Truckstop"".",0.373
RmM3982Qbow,RmM3982Qbow,7,"The bottom of the truckstop sign reads ""3480 N. Highway 190.""",0.373
RmM3982Qbow,RmM3982Qbow,8,"The bottom of the truckstop sign reads ""TRUCK STOP.""",0.373
RmM3982Qbow,RmM3982Qbow,9,"The bottom of the truckstop sign reads ""Diesel"".",0.373
RmM3982Qbow,RmM3982Qbow,10,"The bottom of the truckstop sign reads ""Camping, RV Parking.""",0.373
ROyak2UcFQo,ROyak2UcFQo,1,The image contains a single person.,0.5725
ROyak2UcFQo,ROyak2UcFQo,2,"The image provided does not depict a video, but rather a single frame of a person. Therefore, the number of different people shown is one.",0.5725
ROyak2UcFQo,ROyak2UcFQo,3,The image shows one person.,0.5725
ROyak2UcFQo,ROyak2UcFQo,4,The image does not provide enough context to determine how many different people are shown in the video.,0.5725
ROyak2UcFQo,ROyak2UcFQo,5,The image does not provide enough context to determine how many different people are shown in the video.,0.5725
ROyak2UcFQo,ROyak2UcFQo,6,"The image provided does not contain any visual content, and therefore, it is not possible to determine how many different people are shown in a video.",0.5725
ROyak2UcFQo,ROyak2UcFQo,7,There is one person shown in the video.,0.5725
ROyak2UcFQo,ROyak2UcFQo,8,There is one person shown in the video.,0.5725
ROyak2UcFQo,ROyak2UcFQo,9,The image shows one person.,0.5725
ROyak2UcFQo,ROyak2UcFQo,10,There are no people shown in this image; it appears to be a blank white screen.,0.5725
RRI9JuEZ5y4,RRI9JuEZ5y4,1,There are three pieces cut from the wood.,0.471
RRI9JuEZ5y4,RRI9JuEZ5y4,2,One piece of wood is cut in the image.,0.471
RRI9JuEZ5y4,RRI9JuEZ5y4,3,"The image shows a piece of wood with two cuts, indicating that two pieces are cut from the wood.",0.471
RRI9JuEZ5y4,RRI9JuEZ5y4,4,"The image shows a single piece of wood that has been cut, indicating that one piece has been cut from the original.",0.471
RRI9JuEZ5y4,RRI9JuEZ5y4,5,One piece is cut from the wood.,0.471
RRI9JuEZ5y4,RRI9JuEZ5y4,6,The image does not provide enough information to determine how many pieces are cut from the wood.,0.471
RRI9JuEZ5y4,RRI9JuEZ5y4,7,"The image shows a single piece of wood with a cross cut, indicating that one piece has been cut from the original log.",0.471
RRI9JuEZ5y4,RRI9JuEZ5y4,8,One piece of wood is cut from the image.,0.471
RRI9JuEZ5y4,RRI9JuEZ5y4,9,There is one piece of wood visible in the image.,0.471
RRI9JuEZ5y4,RRI9JuEZ5y4,10,The image shows one piece of wood that appears to have been cut.,0.471
RS5Ayq-m2TU,RS5Ayq-m2TU,1,The video does not provide enough context or audio to determine the type of music playing.,0.5587
RS5Ayq-m2TU,RS5Ayq-m2TU,2,"The video features a musical performance with a mix of classical and contemporary elements, showcasing a live orchestra with a modern twist.",0.5587
RS5Ayq-m2TU,RS5Ayq-m2TU,3,The video features a lively and upbeat pop song.,0.5587
RS5Ayq-m2TU,RS5Ayq-m2TU,4,The video does not contain any audio or music.,0.5587
RS5Ayq-m2TU,RS5Ayq-m2TU,5,"The video features a variety of music genres, including classical, pop, and rock, with a focus on live performances.",0.5587
RS5Ayq-m2TU,RS5Ayq-m2TU,6,"The video features a track with electronic and pop elements, characterized by a fast-paced beat and synthesizer sounds.",0.5587
RS5Ayq-m2TU,RS5Ayq-m2TU,7,The video features a mix of electronic and pop music with a rhythmic and upbeat tempo.,0.5587
RS5Ayq-m2TU,RS5Ayq-m2TU,8,The video features a piece of classical music.,0.5587
RS5Ayq-m2TU,RS5Ayq-m2TU,9,The video does not contain any music.,0.5587
RS5Ayq-m2TU,RS5Ayq-m2TU,10,The video does not contain any visible music; it appears to be a static image or a placeholder with no audio or visual content.,0.5587
RwDFP3Vpwoo,RwDFP3Vpwoo,1,"The hand is resting on a flat, dark surface.",0.4313
RwDFP3Vpwoo,RwDFP3Vpwoo,2,The image is too small to discern what is under the hand.,0.4313
RwDFP3Vpwoo,RwDFP3Vpwoo,3,The hand is resting on a white surface.,0.4313
RwDFP3Vpwoo,RwDFP3Vpwoo,4,The image is too small and lacks detail to determine what is under the hand.,0.4313
RwDFP3Vpwoo,RwDFP3Vpwoo,5,"The image appears to show a hand resting on a white surface, which could be a table or a piece of paper.",0.4313
RwDFP3Vpwoo,RwDFP3Vpwoo,6,The hand is resting on a surface that appears to be a table or a flat object.,0.4313
RwDFP3Vpwoo,RwDFP3Vpwoo,7,The hand is resting on a surface that appears to be a wooden table.,0.4313
RwDFP3Vpwoo,RwDFP3Vpwoo,8,The image does not provide enough information to determine what is under the hand.,0.4313
RwDFP3Vpwoo,RwDFP3Vpwoo,9,"The image shows a hand resting on a surface, but the specific details of what the hand is resting on are not discernible from the image provided.",0.4313
RwDFP3Vpwoo,RwDFP3Vpwoo,10,The image does not provide enough detail to determine what is under the hand.,0.4313
RWxbEgaAcSE,RWxbEgaAcSE,1,"The man gets up from the pavement, dusts himself off, and looks around to assess the situation.",0.6492
RWxbEgaAcSE,RWxbEgaAcSE,2,The man falls to the ground after the crash.,0.6492
RWxbEgaAcSE,RWxbEgaAcSE,3,"The man gets up, dusts himself off, and looks at the camera with a playful expression, seemingly unfazed by the crash.",0.6492
RWxbEgaAcSE,RWxbEgaAcSE,4,"The man gets up, assesses the damage to his bicycle, and then proceeds to fix it.",0.6492
RWxbEgaAcSE,RWxbEgaAcSE,5,The man falls to the ground and may experience pain or injury.,0.6492
RWxbEgaAcSE,RWxbEgaAcSE,6,"The man in the image appears to be in a moment of surprise or shock, possibly reflecting on the sudden impact and potential injury from the fall, as he has just crashed onto the pavement after jumping off the ramp on his bicycle.",0.6492
RWxbEgaAcSE,RWxbEgaAcSE,7,"The man appears to be standing up, possibly after a fall, suggesting he might be assessing the situation or getting back on his feet.",0.6492
RWxbEgaAcSE,RWxbEgaAcSE,8,"The man's subsequent actions are not depicted in the image, as it only shows him jumping off the ramp.",0.6492
RWxbEgaAcSE,RWxbEgaAcSE,9,The man on the bicycle lands awkwardly on the pavement after a jump off the ramp.,0.6492
RWxbEgaAcSE,RWxbEgaAcSE,10,The man falls off his bicycle and lands on the pavement.,0.6492
RXvT_6NXqaI,RXvT_6NXqaI,1,The woman is unwrapping a gift.,0.2661
RXvT_6NXqaI,RXvT_6NXqaI,2,The woman is unwrapping a gift.,0.2661
RXvT_6NXqaI,RXvT_6NXqaI,3,The woman is unwrapping a gift.,0.2661
RXvT_6NXqaI,RXvT_6NXqaI,4,The woman is unwrapping a gift.,0.2661
RXvT_6NXqaI,RXvT_6NXqaI,5,The woman appears to be unwrapping a gift.,0.2661
RXvT_6NXqaI,RXvT_6NXqaI,6,The woman is unwrapping a gift.,0.2661
RXvT_6NXqaI,RXvT_6NXqaI,7,The woman is unwrapping a gift.,0.2661
RXvT_6NXqaI,RXvT_6NXqaI,8,The woman is unwrapping a gift.,0.2661
RXvT_6NXqaI,RXvT_6NXqaI,9,The woman is unwrapping a gift.,0.2661
RXvT_6NXqaI,RXvT_6NXqaI,10,The woman is unwrapping a present.,0.2661
RYU4tMwkqps,RYU4tMwkqps,1,"The woman proceeds to step into the ring, likely as part of a ritual or performance.",0.493
RYU4tMwkqps,RYU4tMwkqps,2,The woman adjusts the dress after placing the ring at her waist and lifting the skirt.,0.493
RYU4tMwkqps,RYU4tMwkqps,3,The woman continues to adjust the skirt of the dress after placing the ring at her waist.,0.493
RYU4tMwkqps,RYU4tMwkqps,4,"The woman appears to be adjusting her skirt while holding a ring at her waist, possibly preparing to put it on.",0.493
RYU4tMwkqps,RYU4tMwkqps,5,The woman bends over to pick something up from the ground after placing the ring at her waist and lifting the skirt of the dress.,0.493
RYU4tMwkqps,RYU4tMwkqps,6,The woman then adjusts the dress and continues to walk forward.,0.493
RYU4tMwkqps,RYU4tMwkqps,7,The woman adjusts her clothing after placing the ring at her waist and lifting the skirt of the dress.,0.493
RYU4tMwkqps,RYU4tMwkqps,8,The woman likely adjusts or secures the ring at her waist after lifting the skirt of the dress.,0.493
RYU4tMwkqps,RYU4tMwkqps,9,"The woman proceeds to adjust the dress, ensuring it fits properly after lifting the skirt.",0.493
RYU4tMwkqps,RYU4tMwkqps,10,"The woman bends over to adjust the ring at her waist and then lifts the skirt of her dress, likely to continue with another task or to adjust her clothing.",0.493
