Q_ID,Prediction,Reference,ROUGE_L,METEOR,BERTScore_F1,STS_Cosine
BDKkVYmWqdM,The bicyclist jumps over a tennis net and lands on the court.,The bicyclist drives his bike across a tennis net.,0.4761904761904762,0.33938172043010756,0.7163720726966858,0.7288060188293457
BGdwSxRiXzw,"The two people in the video are speaking into microphones, and there is a blue emoji with hands on its cheeks displayed on the screen.",The man and the woman are flirting while engaging in.,0.17142857142857143,0.17391304347826086,0.1183551698923111,0.33773523569107056
BSVHVuVnlGw,The video is mainly about dental hygiene and the importance of using an electric toothbrush for effective brushing.,A woman demonstrates the best way to use a tooth brush.,0.20689655172413793,0.08547008547008547,0.4688278138637543,0.5460723638534546
BWAVzDutp1o,"When a motorcyclist is riding down the road, they encounter a truck in front of them. The motorcyclist then overtakes the truck and continues riding.",The motorcyclist passes another rider.,0.13333333333333333,0.14285714285714285,0.4286273717880249,0.5682055354118347
BYja7Z0B9Fc,"The video shows a couple sitting in a car and kissing, but then it cuts to a blurry image of them kissing again.",After kissing in a car they are kissing in the ocean.,0.2352941176470588,0.20491803278688525,0.3160178065299988,0.5869735479354858
Bdyiy2P1WrA,The food demonstration featured the preparation of blue-colored sausages and rice.,A woman was demonstrating how to cook sausages and eggs.,0.2727272727272727,0.25302530253025296,0.5578821897506714,0.6218146085739136
BfcR9WtJQBQ,A layer of marshmallows is placed over the chocolate in the pan.,After a layer of chocolate in placed in a pan a layer of marshmallow goes on top.,0.41379310344827586,0.3846629560915275,0.5340490341186523,0.9118698239326477
BkdaXjkp_h0,"The video ends with a close-up shot of the dress, highlighting its intricate details and craftsmanship.",A man holds up a dress and a woman is describing how  the dress looks.,0.25,0.09933774834437087,0.18366965651512146,0.4603402614593506
BrGdWP7lia0,"When a man is playing football with a young boy, they engage in a friendly game where the man appears to be teaching or playing with the boy. The boy seems to be enjoying the activity and is actively participating in the game.",The man is expecting a boy to kick a football when he runs in between his legs.,0.2,0.28061224489795916,0.23411741852760315,0.707328200340271
Bu4HZcHWt1w,"When the woman and the boy walk in between two cars, they are saved by a man who rushes to help them.",One of the cars drifts back and hits the other car.,0.24242424242424246,0.12396694214876032,0.2923358082771301,0.4457305371761322
BuIc1w-kn-k,"The two men shook hands and bumped into each other as a sign of mutual respect or agreement after their conversation. This gesture often signifies that they have reached an understanding or made a deal, which is common in social interactions where people use physical gestures to reinforce verbal agreements.",The two men shook hands and bumped each other in a form of agreement and brotherhood.,0.36363636363636365,0.6257889753839679,0.4673483967781067,0.803972065448761
BvfrF5nONZk,"After the woman walks up to the man standing in front of his bike, she takes a picture of him with her phone and then walks away.","The woman asks him a question, thanks him then walk away.",0.368421052631579,0.5009920634920636,0.4372505247592926,0.46868088841438293
BvpGKjFEIDg,"The field of corn in the video is covered with a large number of white birds, which appear to be geese. The birds are seen walking around and pecking at the ground.",A batch of geese are eating the weeds in a corn field.,0.22727272727272727,0.25000000000000006,0.3408486247062683,0.6243042349815369
Bvv6lMUTlEw,"The dog is being offered a cupcake or cake because it is likely celebrating a special occasion, such as its birthday. The text ""Ellie's Birthday Cake or Cupcake"" suggests that the dog named Ellie is having a birthday celebration and is being given a choice between a cupcake and a cake to eat.",Because it is his birthday and he get to choose.,0.18750000000000003,0.3353789068074783,0.06157873198390007,0.39033353328704834
Bw7GevJP1vA,"After showing the food on the coffee table, the man sits back down and continues to talk.",The man sits and has a discussion with the man sitting next to him.,0.3225806451612903,0.2981740481740481,0.38310903310775757,0.4075985550880432
ByuygPDH1Vk,"The duck was playing dead to avoid being eaten by the dog. This is a common survival tactic for animals in the wild, where pretending to be dead can help them escape from predators. The duck likely sensed danger and played dead as a way to trick the dog into thinking it was no longer a threat.",The duck was playing dead because a large dog was standing over it.,0.22857142857142856,0.3057650862068965,0.34057915210723877,0.7667270302772522
C4j3Pp79KSg,"When the woman riding in the wheelchair reaches the corner, she stops and waits for the man to help her navigate the turn.",The woman grabs the hand of he man she is walking next to.,0.27777777777777773,0.2142857142857143,0.32514598965644836,0.4503494203090668
C7ADL93Zg4Q,"In the video, the young woman is seen shooting at Pac-Man with a water gun.",When pac man is coming towards her she kicks it with her foot.,0.20689655172413793,0.07575757575757576,0.3089919984340668,0.5255295634269714
C7ToN6hcXvQ,"At the end of the video, a group of people wearing red turbans and white clothes are seen dancing in front of a blue and white building with a dome.",Men are walking towards a temple with carrying flags.,0.15384615384615383,0.13513513513513514,0.19587598741054535,0.23757202923297882
CBxi5FLNouw,"The boy in the video appears to be trying to figure out how to use or manipulate a glowing object, possibly a pen or a similar item, with his hand. The progression of frames suggests that he is practicing and improving his skills over time, as indicated by the text ""1 Day,"" ""1 Week,"" and ""1 Month"" which likely represent different stages of his practice.",The boy is trying to figure out how to make the toy work in his hand.,0.2469135802469136,0.5495314402196994,0.3188353180885315,0.5755831003189087
CFhqtT9V8yk,"The video depicts a cartoon character walking through various urban environments, encountering different obstacles and situations. The character's journey takes them past a barber shop, a building with a striped pole, a vending machine, a blue scooter, and a green door. The character's expressions and body language suggest they are navigating these obstacles with a mix of curiosity and caution. The video seems to be a humorous or lighthearted depiction of everyday life, possibly highlighting the challenges and absurdities of city living.",In the video game the character is walking until a car hits him and he dies.,0.12,0.21220877731623627,0.21170400083065033,0.38717103004455566
CH8Dp7EgW4I,"After being shoved by another boy, the smaller boy starts dancing.",The smaller boy starts doing dance moves to music.,0.5,0.43138586956521735,0.526316225528717,0.6805762648582458
CLgCH9T6IwY,"A figure with a black cape appears in the video during the scene where the text ""第一个赛罗"" (First Zero) is displayed. This suggests that the character might be Zero, who is often associated with a black cape in the Ultraman series.",in the second part part,0.0888888888888889,0.21802325581395354,-0.11724624037742615,0.11846920102834702
CbRNu0FBRv8,"The man scrolls the screen on his phone towards the end of the video, after he has already been using it for some time.",Before showing the screen to the woman,0.19354838709677416,0.17241379310344826,0.3126836121082306,0.4388892352581024
CcafMpThEeQ,"By the end of the video, the punching bag is seen being carried by the man in the blue shirt.",The man on the field is making football manuevers on the field and picks up the punching bag.,0.2631578947368421,0.19230769230769232,0.2464512586593628,0.4183012843132019
CgjC6CV-sUs,"The video is primarily about a character named Chi-Chi taking things upstairs and engaging in a conversation with another character, Gohan, about going upstairs. The dialogue reveals that Chi-Chi has protection up there, which piques Gohan's curiosity. The video also includes a call to action for viewers to subscribe for more Dragon Ball content.",The video is an adult cartoon with a man and woman character.,0.17391304347826086,0.2632030178326475,0.1600847840309143,0.43370378017425537
CjcyaXLB3Ow,"The boy jumped up off the sofa, stomped out of the room, and yelled because he was upset about something that happened during the video. The exact reason is not specified in the given information, but it could be inferred that there was an argument or disagreement between him and someone else, possibly related to the game they were playing.",The boy jumps up and stomps out the room because he had been given some news.,0.2894736842105263,0.5010893246187365,0.38672471046447754,0.5301889181137085
Cl_YhG6ZgNg,"By the end of the video, the person successfully separated the yolk from the egg white using the bottle and poured the egg white into one plate while keeping the yolk in the other plate.",The chef is using an gadget to separate three egg yolks from the white part.,0.24000000000000002,0.23529411764705885,0.2922302186489105,0.6724122762680054
CnhxnPIbwyk,"By the end of the video, the woman is seen sitting on the beach with her arms raised, holding a purple scarf above her head. She appears to be in a relaxed and joyful state, enjoying the moment.",A photographer is taking photos of her on a beach.,0.125,0.2734375,0.26108381152153015,0.5120834708213806
CsRoh9YM9pM,"The video shows that over time, the intimacy and comfort level of couples sleeping together change. Initially, they are shown as very close and affectionate, sharing a kiss and cuddling. As time progresses, their interactions become more casual and sometimes humorous, indicating a shift towards a more relaxed and comfortable relationship dynamic. The text overlays suggest that while the affection remains, the nature of their interactions evolves from intimate to more casual and playful.",The longer couples are together the less intimate they are.,0.11904761904761905,0.21341463414634151,0.19241641461849213,0.5923761129379272
CtinYSH3nVw,"Before the man gets into a car, he is seen standing next to a car with blue paint on his face and hands. He is holding a metal bowl in one hand and a phone in the other. The woman approaches him and they have a conversation.",He approaches a woman from behind taking a selfie and says something offensive to her causes her to jump.,0.12121212121212122,0.24405103211009177,0.1258789300918579,0.433576762676239
D4P4xYRYXIM,"After the man gave a fist bump to the three young boys, he received a lollipop from them.",He opened his hand and had a lollipop for each of them.,0.26666666666666666,0.2952380952380953,0.4276876151561737,0.695429801940918
D4Y3c5srV_k,One of the guys falls down while two guys are playing basketball.,The one guy is not able to get any of the balls in the basket.,0.22222222222222224,0.13605442176870747,0.3164310157299042,0.36088430881500244
D7iryXC-ThU,"By the end of the video, the text ""one of his most iconic characters"" appears on the screen, indicating that the discussion is about a character from the movie ""Top Gun.""",The two stars of Top Gun are up in each others faces arguing.,0.18181818181818182,0.06756756756756757,0.06873909384012222,0.4987407922744751
DA6QjibIUac,"After the kids ran down the street, they encountered an elephant and its rider. The elephant was covered in blue paint, and the rider was wearing a turban. The elephant appeared to be calm as it walked down the street with the children.",A man riding an elephant with a child walks down the street on the sidewalk.,0.27586206896551724,0.4991178382393909,0.38451746106147766,0.6161848902702332
DC4FE3hI67U,"The person in the video is holding a red and white large sign near a car, but there isn't enough information to determine what specific action they are performing with it.",The person is talking and walking towards a car with a large red and white sign.,0.3333333333333333,0.4251428571428571,0.48566126823425293,0.5948773622512817
DJ18uzDCB9s,"The video aims to teach viewers how to apply lipstick in a way that is both effective and efficient, focusing on the importance of precision and technique.",There are two ways to put on lipstick.,0.11428571428571428,0.15151515151515152,0.3514837324619293,0.7262412905693054
DMd-0BLyGhs,"After putting blueberry juice in a decanter, the man drinks from it.",The man give the decanter to the guy sitting at a desk.,0.16666666666666666,0.125,0.37132933735847473,0.48966726660728455
DOm8sdnXqz4,"After the man lays on his girlfriend's stomach, he gets up and starts dancing in the room.",A creature appears in the room making twisting movements.,0.2222222222222222,0.2607709750566893,0.33639559149742126,0.27030467987060547
DXrUFbDQ0Os,"The cats in the video are lounging and relaxing, with one cat even lying down on a couch while wearing sunglasses.",The first cat is lounging on a chair while the other four are behaving badly.,0.3333333333333333,0.3410456730769231,0.4480823576450348,0.6809468865394592
DarD_G6Hz4Q,"By the end of the video, the woman is seen walking away from the door while still wearing her purple dress and high heels.",A woman dressed like Barbie comes and stands in front of a door under a sign that says Barbie.,0.13953488372093023,0.1282051282051282,0.25773653388023376,0.39813077449798584
Dc4pETr9vGA,"After putting a sock on the woman, the man continues to put socks on her feet while she remains seated with her feet hanging in front of him.",The man put a sock on her foot and she gets up and hugs him.,0.37209302325581395,0.508282208588957,0.449106901884079,0.6500651836395264
E0diSOsIyKg,The last ingredient recommended by the speaker is blue jello.,A little bit of deep fried garlic.,0.0,0.0,0.2095596045255661,0.2821349501609802
E0f7GRttANw,"When Spider-Man pulls on the sword, it causes the blue substance to ooze out from the apple.",The boy's pants fall off.,0.08333333333333333,0.08064516129032258,0.1889978051185608,0.1717691719532013
E13zxG7hkdE,"After the woman pulls the trigger, she is seen crying and saying ""you don't wanna live with that."" The man then says ""That's not what I want,"" and the woman looks at him with a concerned expression.",The man is killed.,0.09302325581395347,0.20547945205479454,0.17124152183532715,0.24027405679225922
E21rrcZ86KM,"No, the man's face is not visible while the game is being played.","No, not until the game is over.",0.4761904761904762,0.5868421052631579,0.3316805362701416,0.4174542725086212
E3hGqRv4_K8,Coca-Cola,Coca-Cola.,1.0,0.0,0.8483356833457947,0.9789077043533325
EEfGBodc_OU,"The dog jumps in the middle of the video, after the character interacts with it and the character's outfit changes to a yellow shirt and red shorts.",after the robot raises his stick,0.11764705882352941,0.1234567901234568,0.12567409873008728,0.2910430431365967
EHJyRw9PDVk,"Yes, the stewardess successfully closes the new door safely.",Yes.  She signals thumbs up.,0.14285714285714285,0.0,0.16082818806171417,0.2131132185459137
EM5PHPF5TyY,"The woman is getting the waist of her skirt tightened because it is too loose, and she wants to ensure it fits properly.",To make her figure slimmer.,0.07142857142857142,0.22058823529411764,0.20064084231853485,0.3415190875530243
EMI_anpHII4,The hand in the video makes a blue bird ornament.,A Christmas ornament.,0.30769230769230765,0.2702702702702703,0.37970879673957825,0.36965614557266235
EOLgGCKwo4w,A cannon was discovered inside a large hole on the side of a mountain.,An old missle launcher covered in mud was found on the side of a mountain.,0.4827586206896552,0.4643199561703877,0.6465049982070923,0.5434475541114807
EQe8l1qXDjU,"The man's attire is distinguished by his brown suit, white gloves, and black shoes.",He is bare handed.,0.10526315789473685,0.1,0.1412103921175003,0.45811259746551514
EWLcSgJT6ZU,"When the big fish catches the little fish, the person in the video is shown celebrating their success by raising their arms in triumph and expressing excitement. The scene is filled with exaggerated visual effects to emphasize the achievement, such as bright flashes of light and animated graphics of the fish.",The father falls off his chair.,0.03508771929824561,0.09523809523809523,0.12333334237337112,-0.005497444421052933
EXyKi67lE74,"The video ends with a shot of the man in the suit and tie, looking directly at the camera with a serious expression.",A very pensive man is looking up.,0.2,0.17441860465116277,0.2548868656158447,0.31327366828918457
EYZnLuU5XCE,"The common thread among the pictures of young people in casual poses seems to be that they are all taken indoors, with a focus on individual or small group settings. The individuals appear relaxed and are dressed casually, suggesting a personal or informal context rather than a professional one. The backgrounds vary slightly but generally include indoor environments such as rooms or hallways.","Yes, Virtually all of them look bored.",0.028571428571428567,0.11904761904761905,0.08203776180744171,0.3412959575653076
EZMT3xxIGt8,"No, it seems like there might be a misunderstanding or a joke in the video. The text overlay suggests that the person is telling their girlfriend they spent $20,000 on an engagement ring, but the video itself does not provide any evidence to confirm this amount. It's possible that the video is meant to be humorous or exaggerated.","No, he's joking.",0.0625,0.05882352941176471,0.24259966611862183,0.2706573009490967
EZTAaKkHKyg,"The unusual condiment squeezed into the bag of chips is a blue substance, which appears to be a type of candy or gummy.",A man squeezes lemon juice in a bag of chips then puts the chips on a small plate.,0.24390243902439024,0.1891891891891892,0.24955801665782928,0.4937073290348053
EgChb22PyHg,"The lady is likely vacuuming her car seats to remove any dirt, debris, or crumbs that may have fallen onto the seats while she was sitting in them. This helps keep the interior of the car clean and hygienic.","After sitting on her seat, she realizes there is food  on both seats.",0.11538461538461538,0.1282051282051282,0.14543598890304565,0.4686606824398041
Em8AwLDkiJc,"The video is about a person wearing a hoodie with speakers and engaging in playful activities, such as dancing and interacting with pillows, while showcasing the hoodie's features.",It gives advice on how to hide your identity,0.0,0.0,0.09093496948480606,0.1722038835287094
EmOrZ-Q_nDk,"The man's hand appears in the video when he is touching the crocodile's head, which happens around 20 seconds into the video.",after we see the first alligator,0.06666666666666667,0.06578947368421054,0.1153031438589096,0.3898005187511444
ErY8-ZYQzAI,"When there is a power shortage in a major city and the traffic lights are out, people start dancing in the streets.",Concerned citizens in a busy downtown area begin to direct traffic to prevent car crashes.,0.16216216216216214,0.12738853503184713,0.2861696183681488,0.42590194940567017
EtNOkUJd5w8,"Before putting the little orange balls in the basket, the man was seen holding a bottle of beer and attempting to open it with a basketball hoop-shaped opener. He successfully opened the bottle and then proceeded to put the orange balls into the basket.",The man opened a bottle using the bottle opener he just installed.,0.2105263157894737,0.29605263157894735,0.27023670077323914,0.4992888271808624
Exf6rtBYbHc,The watermelon melts in the refrigerator.,When the refrigerator door open a little cartoon character eats chunks of the watermelon.,0.2,0.07575757575757576,0.3591258227825165,0.6498459577560425
F2OEdOzce5g,There is more kicking than boxing in the video.,There is much more kicking.,0.5714285714285714,0.4732510288065844,0.5749448537826538,0.7118905782699585
F3JpwuSKkMc,"No, I have not seen this stunt performed in real life. The video appears to be an animated sequence where a character is attempting a skateboard trick but fails and falls off the ramp. This type of animation is often used for comedic or educational purposes rather than depicting real-life stunts.","No, this is done by a robot.",0.13559322033898308,0.17543859649122806,0.19609636068344116,0.32066261768341064
F3qE951zzqA,"The third kitten, named Kenneth, is not shown moving down the stairs in the video. Instead, it remains at the top of the stairs, and the text ""But where's Kenneth?"" appears, indicating that he is missing or has not yet descended.",The third cat falls down the steps.,0.16326530612244897,0.19230769230769232,0.3452627956867218,0.5691496133804321
F4MPMa8-Hzg,The dots on top of the cake are purple.,Red.,0.0,0.0,0.2832909822463989,0.29426002502441406
F5NMK2TRzyY,"The diver is demonstrating how to hold one's breath underwater for an extended period of time, as indicated by the timer counting up from 00:00 to 00:10 seconds while he remains submerged.","The man is demonstrating is you hold your breath in a a swimming pool, your body will automatically float back up to the top by itself.",0.22950819672131148,0.20676691729323307,0.1442624181509018,0.6306465864181519
FAJK7_Yr1UM,"The motorcyclists touch hands as a gesture of camaraderie and mutual support, which is common among riders to show solidarity and encouragement during rides.",To say hello.,0.07407407407407407,0.09803921568627451,0.1629718840122223,0.17864160239696503
FBD7bvFnshE,"The video is primarily about a woman's journey and achievements, including her success in music, winning a Grammy in 2016, and making a significant decision to kiss Charlie Puth on national television in 2015.",A woman is standing and talking while being video taped.,0.13333333333333333,0.16129032258064516,0.1992490291595459,0.3715943694114685
FDE7PCGMASA,"No, the venus flytrap is not poisonous to humans; it is a harmless plant that uses its traps to catch insects for food.","No, neither to humans nor pets.",0.20689655172413793,0.12987012987012986,0.0878387987613678,0.3527013659477234
FDF2NCm5WCA,"The modified marker used to write ""Action"" has blue and black colors.",Black and red.,0.13333333333333333,0.25641025641025644,0.18997712433338165,0.4224076271057129
FIQJYK5nH_E,"The young man enters the classroom playing a saxophone, which is an unusual and unexpected way to enter a classroom setting.",A young man goes into a classroom on skates playing a saxophone.,0.36363636363636365,0.33053402239448754,0.6016375422477722,0.8104304075241089
FKsBrmJ2xSg,"After a man jumps off a diving board into a pool, he performs a flip in the air before landing in the water with a splash.",The man does it over and over again.,0.058823529411764705,0.10204081632653061,0.13304422795772552,0.4667591452598572
FLSitZEug_c,"The best way to tie a plastic bag is by using a knot or a twist-tie to secure it closed. This ensures that the contents inside remain fresh and contained, and it also helps in keeping the bag from being easily opened.",With a simple knot.,0.0851063829787234,0.06410256410256411,0.14495356380939484,0.37949663400650024
FVdQHVBAiB4,The guitar cost $80.,$80.,0.4,0.3846153846153847,0.3915305435657501,0.6142746806144714
FiXXyP5ZRxA,"Yes, the video shows a character drawing a picture of a dog, which might give you an idea to draw a doll as well.",Yes.,0.07999999999999999,0.0,0.29905965924263,0.2213633805513382
FjHyHGURyEQ,"The person in the yellow jersey appears to be engaged in some form of performance or activity, possibly related to sports or entertainment, given their attire and the setting. However, without more context from the video, it's not possible to determine exactly what they are trying to achieve. If you have any specific details or moments from the video that you think might help clarify, please provide them!",Get the crowd to cheer for SIIUU,0.05263157894736841,0.11450381679389314,-0.08281330019235611,0.20627936720848083
Fk_j6re_Uiw,"The two voices are arguing about the quality of the video being watched, specifically whether it is in 1080p or 4k resolution.",The expected contents of the bag.,0.21428571428571427,0.3362573099415204,0.21277867257595062,-0.0021213963627815247
FtXVic8pRCw,"The boy pretends to get stung by a large black spider, but it turns out to be a fake spider. He then reacts with surprise and amusement, and the video ends with him smiling and looking at the camera.",After pretending to get stung by a large black spider he turns into spider man.,0.4074074074074074,0.4761494252873564,0.49370700120925903,0.6778346300125122
Fu7tEHd2MLA,The race car driver is attempting to overtake another car on the track.,Learn a trick to go faster out of the curve.,0.17391304347826086,0.09708737864077671,0.2546989917755127,0.1986820101737976
Fvd3ry_9NRM,The actor will always pop up in the search results.,When he googles actor with eyebrows the photos of he and his thick eyebrows comes up.,0.15384615384615385,0.06493506493506494,0.24571950733661652,0.4584745764732361
G2w7PrdwYhM,The apparatus is designed to test the reaction time of the participants.,It's a game to teach hand-eye coordination.,0.09523809523809525,0.06666666666666667,0.3808880150318146,0.3155021071434021
G3GstfkuDIg,"The boy in the video is shown exploring various parts of the hotel, including the ceiling light, bed, and bathroom. He seems to be fascinated by the new environment and interacts with different objects, such as the pillow and the soap dispenser.","When the boy visits a hotel for the first time in his excitement,he checks out the room then grabs the free toiletries.",0.2153846153846154,0.14583333333333334,0.24358710646629333,0.594465970993042
G4jfirTeNCY,"The video does not provide specific information about the number of passes made before the goal was scored. However, it shows a sequence where a player in a white jersey makes a pass to another player who then scores a goal. The exact number of passes is not detailed in the provided content.",two,0.0,0.0,-0.1802358627319336,0.20107623934745789
G5AgzHKJINU,The man shoots the ball three times in total.,Three.,0.19999999999999998,0.0,0.31587088108062744,0.3570476174354553
G6k-PoDDL0I,"After posing in front of the camera, the man walks away from it.",The man continues do several other poses.,0.2,0.24671052631578952,0.32105955481529236,0.3963589072227478
G6zu9D0j8hk,The presence of a toy box and a bed with a blue blanket featuring cartoon characters suggests that the room is designed for a child.,There is a bed and lots of storage space.,0.11764705882352941,0.2358490566037736,0.2682335674762726,0.41426897048950195
GAioLcwAMjE,The netting behind the soldier is likely covered with branches as camouflage to blend in with the surrounding environment and make it harder for enemies to spot the soldier's position. This is a common tactic used in military operations to maintain stealth and security.,to camouflage his mortar position,0.07999999999999999,0.11235955056179778,0.16492381691932678,0.5235400199890137
GBm6-NX3ue4,The yellow handle is cranked 10 times the first time in the video.,five,0.0,0.0,-0.08060180395841599,0.18363094329833984
GC_ZIryUtoc,The person in the green and black glove rubs their hands together.,They dip their hand in water then they spray a white solution on it.,0.15384615384615383,0.18518518518518515,0.2399580180644989,0.34728413820266724
GD9prt9PD8Q,"In the cartoon, one character asks another to pay him back the five dollars he owes. The character who owes the money is initially reluctant but then says he will pay it back later.",The character in the pools says doesn't have it and then another character comes and sweeps up loose cash on the floor and puts it in a fire.,0.19047619047619047,0.17482517482517484,0.18909280002117157,0.4649043679237366
GDXiE0xXhSw,"This appears to be a compilation of various scenes, likely from a music video or a performance. The video includes different settings and characters, with some scenes showing individuals in casual environments and others in more dramatic or stylized settings. There are also moments that seem to be from a concert or stage performance, as indicated by the presence of microphones and stage lighting. The text overlays suggest that it might be a fan-made tribute or a highlight reel featuring a specific individual or group.",A string of clips from recording by the same singer to promote his merchandise.,0.1,0.18957345971563982,0.07357917726039886,0.4877869188785553
GF5kmTYwedw,"The drums used in the recording of this track are electronic or digital drums, which are commonly used in modern music production for their versatility and ease of use. These drums can be programmed to produce various sounds and rhythms, allowing for a wide range of musical styles and effects. The specific type of electronic drum set used would depend on the preferences of the producer and the desired sound for the track.",drum machine,0.02666666666666666,0.05494505494505495,-0.18406307697296143,0.5870147943496704
GH7kcBkraNg,"The video shows multiple scans, but the exact number is not specified in the description provided.",five,0.0,0.0,-0.10109931975603104,0.24354776740074158
GIdtda2RH_g,The highway in the video has three levels.,three,0.2222222222222222,0.2941176470588236,-0.0670163705945015,0.28184354305267334
GJq44zrdS5A,This is a horror-themed video.,The video with a green face is a video game.,0.37499999999999994,0.19736842105263158,0.4201112389564514,0.33540844917297363
GO99jgYXXPo,There is one egg in the serving.,one,0.25,0.31250000000000006,-0.0036319177597761154,0.1770661175251007
GRfibNOTJnw,"In the video, there is one red lollipop visible.",one,0.19999999999999998,0.27777777777777785,-0.10848641395568848,0.21315138041973114
GSo0ep3dlh4,"The woman buttons up the shirt and then unbuttons it, revealing her outfit underneath.",Wears it upside-down and backwards.,0.1,0.08474576271186442,0.06363236904144287,0.3669913411140442
GWCGF1WpMPc,The old woman covers her mouth with her hand and then laughs.,cover her mouth,0.4,0.3846153846153847,0.18796303868293762,0.476088285446167
GYqVa5CA8jM,"Yes, the little boy seems to like his medicine as he is seen drinking it without any resistance.",Yes.,0.10526315789473684,0.0,0.302979052066803,0.11116970330476761
GaT6xXXdZPI,"In the video, a woman is standing in front of a blue wall with shelves behind her. She is wearing a blue sweater and has long blonde hair. The video features various Chinese characters and images of gifts, including chocolate, roses, and jewelry, which appear on the screen as she speaks. The woman seems to be discussing or presenting these items, possibly as part of a gift guide or a cultural presentation related to Valentine's Day.",A woman is suggesting gifts that may be exchanged at a wedding.,0.1348314606741573,0.16304347826086957,0.1440187394618988,0.4278292655944824
Gb9otyfOuqA,The umpire signals a strike in the video.,home run,0.0,0.0,-0.05722565948963165,0.2564654052257538
GeToJ_bYWkQ,"In the video, there is one back flip performed by the character.",two,0.0,0.0,-0.03945772722363472,0.1269363909959793
GjGFHotsrc0,The interviewee recommends Lil Wayne for the fifth Mt. Rushmore image.,2pac.,0.0,0.0,0.13247564435005188,0.3628588318824768
GjidAAzBQ0s,There are two spools of twine in the drawer.,one,0.0,0.0,-0.005558416247367859,0.12654700875282288
Gn1hEZcLt5Q,"He breaks the pencils by using his bare hands, specifically by squeezing and bending them with great force. The video shows him holding multiple blue pencils in each hand and applying pressure until they snap.",by twisting them,0.10526315789473684,0.4121863799283154,0.04899521917104721,0.43694329261779785
GnOVP1b106U,"When a bird starts chirping, it typically indicates that it is either happy or alert. Birds often chirp to communicate with other birds in their flock, to express excitement or curiosity about their surroundings, or as a way to establish and maintain contact with other members of their group. Chirping can also be a sign of territorial behavior, where a bird is trying to assert its presence and claim ownership of a particular area. Additionally, some birds may chirp as a form of play or to practice",A parrot climbs out of a jar.,0.06382978723404255,0.1,-9.711954044178128e-05,0.22922548651695251
Gp4LVTn3YbY,"After putting the wafer in her mouth, the woman makes a face and says ""OMG"" while holding her mouth.",She chews it for a moment and says it's too sour.,0.1935483870967742,0.2165725047080979,0.26628589630126953,0.4367106556892395
Gq-fFH6p7cQ,The man takes two steps before stepping into the water.,two,0.18181818181818182,0.2631578947368421,0.021398084238171577,0.09206204116344452
GqcZ_L3yWes,The boy is petting the dog with a wig on that is sitting in front of him.,The boy is singing wrap to the dog.,0.4,0.3546348314606742,0.45341756939888,0.4660145044326782
Gs4ZVLz6-CE,The animals in the video are cats.,cats.,0.25,0.31250000000000006,0.31183990836143494,0.5220361948013306
GtTPXrtzEFc,The cat is pawing at the door because it wants to go inside and is trying to communicate its desire to enter.,to try to open them,0.14814814814814814,0.22388059701492535,0.1624191850423813,0.16101834177970886
GuSGaDJsgsE,The sound heard at the beginning of the video is a loud explosion.,A truck crashing into another truck after skidding and rolling over on a wet roadway.,0.07142857142857144,0.03378378378378378,0.1362219899892807,0.15369558334350586
GuxpJ5XyL5Q,The teacher is walking around the classroom and checking on the students.,The teacher is going desk to desk straightening the chairs in the classroom.,0.4,0.3457364341085272,0.5643683671951294,0.5229018926620483
Gw_73ZoYFr8,There is one book visible in the video.,one,0.2222222222222222,0.2941176470588236,0.03171641752123833,0.18861475586891174
GxcEldb2Prw,"The man's frustration is evident from his body language and facial expressions, such as his hand gestures and the way he points at the woman while she struggles with the car keys.","He looks up to the sky, with his hands and fingers up to his mouth in a gesture suggestive of a silent prayer or plea.",0.17241379310344826,0.17509727626459146,0.24527275562286377,0.21669413149356842
Gxwk3wdwV08,"The man realizes that he has been brushing his teeth for an unusually long time, which is why his toothbrush is still on the counter and there is blood running out of his mouth. This suggests that he might have been brushing too vigorously or for too long, leading to gum irritation and bleeding.",That he picked up his razor by mistake and is brushing his teeth with his razor.,0.17142857142857143,0.2949245541838135,0.22106844186782837,0.5027578473091125
H18wdPYmAOA,"The skin showed signs of improvement in acne scars, wrinkles, and large pores.","The machine improved acne scars, wrinkles and the appearance of large pores.",0.64,0.521694214876033,0.6477559208869934,0.7342067956924438
H6npY5v3HVs,Boxing,Kickboxing.,0.0,0.0,0.13456565141677856,0.5737550258636475
H8GzucU2bb0,"Yes, the child seems to be very happy and grateful for receiving the i-pad. The child's excitement and the way they eagerly reach out to take the device from the adult indicate their gratitude and joy at having it.",Definitely,0.0,0.0,-0.05568092688918114,0.15885087847709656
H9h3o-BKTbM,"The young man likely has a funny look on his face because he is surprised or amused by the unexpected sight of a monkey in a crowd of people at what seems to be a concert in Ohio. The presence of a monkey in such an environment is unusual and humorous, which might have caused him to react with surprise or laughter.",He has a funny look on his face because he sees the monkey reach up under someones legs from behind.,0.2682926829268293,0.4332012840652962,0.2427787184715271,0.7041962146759033
HALDk0pCfXU,The dog looks up at the camera with a surprised expression and then licks its lips.,shuffle his feet and lick his lips,0.26086956521739124,0.12658227848101264,0.2603040337562561,0.35032469034194946
HC74qkV2-YA,The men pick up the paper from the floor and put it in a bag.,They put it into plastic bags.,0.28571428571428575,0.2717391304347826,0.4989779591560364,0.4613967537879944
HCE45LGztlo,"When you commit a sin, you will feel bad inside and your heart will be black.",It depends on your religion.  Some religions don't even have sins.,0.07142857142857144,0.04347826086956522,0.09657284617424011,0.5787818431854248
HD2_qedLUTE,"The first two sentences spoken in the video are ""Your not a cop cop vests black"" and ""Nugget, your not a cop cop vests black.""",You're not a cop. Cop vests are black.,0.3529411764705882,0.4597938144329897,0.2205786108970642,0.672584056854248
HD9FEp5RDRs,"The water bowl can be found in the background of the video, behind the dog.",in the dog carrier,0.31578947368421056,0.19607843137254904,0.21891415119171143,0.3310772776603699
HI2ZUfgeX0w,"The people appear to be waiting in a large indoor space, which could be a community center or a similar facility, given the context of them being told to seek shelter at a shopping mall. The setting is likely designed to accommodate a large number of people, possibly for emergency situations like severe weather or other emergencies that require evacuation.",A basement area.,0.031746031746031744,0.0574712643678161,0.08120500296354294,0.32616472244262695
HIA3EZSjD3k,There is one phone visible in the video. It is being held by the man wearing an orange shirt and black shorts.,two,0.0,0.0,-0.14379554986953735,0.1620626151561737
HIE5JGhq9XU,"The girls appear to be around 5-7 years old, as they are described as ""little girls"" in the video.",Around ten.,0.09090909090909091,0.13513513513513514,0.1378239244222641,0.29579198360443115
HJpXxOUYDxE,"After the woman motorcyclist looks at the man, she starts riding her motorcycle.",He rides slowly away,0.11764705882352941,0.10204081632653061,0.0748085305094719,0.18217262625694275
HT9Eo6Si5Mo,"The tall figure, which is revealed to be a bear skeleton with a creepy grin, stands over an open book and begins to speak in a deep, eerie voice.",A person is sitting in a tent at night when a tall figure walks into the campsite and hovers over it.,0.16,0.2064220183486239,0.25205203890800476,0.37292641401290894
HUs-7p9QAMk,"The man is wearing a harness for safety reasons while working at heights. It provides support and ensures that he does not fall, which is crucial in construction or maintenance work where there is a risk of falling from a significant height. The harness helps to distribute the weight of the person evenly across the body, reducing the risk of injury in case of a fall. Additionally, it may be used in conjunction with other safety equipment such as a helmet and gloves to further protect the worker.",Because he is working on a scaffold,0.08421052631578947,0.13245033112582782,0.017561685293912888,0.4297794997692108
HVh_en2b0-U,"In the video, there is one French door visible behind the man.",one,0.15384615384615385,0.2380952380952381,-0.08951102197170258,0.17780421674251556
HZHBrAMppd8,"By the end of the video, the speaker expresses their happiness and satisfaction with the meal prep process, and encourages viewers to try it themselves.","Bags of different vegetables are shown as preparation  for meal prepping and a sign comes up that says, Happy Cooking!",0.17777777777777778,0.18146341463414634,0.1576356142759323,0.4924484193325043
HZVvjdZt5PM,"The woman was likely demonstrating how to use the hair straightening wand for styling purposes, possibly showing a technique or trick that involves using it in an unconventional way, such as around the nose area. This could be part of a humorous or creative demonstration, or she might have been explaining a specific method for styling hair near the face.",That it wouldn't work to make her nose slimmer or narrower.,0.1111111111111111,0.18867924528301888,0.03056722693145275,0.41702213883399963
HZva-aCzZts,"After using an electric screwdriver to place three long screws in an anchor bracket, the carpenter uses a hammer to tap the screws into place.",He places three more screws in the three holes across the top of the anchor.,0.3,0.1875,0.40253859758377075,0.6697894334793091
HcvOhX3n784,"By the end of the video, the woman is holding her dog and smiling at the camera.",The woman starts off dancing by herself and when the video ends she is dancing with her dog in her arms.,0.31578947368421056,0.283471173438811,0.5528319478034973,0.6251819729804993
HhJRo_1C5iY,"The dog is barking and hitting the woman with its paw because it wants treats. The text ""Gimme treats"" appears in the video, indicating that the dog is asking for food. The woman seems to be trying to communicate with the dog, possibly offering treats or trying to calm it down, but the dog's behavior suggests it is persistent in its request for food.",The dog wants her to give him treats.,0.13698630136986303,0.18382352941176472,0.2744276821613312,0.6788458824157715
HhlU4N9Lo3Q,The model with the blue outfit is performing four exercises in the video.,four,0.14285714285714288,0.22727272727272732,-0.06916464865207672,0.3176950216293335
HhyW9mStn7Y,"In the video, we see one score where a player catches the ball and scores a touchdown. The text overlay indicates that this is a ""Hail Mary"" play, which is typically a last-ditch effort to score in American football. The player's successful catch results in a touchdown, leading to a celebratory reaction from the crowd.",one,0.034482758620689655,0.07812500000000001,-0.1750616729259491,0.10814937204122543
HifNO8jnX-w,The woman is using her hand to crush the egg.,her breasts,0.16666666666666669,0.17857142857142858,0.08708056062459946,0.2521840035915375
HkUqgG3OPkA,"After the boxer avoids a kick to the head by bending backward, he is shown lying on the ground.","A thin, shirtless man who flexes his biceps to reveal huge arm muscles.",0.125,0.11029411764705882,0.12543676793575287,0.16956812143325806
HkaGKlpb05k,The painter started working after the drywall was completely finished.,As soon as all the drywall was put up.,0.3157894736842105,0.3235653235653235,0.4657817780971527,0.5087286233901978
Hn39NgRMxtY,"They are performing gymnastics exercises, specifically on the parallel bars.",The men are doing gymnastics in a gym.,0.22222222222222224,0.45731707317073167,0.5409279465675354,0.57573002576828
Ho6rVzAF_9s,"The off and on engine switch is typically located on the left side of the handlebars for most motorcycles. This placement allows the rider to easily access it with their left hand while riding. However, the exact location can vary depending on the specific model and design of the motorcycle.",right,0.0,0.0,-0.20524607598781586,0.07281895726919174
HpAFuQ51Fmg,The girl is hiding inside a trash can.,A garbage can.,0.36363636363636365,0.28571428571428575,0.4496747851371765,0.5101355314254761
Ht0eoZvmPo4,"The video ends with the hunter releasing the arrow, which hits its target.",A hunter is getting ready to shoot a deer.,0.09090909090909093,0.10638297872340426,0.33656299114227295,0.4751514792442322
HtZ2KVuDfIo,"After taking a bite of the cookie, the woman chews it and then swallows it.",She makes an ecstatic face.,0.0,0.08333333333333336,0.18856306374073029,0.24299460649490356
HvYkXvDkuPc,"At the end of the video, the lights turn off and the students continue to study by using their phones as flashlights.",Someone turned out the lights in a classroom full of Students.,0.1818181818181818,0.2066115702479339,0.279644250869751,0.6526636481285095
Hw0bRvn1ZIo,"The text 'SLO DOWN TO GO FASTER' is displayed after ""Jiu Jitsu"".",Closed guard armbar.,0.0,0.0,-0.07319317013025284,0.1308060884475708
HwD5afpQNZM,The video shows a wedding ceremony where a woman is getting her hair done by another woman while wearing a blue dress and a veil.,A group of Indial women.,0.06666666666666667,0.07142857142857142,0.15797781944274902,0.2334086298942566
HxYov3ZvQN8,"The player wearing jersey number 17, who is from the orange team, shows good sportsmanship by apologizing to his opponent and the referee after the incident.",The player in blue.,0.13333333333333336,0.16129032258064518,0.1287081092596054,0.4345669150352478
HyOKrz1C4zU,The fruits being harvested in the video are purple and green.,Red and yellow.,0.14285714285714288,0.13157894736842107,0.2801591455936432,0.2977011799812317
I0f5KN--RYw,"The thin player covering the heavy player abruptly stops walking and turns around, leading to the heavy player falling down.",The thin player slips and falls.,0.3846153846153846,0.2702702702702703,0.3539597690105438,0.7785680294036865
I0hKaP5Y8LU,The woman takes off from a trampoline to start her acrobatic performance.,"From the shoulders of a man on a high platform, who then swings her up in the air.",0.2,0.1149425287356322,0.26211434602737427,0.298602819442749
I1lgJSu89aU,"The view from the glass window shows a cityscape at night, with lights from buildings visible through the large windows.",City scape at night,0.16666666666666669,0.08928571428571429,0.1263422816991806,0.5776079893112183
I4JX5m-gJxM,"The first two displayed texts in the video are ""How I teach people"" and ""to wakesurf"".",How I teach people to wakesurf.,0.5454545454545454,0.2678571428571429,0.4318065345287323,0.6207402944564819
I5ZKEsOXkGU,"No, it is not an example of love at first sight. The video does not depict any scene where two people fall in love instantly upon meeting.","Yes, she walks toward him immediately",0.0,0.0,0.1475856751203537,0.3327885866165161
I9QFj6lz15w,"The Avocado seed is being punctured with toothpicks to allow it to float in water, which helps in germination and growth.",To stimulate roots grows,0.08,0.08771929824561403,-0.03024161234498024,0.3778688311576843
ICkVMgn44jc,"The woman in the video experiences several benefits from swimming in icy water, including improved cardiovascular health, increased endurance, and enhanced mental resilience. The cold water stimulates the body's natural response to stress, which can lead to better overall physical and mental well-being. Additionally, the act of swimming in such conditions can be a form of meditation and a way to connect with nature, providing a sense of peace and tranquility.","It relaxes her muscles, keeps her body in tune, and helps meet her fitness goals.",0.06818181818181818,0.048543689320388356,0.1669573187828064,0.47611281275749207
IEE2dPefD58,The baby smirks after staring at the woman.,"After staring at a woman for a few minutes, a baby turns away and has a smirk on his face.",0.28571428571428575,0.2372340425531915,0.5082840919494629,0.8448746800422668
IF1G49x7rUk,"After pouring hot oil over the fish, the cat sits down and waits for the fish to cook.",She scales it.,0.0,0.0,0.17148661613464355,0.1545153707265854
IGL7j9-JRG4,"The heart in the video appears to be made of a soft, plush material, likely designed to resemble a stuffed toy or a cartoonish representation rather than a real anatomical heart. The texture and appearance suggest it's meant to be playful and whimsical, possibly for decorative or entertainment purposes.",a hot dog,0.03773584905660377,0.06578947368421052,-0.17233490943908691,0.1878039836883545
IPNczM8NRps,"The wife is dancing in front of her husband while he is engrossed in watching a game on his cell phone, which is causing him to get distracted and annoyed.",She is complaining about his watching the game.,0.15789473684210528,0.19607843137254904,0.30045396089553833,0.4805595278739929
IRTTtnSRTyY,"The sound being made in the video is a repetitive and rhythmic popping noise, which is characteristic of the tactile sensory experience provided by the fidget toy.",It sounds like rubber bubbles being popped.,0.17647058823529413,0.1111111111111111,0.17908808588981628,0.5129717588424683
ISPojHxT_bc,"The number of arrows changes based on the player's performance and actions within the game, such as hitting targets or completing objectives.",What arithmetic function the arrows fly through.,0.13333333333333333,0.11764705882352941,0.13181382417678833,0.5161842107772827
IScHYoAPr5s,"During the throw-in, the player who scored the basket throws the ball back into play from the center of the court. The opposing team then takes possession and tries to start their offensive play.",The throw-in is intercepted by an opponent who makes another basket.,0.21276595744680848,0.11278195488721804,0.2859135568141937,0.8232030868530273
ITL429RMscI,The rank of general with three stars is a Lieutenant General.,Major general.,0.15384615384615385,0.1724137931034483,0.2963922321796417,0.5823616981506348
IVAcuxSsdSw,Football,American football.,0.6666666666666666,0.0,0.21287685632705688,0.8478800058364868
IVqpg_1aWXU,The toy airplane has 'SIGMA AIRLINES' written on it.,Sigma Airlines.,0.3636363636363636,0.0,0.2261907011270523,0.740408718585968
IWSPAfCKtV8,"The sound at the end of the video is a ""BEEP"".",A church bell.,0.14285714285714288,0.13157894736842107,0.11936061829328537,0.3008364140987396
I_TaWo2AMDA,The man in the video completes 15 push-ups.,three,0.0,0.0,-0.032211195677518845,0.2627393305301666
I_eWjERhgPU,"After the cartoon character sees himself in the mirror, he is surprised and then sits down at a table with a large blue burger in front of him. He thinks about the burger and then starts to eat it.",He eats the hamburgers and leaves the bread behind.,0.125,0.20833333333333337,0.2671154737472534,0.5161401033401489
IazJA4RD4AE,The sound of a car engine can be heard in the background while the speaker is talking about the car's features and specifications.,Audience laughter.,0.0,0.0,0.1635390669107437,0.14066380262374878
Ie-KCtcZ7uc,"The first question asked of these young men driving away in a Bentley Bentayga is ""what do you do for a living?""",What do you do for a living?,0.4827586206896552,0.5858823529411766,0.32721585035324097,0.28985530138015747
IgHdataMrsI,"The doctor is likely using the stuffed animal as a prop or tool to demonstrate something related to the topic she is discussing, possibly to make the interaction more engaging or to illustrate a concept in a playful manner.",The doctor is sitting next to a large stuffed animal and is discussing an exam she performs on children.,0.2413793103448276,0.32774838330393885,0.28575393557548523,0.6469742655754089
IgvTAaTs1h0,The model appears in 5 different shots in the video.,four shots,0.16666666666666669,0.17857142857142858,0.03669847175478935,0.378773957490921
Ih-J19BMr2k,The man in the video is practicing his batting skills by swinging a baseball bat at a ball that is being thrown to him.,He's practicing T-ball.,0.13793103448275862,0.09803921568627451,0.3391944169998169,0.49245280027389526
IhSgnUly68U,"After putting RockTape on the bottom of his foot, the man applies RockTape to the outside of his ankle.","He applies it from side to side, going around his foot and over the top of the instep.",0.21621621621621623,0.16574585635359115,0.3424473702907562,0.5976008176803589
IipsUXtbfi0,The key event in the video was the soccer player scoring a goal by kicking the ball into the net.,One of the players wearing black kicked the ball into the net.,0.5,0.6085205078125,0.42711231112480164,0.5636478662490845
IluSoQAf7iQ,"The man is explaining this to help create an irresistible offer by addressing potential objections that a target market might have, ensuring that the offer is compelling and persuasive.",So that when making an offer it will be irresistible.,0.10256410256410257,0.1680672268907563,0.28923752903938293,0.6380196809768677
IsuDOLuMBR0,"The women in the video are making a sound that resembles laughter or cheering, which could be interpreted as ""ha ha ha"" or ""yay!"" depending on the context and the specific event they are participating in.",Zaghrouta.,0.0,0.0,-0.2538524568080902,0.10886363685131073
Iuf0gTj4S0M,"After answering the question, each child took turns jumping into the pool one by one.",Jump or get into the pool.,0.3809523809523809,0.4574275362318841,0.2840559482574463,0.4703797698020935
IvWk2kXJoH0,"The video showcases two soccer moves performed by players during a women's soccer game. The first move is a powerful header, where a player jumps and uses their head to control or direct the ball. This move is often used to score goals from set pieces like corners or free kicks. The second move is a precise pass, where a player skillfully distributes the ball to a teammate, demonstrating good teamwork and strategic play. These moves highlight the athleticism and tactical skills required in women's soccer.",Two goals being made.,0.04347826086956522,0.12295081967213116,0.004578038584440947,0.4443458318710327
IyLkl1USwhU,"There is one smartphone visible in the video. It appears to be held by one of the individuals, possibly being used for communication or entertainment purposes.",one,0.07407407407407407,0.1428571428571429,-0.1429557204246521,0.2479144185781479
J-sG9vePDmI,"The displayed text says ""Shadow boxing the opposing team"" with two emojis, one of which is a laughing face.",Shadow boxing the opposing team.,0.4166666666666667,0.4600694444444444,0.3388504385948181,0.5950985550880432
J1CS47pBX_M,"The first thing that is said in the video is ""Break out of your shell.""",Take your iPad out of the Magic Keyboard.,0.1739130434782609,0.3627873563218391,0.12131078541278839,0.020022353157401085
J3nyDqVYj40,"The bull charges at the man, who tries to escape by running away.",The bull slips and falls on its side in the street.,0.24999999999999994,0.22817460317460317,0.3737802803516388,0.5673409700393677
J5cGZ_EA8R8,The guy performs two flips while jumping off the tree branch in the video.,one,0.0,0.0,-0.07040813565254211,0.08562110364437103
J7C_J_BOq7I,The basketball player misses the shot and the ball bounces off the rim.,The basketball player misses the basket.,0.5263157894736842,0.6656716417910449,0.6601197719573975,0.83165442943573
J8L_ZRBH6VM,The three women are dancing in front of a door.,Dancing eroticly.,0.16666666666666669,0.17857142857142858,0.2238834947347641,0.21023637056350708
J8pjQz5hVDw,"The buildings next to the demolished one likely did not get damaged due to several possible reasons:

1. **Structural Integrity**: The demolished building might have been in poor condition or had structural issues that made it more susceptible to collapse, while the adjacent buildings were built with better materials and design standards.

2. **Foundation Stability**: The foundation of the demolished building could have been compromised, leading to its collapse without affecting the stability of the nearby structures.

3. **Explosion Dynamics**: If the demolition was",it was a controlled demolition that caused the towers to collapse onto themselves..,0.08247422680412371,0.17412935323383083,-0.00259644677862525,0.6471728682518005
J9PiXMoNwlw,The new abortion law will take effect starting September 15th.,September 15.,0.16666666666666669,0.17857142857142858,0.21252226829528809,0.46008241176605225
J9nJaxVRB-4,"The video showcases the durability and strength of Turboflex eyeglasses by demonstrating that they can withstand being hit with a hammer without breaking, unlike regular eyeglasses which shatter into pieces.",The video is an advertisement for Turbo Flex featuring eye glasses and phone cases.,0.13636363636363638,0.09615384615384615,0.33870458602905273,0.45373567938804626
JA8_NOh7Hak,"The issue with the jeans is that they are extremely oversized and do not fit properly, as indicated by the text ""How tall are these people..?"" in the video.",They are both very long as if for 7-foot tall people.,0.2439024390243903,0.15625,0.1871906816959381,0.339647501707077
JA_afYAObgs,"The pink creature's eyes turn blue, and she is embraced by another character, who is also a pony with purple hair. This suggests that the pink creature has been accepted into the group or community of ponies, possibly as a new member or friend. The embrace could symbolize acceptance, friendship, or even a transformation into a new form or role within the group.",The green creature bites her on the neck and sucks her blood out.,0.07792207792207792,0.11111111111111112,0.15863223373889923,0.3473832905292511
JAs8qTc5EEc,"The man in the video appears to be trying to entertain or engage with the audience through various actions, such as dancing and making playful gestures. He seems to be mimicking a child's behavior, as indicated by the text ""Отправили в детдом?"" which translates to ""Sent to an orphanage?"" in English. This suggests that he might be portraying a child-like character for comedic effect.",Avoid eating pasta.,0.0,0.0,-0.025879355147480965,-0.05493257939815521
JBmn5RRO_aM,The man in the white shirt jumps three times in the video.,Eight,0.0,0.0,-0.0764535591006279,0.005391601473093033
JCKbxPvO32I,The background music features a flute playing a melody.,There is no solo instrument.,0.0,0.0,0.2699248790740967,0.389695405960083
JGQjEeUzFdI,There are five toy figurines in the video.,Five,0.2222222222222222,0.2941176470588236,-0.03069860301911831,0.41640186309814453
JJ8sKvg55sM,There are three birds in the video.,three,0.25,0.31250000000000006,-0.05526525527238846,0.29840952157974243
JJm36w6X5pI,"The poster warns against smoking during pregnancy. It illustrates the dangers of smoking by showing how it can harm both the mother and the developing fetus, emphasizing the importance of avoiding smoking to ensure a healthy pregnancy.",Drinking alcohol whhile pregnant.,0.0,0.0,0.1872369349002838,0.409141480922699
JOClNGH6yL8,The woman is wearing a purple top.,Pink.,0.0,0.0,0.3193502426147461,0.24677148461341858
JOYI4B6yVX8,"After the woman gets kicked by a horse, she falls to the ground and then gets up and walks away.",She falls down.,0.1739130434782609,0.3989361702127659,0.30492109060287476,0.45862460136413574
JOftqIUYn24,"The video is primarily focused on a humorous and exaggerated scenario involving a blue character who is being served a live lobster by a waiter, leading to various comedic situations and interactions.",The video is a cartoon about two characters experience eating lobster.,0.27906976744186046,0.28396946564885495,0.3796060383319855,0.7135790586471558
JR5t_k9ULcA,"The video is showcasing various unique stationery items that can be used by students, such as pens, notebooks, and other writing tools.",The video is showing five unique items for Students to use.,0.3636363636363636,0.3685950413223141,0.5624362230300903,0.771010160446167
JRjNUjYOuc0,"The hats in the video resemble traditional or cultural headpieces, possibly with intricate designs and patterns that suggest a specific cultural or historical context. The detailed craftsmanship and ornate decorations indicate that these hats might be used for ceremonial, festive, or theatrical purposes, reflecting a rich cultural heritage.",Peacock tails,0.0,0.0,-0.3429170846939087,0.27572211623191833
JSOh_pKFq84,The woman in the video is using chopsticks to pick up the bean.,Chopsticks.,0.14285714285714288,0.0,0.2139027863740921,0.4369506239891052
JTVmofbUKz8,"The girl is singing ""Happy Birthday"" to herself, as she is celebrating her own birthday.",Myra.,0.0,0.0,0.12118294090032578,0.07294216752052307
JTXpUxVg144,The threatened consequence is that she will be in big trouble.,Not stopping at McDonald's.,0.0,0.0,0.1741187423467636,0.12421156466007233
JTolYjiErBw,"The boy is picking the mushrooms to collect them in the green bowl, as shown in the video.",To cook and eat them.,0.1739130434782609,0.07936507936507937,0.21040083467960358,0.2622350752353668
JUH1x0s8tyA,The video shows a green apple with a mosquito on it.,apple,0.16666666666666669,0.25000000000000006,-0.04283006861805916,0.3693384528160095
JWdIB4tUG_A,"After arguing with his wife and throwing the cups on the ground, the man bends down to pick up the cups.",He picks up the cups and saucers.,0.2857142857142857,0.530952380952381,0.3492319881916046,0.5613476634025574
JYgbRMKoZwU,The piano player is touching the microphone twice in the video.,Twice,0.16666666666666669,0.25000000000000006,-0.03911763057112694,0.2695947289466858
JZ6D2F4EMvM,"When the green mask is removed from the person's face, it reveals their true identity.",Under the mask was a face of woman character.,0.24000000000000005,0.10416666666666666,0.2871849536895752,0.514520525932312
JZzkwsnRHio,"In the video, there is one glass of water shown.",one,0.18181818181818182,0.2631578947368421,-0.08378379046916962,0.20129582285881042
J_pTNqI86qE,"The video depicts a scene where a woman riding a bicycle is hit by a car, causing her to fall and injure herself. The car continues driving away while the woman is left on the ground.",Two cyclists run into each other.,0.0,0.0,0.22274984419345856,0.28144922852516174
Jc2BdtyAF48,The displayed text says 'Using laser beams to tighten the skin'.,Using laser beams to tighten the skin.,0.7777777777777778,0.6729729729729731,0.5704014301300049,0.8502531051635742
Jc_vZjKwtvg,"The song being played in the video is ""Dance Monkey"" by Tones and I.",A version of Macarena.,0.0,0.0,0.10998381674289703,0.14989015460014343
JdjYxZcSBSY,"After chewing gum for a while, the chimpanzee spits out the gum.","After chewing gum for a while, a Chimpanzee attempts to spit it out.",0.7199999999999999,0.544452519379845,0.7518927454948425,0.9609247446060181
Je-mkG85Ntc,The boy makes a laughing sound at the end of the video.,He pretends to cry after getting the pretend shot.,0.09523809523809525,0.10752688172043011,0.41357138752937317,0.29389142990112305
JecGTrg8Qig,"In the background of the video, there appears to be a snowy landscape with mountains and possibly some structures or terrain features typical of a Minecraft environment. The sky has an orange hue, suggesting either sunrise or sunset.",a pyramid,0.05,0.08928571428571429,-0.13885445892810822,0.28439950942993164
JeqfVPHF0OY,The video demonstrates how to grow sugar cane in Minecraft.,The video is demonstrating sugar cane growth in dirt vs. sand.,0.5714285714285713,0.46890927624872564,0.5477997660636902,0.7219500541687012
JfGLBDlipnY,"At any given time, two people carry a mattress in the video.",two,0.15384615384615385,0.2380952380952381,-0.0740128606557846,0.22634436190128326
JfXV0T2VpEg,"When the father chooses the snack bag in the left or right challenge game, he either wins or loses the game depending on whether the chosen bag matches the color of the chosen side (left or right). If it matches, he wins; if not, he loses.",His son hits him with the giant toy inflatable hammer anyway.,0.03508771929824561,0.034482758620689655,0.01275726966559887,0.2467591017484665
JfzYDrbdvsQ,The man cleaned his cell phone with a cloth before using it near the ocean.,He positioned it on the dashboard of his vehicle in the blazing sun.,0.21428571428571427,0.15151515151515152,0.33932897448539734,0.1881432980298996
Jhiyf69UltM,"After the little girl tasted a cookie, she said ""Mmm"" and smiled.","The little girl said ""mmm"".",0.5882352941176471,0.6578947368421052,0.5593820810317993,0.7643578052520752
JjbPGSbFVc8,"The person holds up the completed origami envelope and smiles, indicating satisfaction with their work.","Someone takes a piece of paper, puts folds in it then makes it an envelope.",0.06666666666666667,0.03333333333333333,0.24799738824367523,0.6044752597808838
Jjtp1B8OYqQ,"The dancer is wearing a white shirt, black pants, and a black hat.",Black and white.,0.25,0.25,0.12575849890708923,0.22681397199630737
Jk5h2a0j_ek,They are eating candy.,candy,0.4,0.0,0.09778100997209549,0.7200438976287842
JkfvwpRl488,"The display text reply to the first question in the video is ""me: I guess I'll give it a try"".",I guess I'll give it a try,0.5517241379310345,0.7212182061579652,0.4507289528846741,0.417386531829834
JluxtrFDkZU,The image on the plate is of a sword.,It is an Egyptian weapon used to rip off an enemy's shield.,0.09090909090909093,0.042735042735042736,0.2462969273328781,0.4485340118408203
JpCP3i6JoNc,"The young man is standing in front of a wall with three balloons and he is holding a knife in his hand. He appears to be preparing to pop one of the balloons, possibly as part of a game or challenge.",The young man is popping four balloons attached to a wall.,0.2692307692307692,0.3800223214285714,0.4366300404071808,0.7176793217658997
JpTsHQHzptE,"When Ladybug passes by the two Spider Men, she seems to be looking at them with a surprised or curious expression. The Spider Men appear to be in a playful or mischievous mood, as they are making exaggerated gestures and movements towards her. This interaction suggests that there might be some humor or a light-hearted moment happening between them.",The two spider men hold onto each other and do a dance move.,0.16438356164383564,0.2724953617810761,0.20972876250743866,0.5933812260627747
JqugPKIgGNQ,The cat is white with black patches.,black and white.,0.2,0.14705882352941177,0.11943548917770386,0.2670307159423828
JrBhUfuagxw,"The last expression by the man in the video appears to be a smile, as he seems to be laughing or smiling at the end of the interaction with the woman.",he shows his tongue,0.05714285714285715,0.14925373134328357,0.0953410193324089,0.2751697599887848
JrYZSj0E9ZQ,The man is talking to the camera while holding a wasp in between his fingers.,The man holds a wasp in-between his fingers and turns it around to show the stinger.,0.5625,0.4417256289308176,0.5915565490722656,0.7434200048446655
JuNLqy1m-_Q,"The guy in the plaid shirt appears to be engaging with the young boy, possibly trying to make him laugh or entertain him. He seems to be in a playful mood and is interacting with the boy in a way that suggests he's trying to create a fun atmosphere.",Defend the boy in the yellow shirt.,0.14035087719298248,0.2818080357142857,0.20000727474689484,0.4454372823238373
Jw7-D4hpJb4,"The green sauce in the video appears to be a mixture of mint and tamarind chutney, which are traditional ingredients used in making Pani Puri.",Spicy green chutney.,0.14285714285714285,0.09615384615384615,0.2628997564315796,0.5513701438903809
JxUXcjhjzYU,"The bat flies over the fence and into the stands, landing near some fans.",Nowhere; he doesn't let go of it.,0.0,0.0,0.0774996280670166,0.10817074775695801
JyZx66jT2z0,"After the boys walk away, fireworks start to light up the sky.",Fireworks are launched,0.13333333333333333,0.12820512820512822,0.21164961159229279,0.6049051880836487
K2b_CBz27_w,"The sauce is being made for dipping blue churros, as shown in the video where the sauce is poured into a bowl and then used to dip the churros.",For dippling French fries.,0.0606060606060606,0.07692307692307693,0.09733885526657104,0.30215540528297424
K2qG-jQDYLU,"The little sister and the big sister are seen eating curry together, and they seem to be enjoying it very much.",The little sister copies her older sibling.,0.21428571428571427,0.17857142857142858,0.39015427231788635,0.4218474328517914
K6Ut3nMQPAA,The character in the white tank top and blue gloves kicks first.,the first girl,0.26666666666666666,0.12820512820512822,-0.05678597092628479,0.3868573307991028
K6hWwBCEtU0,"The video mainly shows a man wearing gloves and talking to the camera in a kitchen setting. He appears to be explaining something, possibly related to food preparation or cooking.",The man is sitting at the counter of restaurant clapping his hands trying to get someones attention.,0.1702127659574468,0.1092896174863388,0.2608627378940582,0.3303850591182709
KBb0DfsH0eg,"After the tall woman brags about being tall, she is shown standing next to a shorter woman and pointing at her.",She pats the smaller woman on the head.,0.13793103448275862,0.16129032258064518,0.2656222879886627,0.5266431570053101
KCHdQyYzLJ4,Kim Il-Sung,Kim Il-Sung,1.0,0.9375,1.0,1.0
KD1De91bOyU,"The woman is preparing food, specifically what appears to be a dessert or snack item that she is coating in a white substance and then sprinkling with blue powder before placing them on a plate.",It looks like she is browning cheese.,0.09523809523809522,0.26077097505668934,0.15711116790771484,0.47781968116760254
KEH-1ylCUIs,"The girl starts laughing towards the end of the video, specifically in the last few seconds.",The girl starts laughing when she realizes she has the lowest grade on a paper.,0.3225806451612903,0.37251655629139074,0.36039188504219055,0.5640876293182373
KFxgXMTk39g,The race car stops at the finish line of the track.,at the pit stop,0.26666666666666666,0.3191489361702128,0.18398290872573853,0.4097599983215332
KGABH4Wryf4,"No, the video is not demonstrating a well-functioning fingerprint padlock. The person in the video is shown attempting to pick the lock using a tool, which suggests that the lock may not be secure or is designed to be picked. The text ""Best lock ever"" is likely meant to be sarcastic or ironic, given the context of the demonstration.","No, because the lock appears to open when the shackle is forcefully pulled.",0.16438356164383564,0.19886363636363638,0.19170337915420532,0.43392616510391235
KIlVZciwhlg,"The video shows two individuals seated in an office-like environment, engaged in a conversation. The setting includes desks with papers and office supplies, suggesting a professional or work-related context. One person is dressed in a formal suit, while the other wears a casual sweater. The atmosphere appears to be serious yet relaxed, as they seem to be discussing something important but not overly formal. The presence of the ""TVING"" logo indicates that this might be from a TV show or series.",No.,0.0,0.0,0.1447649747133255,0.07787565141916275
KP9pXg3tBDo,The white dog sits down inside the kennel after dancing on two legs.,The dog sits down and starts whining.,0.4,0.49342105263157904,0.3476240336894989,0.3825722932815552
KTvyUThiwpU,The final step in the repair after removing the nail and plugging the hole with a rubber nail would typically be to inflate the tire to the correct pressure and ensure it is properly seated on the rim. This ensures that the tire is ready for use and can provide safe and reliable performance.,Spraying a sealant on the rubber nail.,0.09836065573770493,0.17094017094017097,0.10053496807813644,0.621575653553009
KV5nvA79vVA,"There is one hat in the video, worn by the man on the left.",one,0.13333333333333333,0.2173913043478261,-0.04943773150444031,0.1833783984184265
KVmu0-GXlfA,"The text on the battery reads ""DURACELL"".",Duracell.,0.25,0.0,0.2381579428911209,0.5187618136405945
KWPkJSVDCNA,"The goalie catches the ball in the middle of the video, after the players have been running around the field and trying to score goals.",at the end of the offensive play,0.1875,0.22727272727272727,0.16278541088104248,0.37402603030204773
KYMtq6Lvn5E,"The series of still photos depicts a sequence of events or scenes, likely from an animated series or a comic book. These images could represent different moments in a story, such as interactions between characters, specific actions, or significant plot developments. Without additional context, it's not possible to provide a detailed summary of the narrative, but generally, such visual sequences are designed to convey a storyline through visual storytelling.",A series of cartoon characters.,0.08,0.13157894736842105,0.16503435373306274,0.34708255529403687
K_Dm0u_ksbs,The young boy salutes first.,The boy,0.5714285714285715,0.43478260869565216,0.2725848853588104,0.48683974146842957
KanVJWDHduE,There is one fish in the video.,Two,0.0,0.0,-0.004797705449163914,0.1743743121623993
KbBwDYKkByQ,"No, the white car does not hit the black car in the video. The white car is seen driving past the black car without making contact.","No, but almost.",0.06896551724137931,0.09433962264150944,0.07463336735963821,0.09648686647415161
Ke6s0tyBQ50,Lime,Fresh limes.,0.6666666666666666,0.0,0.18958334624767303,0.7636004686355591
KgOvCPOX-Ms,"By the end of the video, the two people are seen dancing together in the same location where they started.",The two people are doing Kung Fu and one of the jumps up over the other ones sword.,0.2631578947368421,0.31453240636914104,0.21866057813167572,0.31319931149482727
Kgst-S_razU,"They are discussing the TikTok app and its features, including how to download it, create an account, and upload videos.",An anima video.,0.1739130434782609,0.10638297872340424,0.18749721348285675,0.19090881943702698
Kgu0AtfmKX8,There is one woman in the video.,two,0.0,0.0,0.018916061148047447,0.09364769607782364
Kitzcy6Fp3A,"After the man talks into the camera, he is shown in front of a blue door.",Several pictures of a place are shown while he is talking.,0.14814814814814814,0.3878260869565217,0.3192382752895355,0.5039210319519043
KkLSq7v8EuE,The girl is eating bubble gum and blowing bubbles before she notices the attempted thief.,She shows the package to the camera.,0.18181818181818182,0.1923076923076923,0.24593068659305573,0.143829807639122
Km0d_A-o1x4,"The adults stop arguing, and they both go to the bedroom to comfort the little girl. They sit with her on the bed, and the adults help her calm down by playing with her toys and talking soothingly. The adults then try to explain what happened earlier in a way that the little girl can understand, ensuring she feels loved and safe.",The adults come running in and try to comfort the girl.,0.1917808219178082,0.462111801242236,0.3547278940677643,0.5596871376037598
KmXaY8-ZyIA,The video teaches viewers how to get rid of pimples without squeezing them.,A method for removing a pimple.,0.10526315789473684,0.0,0.5303525328636169,0.6893078684806824
KoQD9x6VrSk,"The second man flexes his muscles multiple times throughout the video, but without specific timestamps or a detailed recount of each instance, it's not possible to provide an exact number of times he flexes his muscles. However, you can observe that he flexes his muscles several times in various poses and angles.",four,0.0,0.0,-0.19185028970241547,0.19056817889213562
Kv46hRuvi40,"The person making the call seems to be trying to reach someone named Dougie B, as indicated by the text overlay ""Kay Flock says Dougie B won't pick up."" The repeated attempts and the phrase ""pick up"" suggest that they are persistently trying to contact Dougie B despite not being able to get through.",Get his friend to answer,0.03333333333333333,0.10101010101010101,-0.17533078789710999,0.15530656278133392
KvhbZ7U_9Zw,"After saying ""It's my birthday,"" the person is greeted with a warm and festive atmosphere, likely filled with celebration and joy. The setting appears to be decorated with balloons, flowers, and other party elements, creating a cheerful environment. This suggests that the person is being celebrated by others, possibly at a birthday party or similar event.",You see a room with pink and purple decorations but not an actual person.,0.1408450704225352,0.10989010989010989,0.1363738477230072,0.3187068700790405
Kyig9R8E0jY,"The video features two motorcycles, one green and white and the other white with black accents.",Sports Bikes,0.0,0.0,0.0005025494610890746,0.33456939458847046
L0vYawoAo_Q,"The objects are falling on the three animated characters as part of a humorous or exaggerated scenario, likely to entertain the audience by creating a comedic effect. This kind of scene is common in animated videos where exaggerated actions and reactions are used to engage viewers.",Objects are falling on three animated characters because it is in a video game.,0.3333333333333333,0.39928887180472805,0.2574049234390259,0.8146060109138489
L1knrZAHc-w,The video does not provide any information about how long it took the cows to learn to dance. It only shows them dancing in the field.,Not long after the flies started stinging them.,0.23529411764705882,0.15306122448979592,0.13389359414577484,0.20024392008781433
L36HKJeOn-0,"When the boy gives the right answer, the woman reacts with excitement and praise.",Mom throws a belt at him.,0.0,0.07352941176470588,0.2075939029455185,0.1852661371231079
L4js17jguSA,"The music in the background is likely playing to enhance the festive and celebratory atmosphere of the wedding ceremony. It helps to create a joyful and lively ambiance, which is typical for such events where people gather to celebrate the union of two individuals. The music can also be part of traditional wedding rituals or customs that are performed during the ceremony.",To celebrate the couple's wedding,0.1176470588235294,0.2949766355140187,0.18773630261421204,0.6693359613418579
L75wb-sK0Ws,"In the video, there is one gate visible.",one,0.2222222222222222,0.2941176470588236,-0.022132661193609238,0.2311018705368042
L9Rn2C5noys,"After filling a quart container with vanilla soft serve, the woman at Dairy Queen places the lid on the container and then seals it with a plastic wrap cover.",She puts a lid on the take-home container.,0.26315789473684215,0.4415841584158417,0.36324119567871094,0.5951665639877319
LAa5O3ToD2c,The first baby in the video appears to be sleeping peacefully with its eyes closed and a serene expression on its face.,sleeping,0.08695652173913045,0.1612903225806452,-0.16956648230552673,0.2947753071784973
LBEnKCnLGIg,The man hits the target 10 times in the video.,three,0.0,0.0,-0.047350190579891205,0.16748680174350739
LBYQbq-7Dvg,"The woman puts a watch on the other woman's wrist as part of a playful or friendly interaction, possibly as a gesture of care or to share something fun. The context suggests they are enjoying each other's company and engaging in light-hearted activities.",They are friends.,0.08163265306122448,0.2678571428571429,0.09709057956933975,0.2810385227203369
LBhwaSo4jmE,The gymnast in the video performs two flips.,Three.,0.0,0.0,0.2868610918521881,0.09951823204755783
LDos_KU6084,The video does not provide enough information to determine if the product changes the skin color.,Not noticably,0.1111111111111111,0.1470588235294118,-0.09788378328084946,0.1496894359588623
LI9DacxH6Ao,The sled gains speed due to gravity as it descends the slide.,Water lubricates the floor of the slide and reduces friction.,0.2727272727272727,0.09803921568627452,0.36501267552375793,0.4775231182575226
LKiaCf1QZFw,"The woman in the video does not speak any words; she is shown with the text ""my baby:"" displayed above her head, which seems to be part of the meme format rather than something she says.","Oh, my God! She's insane.",0.09523809523809525,0.0,-0.028110986575484276,0.2506557106971741
LNb5uNQXkwg,"After the keyboard is turned on, the keys light up and start to glow, creating a visually striking effect. The person's hand continues to press the keys, and the glowing effect adds a dynamic and engaging element to the scene.",Keys can be pressed and parts of the keyboard light up.  It's unclear if anything useful happens,0.16949152542372883,0.2072538860103627,0.2955873906612396,0.6418359279632568
LOB9f-SQJn0,"The sandals appear significantly cleaner in the ""After"" picture compared to the ""Before"" picture, indicating that the cleaning procedure was effective.",The sandals are much cleaner.,0.23076923076923073,0.15151515151515152,0.4158969521522522,0.8086484670639038
LQ8zkNuUREU,The video demonstrates the process of creating an embroidered flower using a needle and thread on fabric.,A specific decorative embroidery stitch.,0.0909090909090909,0.08064516129032258,0.28634724020957947,0.6646900177001953
LRaDnSW9n6U,"The video compares prices of various tools and equipment, including DeWalt and Bosch power tools, as well as other items like water bottles and a vacuum cleaner.",Hardware tools.,0.06896551724137931,0.0,0.22383511066436768,0.4341984987258911
LSz_xBDBPNc,The man instructed his assistant to take a photo of the glowing calcium.,Put it down.,0.0,0.0,0.22432248294353485,0.09297721087932587
LT1xMLzH21o,The video does not provide any information about the taste of the objects the characters are holding.,"A burrito, a hand, a doll, a rat, and spiders.",0.0,0.0,0.1189587265253067,0.1725720912218094
LUZHLX2pBdk,The man in the video is wearing camouflage-patterned shorts.,cargo pants,0.0,0.0,0.09307654201984406,0.2532568573951721
L_QWBOPgucA,"The man separates the two pieces of black material to reveal and inspect the green substance inside, which is likely jade or a similar gemstone. The separation allows for a closer examination of the material's internal structure and color, which can be crucial in determining its value and authenticity.","He wants to see what, if anything, is worth seeing on the fractured surface.",0.09375,0.0857142857142857,0.08884601294994354,0.31641149520874023
La-SNVkM06w,"The blue tarp is likely used to protect the cargo from weather elements such as rain, sun, or dust while it is being transported on the highway. It also helps in securing the cargo and preventing it from falling off the truck during transit.",To protect cargo from rain,0.20408163265306123,0.35463483146067426,0.3283872902393341,0.5879814028739929
LbieW0jTtoA,"The video shows three individuals dressed as characters from the anime ""Naruto"" performing a hand dance battle. They are mimicking the characters' fighting stances and movements, creating a playful and entertaining scene.",Three men are demonstrating hand dancing to music.,0.15,0.303485576923077,0.3251286745071411,0.4512448310852051
Lc79Goppqec,"In the video, a man is seen passing through a security checkpoint at what appears to be an entrance or exit point. He interacts with two uniformed personnel who seem to be conducting a security check. The man is wearing a brown jacket and a black hat, and he is seen bowing slightly as he passes through the checkpoint. The scene takes place outdoors, with a building visible in the background.",Three people meet and two of them exchange documents.,0.025,0.09868421052631578,0.08938246965408325,0.1409865766763687
LfdH03plmIw,"The Russian police are shown in a surveillance camera footage, walking in a line.",They are shown swinging on a playset.,0.2857142857142857,0.3318903318903319,0.363188236951828,-0.008238505572080612
Lg_fVCxXhgY,The metal starts to take the shape of a vase.,The piece of metal grows and starts to change shape.,0.5,0.372,0.593961238861084,0.6777988076210022
LjH-8x3DDqQ,"After shaking the other man's hand, the man walks away from the car and stands in front of it.",smoke a joint,0.0,0.0,0.0076565514318645,0.09992042183876038
LjKQRBfH6dw,"After performing some judo moves, bowing, and shaking hands with his opponent, Putin is seen talking to a group of people in the video.",He poses for a group photo with the Olympic athletes.,0.17647058823529413,0.2768640350877193,0.2359888255596161,0.41590017080307007
LjLG1o7FDGM,"The person might be making sounds while eating to express enjoyment, to communicate with others around them, or simply because they are talking or speaking at the same time they are eating. It could also be a habit or a way for them to engage with their food in a more interactive manner.",The girl is making slerping sounds as she eats stick candy and a lolly pop.,0.14705882352941177,0.13297872340425532,0.11705765128135681,0.3890133202075958
LjSq8xGEuzw,The first weapon we see has a scope mounted on it.,a scope,0.3076923076923077,0.646551724137931,0.16059757769107819,0.569896936416626
LkdfiZcQ7lU,"The video does not provide a specific reason for why a pencil was removed from the black box of pinks and reds. It could be for artistic purposes, to use it in a drawing or painting, or simply as part of organizing the box. The video focuses more on the artist's process and the tools they use rather than the specific actions taken with each item.",The green pencil was removed from a black box because it was in the wrong place.,0.24096385542168672,0.380362062180244,0.2503180205821991,0.7029800415039062
Loyn1vxCI6E,The girl gives the man two bottles of water in the video.,one,0.0,0.0,-0.04217001050710678,0.09942547976970673
Ltv4vx1UOl4,"After realizing they are being recorded, the little boy starts to giggle and laugh.","The little boy sitting on his mother's lap, tries to kiss her face.",0.2857142857142857,0.2862595419847329,0.272905558347702,0.2624993324279785
Lua4I9I8nfc,"The video does not provide specific information about the number of bumps the real truck is going over. The focus seems to be more on the demonstration of the toy truck and its features rather than counting the number of bumps. If you have any other questions or need further details, feel free to ask!",one,0.0,0.0,-0.2049003392457962,0.1862940490245819
LusRurRrmf0,"In the video, there is one face mask visible. It is being worn by the person who is cutting the cake.",one,0.0909090909090909,0.16666666666666666,-0.11315061897039413,0.1636631041765213
LxZuar32o1o,"After putting two hula-hoops around his waist, the boy continues to spin them around his body while maintaining a steady rhythm and control over the hula-hoops.",He spins them.,0.12903225806451613,0.09433962264150944,0.2382490634918213,0.5381101965904236
LziNpkXGoDE,"The man is kneeling and writing on the other man's shirt as part of a tradition or ritual, likely to celebrate a victory or significant achievement. This act is common in sports teams where players sign each other's jerseys after a win. The man kneeling might be a teammate or a fan expressing their excitement and support for the team.",The man standing is getting autographs on several of his jerseys.,0.1643835616438356,0.18867924528301888,0.14721380174160004,0.4327598810195923
M39nNQb1Nj0,"In its first year, the dog learns to walk, run, and play.",How to obey its owner.,0.11764705882352941,0.17543859649122806,0.18050707876682281,0.09995554387569427
M57Mawo4W-Y,Two towels are used to help people get taller.,"Two, one under the lower back and one under the neck.",0.09999999999999999,0.0,0.0872860997915268,0.22596529126167297
M5X27rRGGHU,"The video does not show any instrument being played. It features students in a classroom setting, with one student writing and another looking confused.",Celeste.,0.0,0.0,0.01849791780114174,0.06695697456598282
M6cWJmBBhnI,"The man appears to be enjoying himself while driving the combine through the field, as he is smiling and laughing.",He has his other hand on a separate control shift.,0.06666666666666667,0.09090909090909091,0.16019392013549805,0.2615107297897339
M76Yl8Oor8Y,There are two men hugging in the video.,Two,0.2222222222222222,0.2941176470588236,0.001400287146680057,0.17396079003810883
MA173ZVzSXc,"The exact number of pairs of sneakers is not specified, but it is mentioned that there are multiple pairs visible on the shelves behind the narrator.",Ten,0.0,0.0,-0.1337936520576477,0.16304533183574677
MCWKUjMdpF4,"One of the labels given to the young man in the video is ""Нытик"" (Crybaby).",A whiner.,0.0,0.0,0.12083578109741211,0.18699893355369568
MGP3HAlVhDY,"The clues that the unseen person might be cold include the fact that they are wearing a blue sweater and are in a room with a bed covered by a blanket. Additionally, the person is seen adjusting the blanket and moving around the bed, which could indicate an attempt to find a more comfortable position or to stay warm. The presence of a can in their hand suggests they might be trying to keep themselves warm with a beverage.","He is shivering visibly and audibly, and is under many layers of coverings.",0.06521739130434784,0.1275510204081633,0.15110741555690765,0.5470641851425171
MGrxiff_3Jc,The woman in the video is dancing outside on a sunny day.,The woman is doing a solo dance outside on a sunny day.,0.75,0.7170781893004116,0.7926402688026428,0.792815089225769
MLJ0wxf_cmw,The person lands the backflip successfully and continues to skate.,He grabs his skateboard while doing the backflip and puts it back under his feet for the landing.,0.21428571428571427,0.11627906976744186,0.4602929353713989,0.759787917137146
MM19feoJGmM,"After using a knife, a nutcracker is used on the walnut.",A nutcracker.,0.3076923076923077,0.1724137931034483,0.345987468957901,0.5858319401741028
MQg3_AIydkw,The sound of people talking and the wind can be heard during the video.,Church bells.,0.0,0.0,0.2305547297000885,0.21158620715141296
MQlY_bh3Hkk,"The young man intervenes and helps the boy who was being beaten up, but in the process, he gets injured himself.",The guys come after him and he kicks him and knocks him out.,0.17647058823529413,0.14492753623188406,0.35173553228378296,0.4744516611099243
MRBm4oGh6Xk,"The cyclist crashed into the car because the car suddenly turned in front of him, and he was unable to avoid it in time.",the car made an illegal left turn,0.19354838709677416,0.2937420178799489,0.2645377218723297,0.42327815294265747
MRMbXhOIFJM,The woman polishes her left thumb nail in the video.,Her left thumbnail.,0.30769230769230765,0.5067567567567568,0.2822449207305908,0.5512197017669678
MS3Ybxlb2LQ,"After using the electric tool, the man removes the screw and then drives it back in with the electric tool again.",He drives another screw into the side of the door.,0.12903225806451613,0.1801801801801802,0.3990691304206848,0.5739219188690186
MUQK3vhVOiw,"In the first part of the video, there are five flags visible.",Eight,0.0,0.0,-0.04988766089081764,0.22245973348617554
MW8YVwrY6_0,There is one bed shown in the video.,One double bunk bed,0.3333333333333333,0.22727272727272727,0.1546686887741089,0.6315882205963135
MWYG4ljwoJI,"The video is about two dogs having a conversation, with one of them expressing their preference for simple pleasures in life and the other dog agreeing with them.",The video has two dog characters that are having a conversation.,0.358974358974359,0.3357392825896763,0.500801682472229,0.7982414960861206
MXU4K2gyFvk,"The video shows a person engaging in land surfing, which involves riding a skateboard down a ramp and using leg pumping techniques to maintain speed and control.",Land surfing.,0.13793103448275862,0.11111111111111113,0.30321285128593445,0.5798717141151428
MY7bx0IsNbo,There is one electrical outlet behind the table.,one,0.2222222222222222,0.2941176470588236,0.0759986862540245,0.1348136067390442
MZLX5Y17EgU,"The video shows a porch with a table and chairs, and a person walking up the stairs. The person posting the video likely wants viewers to see this scene as part of their content or story they are sharing.",The sister putting her open mouth up to the door video camera.,0.15686274509803919,0.17006802721088435,0.12065496295690536,0.40392082929611206
MZQzSUEgp1U,There is one red backpack visible in the video.,one,0.19999999999999998,0.27777777777777785,-0.03735959157347679,0.18765737116336823
MdCT-ky8_FM,"The video is primarily about running techniques and tips for improving performance, with a focus on maintaining a consistent pace and proper posture.",The video is about a group of young men running track.,0.29411764705882354,0.418943533697632,0.4280061721801758,0.5809007883071899
MdMKHhFFqJQ,The video features the sound of a guitar.,An electronic instrument.,0.0,0.0,0.3205326199531555,0.5125735998153687
MeUXjKoEoMs,"The last spoken word in the video is ""buddy"".",Comments.,0.0,0.0,0.2809830904006958,0.08857687562704086
Mf0sSHQNBIM,"The man in the video is sweeping up trash, eating candy, pouring detergent on his plate and eating it, watering a plant, and cleaning a toilet.","The man is displaying strange behavior using a broom upside down, eating salad out of a drinking glass, drinking juice off a plate and placing his head in a toilet.",0.28571428571428575,0.24927271021021025,0.35588836669921875,0.6219401359558105
MgsGBZrPtLw,"In the video, a group of animated characters is dancing together in a beach setting. The characters include a man and three children, all dressed in colorful outfits. They are performing a synchronized dance routine, moving their arms and legs in unison to the music. The background features palm trees and a boat, adding to the tropical atmosphere. The overall scene is lively and cheerful, capturing a moment of joy and celebration.",The video has a man and four kids demonstrating a dance move.,0.1904761904761905,0.16666666666666669,0.34610262513160706,0.6200742721557617
Mi-NpnCBegw,"The actor demonstrates the word ""exclaim"" as the last synonym of ""say"".",Mumble.,0.0,0.0,0.07202491164207458,0.22524508833885193
Mj3kccs07fg,There are three different dishes on the table in the video.,two,0.0,0.0,-0.048316795378923416,0.1769040822982788
MjV1CZxCOeE,"As the video progresses, the young lady changes her outfit and accessories. She starts by wearing a white top and blue jeans, then she changes into a purple jacket over a white top and brown pants, and finally, she adds a necklace to complete her look.",The young lady models different outfits and looks.,0.22222222222222218,0.37796610169491524,0.29205575585365295,0.6133815050125122
MnNCjbPsiek,The card thrower is attempting to hit the lit candle with the playing card.,Blow the candle out and hit the glue.,0.2727272727272727,0.23255813953488375,0.28049924969673157,0.3770720958709717
MphrquLK8gc,The video teaches how to add hair to braids.,How to plait a beautiful braid.,0.4,0.15873015873015875,0.47284644842147827,0.6595680713653564
Mr5ajtVsATc,Two scoops of food are taken out of the pot.,Two,0.18181818181818182,0.2631578947368421,-0.10145213454961777,0.223518505692482
Msbpqv5aOxk,The text 'I AM ANITA' is written on the back of the man's hand.,Press.,0.0,0.0,0.24721479415893555,0.14972950518131256
MuRg3XtN_38,"By the end of the video, the little girl is seen sitting in a stroller with her doll.",The little girl stops and gets into the stroller.,0.2962962962962963,0.37575757575757585,0.48831847310066223,0.5971332788467407
N2ApImsBgDI,There are two lights blinking on the bus in the video.,two,0.16666666666666669,0.25000000000000006,-0.01820267364382744,0.1915603131055832
N3fVfEAst_s,She made friendship bracelets.,She colored the elastic ear loops with markers and braided them into a bracelet.,0.22222222222222224,0.03846153846153846,0.37593701481819153,0.597889244556427
N5-nI2V_GS0,"The video does not provide specific information about how many times the ping pong ball is being hit. However, it shows a sequence where the ball is being hit repeatedly by a paddle, and then it is caught in a net. The exact number of hits cannot be determined from the provided information.",twice,0.0,0.0,-0.1958346664905548,0.2445012480020523
N623MG6xnak,"In the video, there is one laptop visible in the scene where the woman is sitting at a desk and working.",twice,0.0,0.0,-0.12390193343162537,0.10846742987632751
N6OwNSQplrE,"The car driver decides to stop the motorcycle rider by honking at him and then proceeds to drive away, leaving the motorcycle behind.","He opens his car door, gets out, and looks at the motorcycle.",0.22857142857142854,0.19083969465648856,0.3269926607608795,0.5453261733055115
N7pUP__a5FM,The man walks down the aisle of the store.,After having a conversation with a woman in a store the man walks away.,0.2608695652173913,0.18930041152263377,0.4760061800479889,0.5415503978729248
N7rvWwZX_ZM,"The man in the video appears to be shouting because he is frustrated or angry about something. His body language and facial expressions suggest that he is experiencing strong emotions, possibly related to a situation or event that has upset him.",It's in the script of the movie he's in.,0.11538461538461536,0.12295081967213115,0.10741668194532394,0.3022269904613495
N8cBmFGn7do,"In the second video, a man is seen holding a blue rose and looking at it closely. He then puts the rose to his nose and smells it. The scene changes to show him wearing a brown suit and holding the same blue rose. He appears to be in a public place with other people around him.",The actors hair is blown uncontrollably.,0.06349206349206349,0.0900900900900901,0.020872225984930992,0.20155179500579834
N9oznAO-AGE,"Tyson's evolution as a boxer is depicted through various stages of his career, starting from his early years in 1975 where he is shown as a young boy, to his professional boxing career beginning in 1984, where he is seen winning a match and receiving recognition for his skills. The video also shows him in 1987, standing in the ring, ready to fight, highlighting his physical prowess and readiness for competition. In later years, such as",There were lots of ups and downs.,0.04761904761904762,0.07194244604316548,0.011892376467585564,0.006381351500749588
NBNC_NWBy9Y,"The images of the cat and the lion cub suggest an analogy between the two, possibly indicating that the cat is being compared to the lion cub in terms of their characteristics or behavior. The cat's calm demeanor might be likened to the lion cub's youthful innocence or the beginning of its journey.",That this woman likens her cat to baby Simba in the Lion King.,0.1764705882352941,0.20588235294117646,0.1234576553106308,0.4353865385055542
NBxr52ifOcA,The boxer in black shorts lost the fight.,The boxer in white shorts.,0.6153846153846154,0.48218029350104813,0.6338964104652405,0.6394659280776978
NFd2lPoV8Wo,"The last robot, which is blue in color and has a smiling face, stands in front of the doorway with the text ""1/3"" displayed prominently. It then moves slightly to the left, revealing more of its body while maintaining its cheerful expression. The robot's position in front of the doorway suggests it might be waiting or observing something, but without additional context from the video, it's not clear what specific action it takes at the end.",click his feet,0.0,0.0,-0.1853644698858261,0.2591921091079712
NK5Ln-1tVGc,"The young girl is likely speaking to introduce herself and share her excitement about being at Disneyland, as indicated by the text overlay ""It's Halle Bailey,"" and her mention of performing ""Part of Your World"" from The Little Mermaid. She seems to be engaging with an audience, possibly for a social media post or a vlog, sharing her experience and enthusiasm for the event.",The young girl is speaking in front of the camera letting everyone know she is excited to perform.,0.2168674698795181,0.28119469026548666,0.2655036449432373,0.5716680884361267
NM3dmMD45iI,"The men seem to be joking or playfully suggesting that they might take the train into the water, as indicated by their laughter and the text overlay ""Inoxtag prend le train dans l'eau 😂"". This suggests it's a humorous idea rather than a serious one.",They worry that it may not be safe.,0.07407407407407408,0.12820512820512822,0.06716646254062653,0.1916750818490982
NN7G28sBOlY,The woman is asking the bystander about the age of the horse named Dyor.,The bystander says she doesn't know,0.19047619047619047,0.14705882352941177,0.184056356549263,0.4174076318740845
NNtFFnEXrjw,"After critiquing a couple of methods, the woman demonstrates the correct way to dispose of a sanitary pad by rolling it from both ends and then pressing the tape side together.",She shows the best way to dispose of a sanitary pad.,0.38095238095238093,0.5321821036106751,0.43977388739585876,0.7764019966125488
NQM30GUj_7s,"The speaker gestures with his hand multiple times throughout the video, but the exact number is not specified in the description.",Twice,0.0,0.0,-0.12523864209651947,0.20916490256786346
NS4xBlXvjVY,"The video is about a character named Aang, who is shown in various scenes with different expressions and emotions. The video also includes a scene of a blue alien with glowing eyes and a caption that says ""what ozai heard.""",It is a video game.,0.13333333333333333,0.1764705882352941,0.07975597679615021,0.2608672082424164
NTFy32oOlsU,"The runners remained safe by successfully evading the fielder's attempts to tag them out, which allowed them to reach second base without being caught.","They cleverly came to a complete stop before reaching the base, fooling the second baseman into thinking they gave up on the play.",0.12499999999999997,0.10822510822510824,0.3040759861469269,0.5850784182548523
NUmb2P3Bzu8,"The speaker's hand gestures become more animated, and their voice may rise or fall in pitch, indicating a shift in emotion.","He starts talking faster, his voice gets louder and more emphatic, and his hand and arms gestures get more forceful.",0.14285714285714282,0.12437810945273632,0.44262778759002686,0.590161919593811
NVkXXOpygeg,There are two fish in the drawing.,three,0.0,0.0,0.03885876387357712,0.11577534675598145
NW3Mhr76ClM,"The only thing W2S says in the video is ""I'm sorry.""",Heehee (a chuckle),0.0,0.0,-0.12101059406995773,0.11593683063983917
NbhaZCj6cVE,"The cartoon figures in the video represent the numbers 7, 8, and 1.","Seven, eight, and nine.",0.11764705882352941,0.10204081632653061,0.33768463134765625,0.5827171802520752
NhrHBFbw9Uo,"After the new SUV is backed down the driveway, it is driven out of the house and onto the street.",A man closes the gates.,0.08000000000000002,0.07692307692307694,0.24969257414340973,0.09808845072984695
NjfNx1uhEJE,"The tall young man at the ticket counter turns around to face the girls, acknowledging their presence with a gesture or a brief interaction.",He walks over to them.,0.06896551724137931,0.07246376811594203,0.28251227736473083,0.36620646715164185
NkXPPJoZ-h8,The sound of a cat meowing is heard in the video.,A cat screaming.,0.28571428571428575,0.49342105263157904,0.43279504776000977,0.5811456441879272
NrB4LPosWBk,Justice,Terrorist.,0.0,0.0,0.20027214288711548,0.37044841051101685
NsF80sL5wy4,"The ghosts appear to be saying ""Trick or treat!"" which is a traditional phrase used during Halloween when children go door-to-door asking for candy.",Happy Halloween.,0.07142857142857144,0.0,0.19034865498542786,0.48526787757873535
Nvg0mgGelUU,"The sign on the refrigerator door says ""I ❤️ Help Me"" with a star next to it.",Hepp Me,0.1111111111111111,0.0,-0.15747208893299103,0.10255680978298187
Nvg87OLVObE,"The cartoon characters are shouting at each other because they appear to be engaged in a heated argument or disagreement, possibly over something important like the blue trophy in the center of the image. Their exaggerated expressions and gestures suggest a strong emotional investment in their discussion.",They are arguing over who should get a trophy.,0.10714285714285714,0.15625000000000003,0.17964254319667816,0.4227752685546875
NwUjBfzE7CU,There are two people working on the roof in the video.,Three,0.0,0.0,-0.0193631649017334,0.07765904814004898
NzCvq05qJlo,"After being flipped, the guy in red shorts lands on his back and then gets up to continue the wrestling match.",He tries to wiggle free.,0.07692307692307693,0.07575757575757576,0.10898543149232864,0.2757788896560669
Nzi5IMGq-p8,There is one heart on the screen.,one,0.25,0.31250000000000006,0.14960399270057678,0.22647348046302795
O-d2M-zIMPo,"To take an aerial video, you can use a drone or a camera mounted on a kite or a balloon. Here’s a step-by-step guide to help you capture aerial footage:

1. **Choose Your Equipment**: Decide whether you want to use a drone, a kite, or a balloon with a camera attached. Drones are the most common and convenient option for beginners.

2. **Prepare the Drone**: If you’re using a drone, ensure it is fully charged and has all necessary accessories like",by using an aircraft or drone,0.08791208791208792,0.14814814814814814,0.05204865708947182,0.5433381795883179
O44HmlgDbTs,The machine is scanning the sheets of paper with Braille on them.,Scanning documents.,0.14285714285714285,0.16666666666666669,0.06832589209079742,0.5758832693099976
O5Qh7EZ3M1I,The second character is holding two cats.,Cats,0.25,0.0,-0.04177694022655487,0.4860805869102478
O60MtMuSpf8,The image of the herpes virus in the video appears to be blue.,Pale orange.,0.0,0.0,0.2538549304008484,0.18742802739143372
O6VNkADtKV4,The league of ring fights you're referring to is called Ultimate Fighting Championship (UFC).,UFC,0.125,0.0,-0.22072799503803253,0.6321216225624084
O7lBcBruXHM,"The stewardess likely asks the man to put on his shoes because it is a safety protocol during takeoff and landing, ensuring that all passengers are secure in their seats with their seatbelts fastened. This helps prevent injuries in case of sudden movements or turbulence. Additionally, it's a standard procedure to ensure everyone is prepared for the flight's duration.",His toe jam reeks.,0.030769230769230767,0.052631578947368425,0.029715754091739655,0.3012269139289856
OCaOr_BQxhs,"The two men join the original man on the street to dance together, creating a lively and entertaining performance in front of the white car.",To perform a dance video.,0.13333333333333333,0.2857142857142857,0.24630363285541534,0.3886098265647888
ODMhTBX1kSk,"After the man and woman climb onto the platform, they bow to each other.",They stand and face the audience.,0.2,0.22058823529411767,0.31722772121429443,0.2333463728427887
OGTZn0v_g1I,"The Sheet Bend knot is commonly used to connect two ropes of similar thickness and material. It's particularly useful in sailing, climbing, and other activities where two ropes need to be joined together securely. The knot is known for its strength and ease of use, making it a popular choice among sailors and climbers.",to connect two ropes,0.13559322033898305,0.35069444444444453,0.1952512413263321,0.597375750541687
OHIPf6PUzfk,"The first two pitches were called strikes because the batter did not swing at them, even though they were within the strike zone. In baseball, if a batter does not swing at a pitch that is in the strike zone, it counts as a strike.",The ball hit the bat.,0.07999999999999999,0.16666666666666669,0.052904367446899414,0.5126808881759644
OJ7Cf6IlTfM,"After the woman sneezes and blows the doll away, she picks up the doll again and continues to hold it while talking to the man. The man looks at her with a surprised expression and then puts down his tablet. The woman then starts to talk more animatedly, gesturing with her hands as she speaks. She seems to be explaining something or telling a story, and the man listens attentively. After a few moments, the woman puts the doll down and continues her conversation with the man","She sneezes aagain and blows the man away,",0.10526315789473682,0.3016300859966628,0.15987147390842438,0.6128689050674438
OKy74dEPaaw,There is one camera in the video.,two,0.0,0.0,-0.021344756707549095,0.24752505123615265
OQ1nmIuImes,"The black guy's actions suggest that he was comfortable with the white guy squatting on the bench and didn't seem to mind it. This could imply a level of familiarity or acceptance between them, indicating that they might have been friends or at least acquaintances who were comfortable in each other's company. The fact that the black guy didn't react negatively to the white guy's action suggests a positive dynamic between them.",He didn't like to be copied and got up and left.,0.0898876404494382,0.14619883040935674,0.027492953464388847,0.2704910933971405
OThOm8Gyfv0,"The object the speaker is holding and describing is a fidget spinner made of a special alloy with a built-in shield-like design, which makes it durable and suitable for extended use.",It is made of a special alloy.,0.30000000000000004,0.4536052009456264,0.35004353523254395,0.4915970265865326
OUwnypSOteg,"The tractor is balancing on its rear wheels because it appears to be stuck in the mud, and the driver is trying to free it by lifting the front wheels off the ground.",The driver wants it to.,0.15789473684210525,0.19230769230769235,0.09200363606214523,0.3881646692752838
OV6VkWpi_0M,"The men who are running in front of the caravan of cars appear to be engaged in some kind of playful or competitive activity, possibly a game or a race. They seem to be enjoying themselves and are moving quickly across the snowy ground. The exact nature of their activity is not clear from the video alone, but it looks like they might be participating in a fun event or a challenge.",They are bodyguards to protect the cars.,0.0759493670886076,0.14814814814814817,0.06709688901901245,0.40748995542526245
OVAy9Y-zh1E,"In the video, we can see one catch.",one,0.2222222222222222,0.2941176470588236,-0.060314059257507324,0.2335013598203659
OVMLkh4we3c,"The effectiveness of a defensive technique can depend on various factors such as the context, the attacker's strength and technique, and the defender's skill level. However, from the video, it appears that the defender is demonstrating a technique where they are maintaining control over the attacker by keeping them at arm's length and using their body to block or redirect the attacker's movements. This can be considered a good defensive technique if it allows the defender to maintain a safe distance and prevent the attacker from gaining a more advantageous","Yes, the attacker has been thrown to the ground.",0.07766990291262137,0.11695906432748539,0.023335177451372147,0.4468086361885071
OWN6O_7_Zro,"The video shows a conversation between two people using a messaging app, but the specific app name is not mentioned or visible in the video.",messaging app,0.14814814814814814,0.23255813953488375,0.009121114388108253,0.5881109833717346
OXW2JaSW1GE,"The video shows an x-ray of a mouth with a tooth highlighted, indicating that the video is likely about dental care or treatment, possibly focusing on a specific tooth issue.",A dentist removing a wisdom tooth.,0.16216216216216214,0.11904761904761904,0.2018924504518509,0.4078146517276764
OYGEa7yHiXQ,"This method is effective for building the wall because it ensures that the concrete is evenly distributed and compacted, which helps in creating a strong and durable structure. The use of a hose to apply the concrete allows for precise control over the thickness and consistency of the material, reducing the risk of voids or weak spots. Additionally, the presence of rebar reinforcement within the concrete provides additional strength and stability, making the wall more resilient against external forces such as wind, water, and earthquakes. This combination of",It's very sturdy once it dries.,0.021052631578947368,0.03521126760563381,0.08359131962060928,0.1598893404006958
OZDiRSO0tm8,"In the video, there is one braid visible.",one,0.2222222222222222,0.2941176470588236,-0.042292557656764984,0.17289716005325317
OcqojDJjc48,The young person is watching the sunset.,It's not shown,0.0,0.0,0.018859202042222023,0.05317471921443939
Od_pstVp5Sk,There is one light fixture by the door in the video.,one,0.16666666666666669,0.25000000000000006,-0.02358592115342617,0.2884771227836609
OdvR45DCdWo,"The last word in the song sung in this video is ""love"".",Japan.,0.0,0.0,0.20709912478923798,0.058898258954286575
OegrkuMK4Mc,"The men spin around because they are excited and surprised by the reaction in the glass, which is likely a chemical reaction that produces a visible effect.",Something they drink.,0.06666666666666667,0.0925925925925926,0.17817726731300354,0.28394532203674316
Oepj9j_fkO4,The man filled the balloon with smoke using a can of Smartwhip.,He changed the tip on the aerosol can of Smartwhip.,0.45454545454545453,0.43725490196078437,0.44060027599334717,0.5413026809692383
Ord-GrcULgE,The video does not show any instrument being played at the end. It ends with the baby and dog still interacting.,Clarinet.,0.0,0.0,0.13529600203037262,0.3005226254463196
OtBRqhlx97A,"The man is likely holding his phone up to record himself or others while running, possibly for social media or personal content creation. The text overlay suggests he's trying to balance running and recording content simultaneously, which could be part of a fitness challenge or a vlog-style activity.",To create digital video content for posting,0.07017543859649124,0.13513513513513514,-0.006906082388013601,0.208266019821167
Ou68W-kNQvg,"The drawing depicts a character with a split face, one side showing a calm expression and the other displaying an angry or intense expression. The character has blue eyes and is wearing a mask. The artist is adding details to the drawing, such as shading and coloring, particularly focusing on the blue hair and the eye on the right side of the face. The text ""SOME DETAILS"" appears on the screen, indicating that the artist is highlighting specific aspects of the drawing for viewers.",Someone is filling in areas of a face.,0.06521739130434782,0.12820512820512822,0.08479242026805878,0.39458101987838745
OvGHkeKuLNk,"Behind the candy box, there is a poster of the movie ""Honey"" and a lamp with a blue light.",window shade,0.0,0.0,-0.13354501128196716,0.21013297140598297
OxBUQ5pV5X8,The car in the video hit 2 road signs.,One,0.0,0.0,-0.041279688477516174,0.17016956210136414
OzNdzgQi1CA,The video does not provide any information about the musical piece being played in the background.,Adagio for Strings,0.0,0.0,-0.19698350131511688,0.05596623569726944
OzlqFYX6rVU,The third video in the compilation shows a girl kissing another girl.,Number 3.,0.0,0.0,0.25677841901779175,0.2568749189376831
P8LJTv-cqIw,"No, the instructions in the video are specific to IKEA products and may not work with items from other stores.",Definitely.,0.0,0.0,0.21528717875480652,0.10847079753875732
PAmo_TwQvOI,There is one street lamp visible in the video.,one,0.19999999999999998,0.27777777777777785,-0.0075650825165212154,0.21707379817962646
PC2QTvV7DKY,"The weapon shown in the video is the MK 19 Grenade Launcher, as indicated by the text overlay in the video.",the third and fourth,0.08,0.08771929824561403,-0.15199314057826996,0.07080082595348358
PJPqGJzIwfg,The bong in the video is used to smoke marijuana.,Smoking marijuana,0.33333333333333337,0.17857142857142858,0.18255330622196198,0.6235613226890564
PJxUqMJWo0w,The woman in the video is doubting whether her husband takes candid photos of her or not.,Her husband's love for her.,0.2608695652173913,0.08064516129032258,0.2478063404560089,0.3548084497451782
PKgoIkEP_6c,The flower in the video is purple.,Dark pink.,0.0,0.0,0.40395230054855347,0.32244792580604553
PMbimV2LIbE,"The couple's attire, the romantic setting with soft lighting and a cozy ambiance, and the presence of a menu and a drink suggest that they are on a special date.",The man is wearing a white suit and the woman is wearing a formal long dress.,0.2127659574468085,0.14367816091954022,0.17273786664009094,0.23168501257896423
POH-lLoKOLs,"There is one clipboard in the video, which is being held by the man in the white shirt and purple tie.",One,0.0909090909090909,0.16666666666666666,-0.16987550258636475,0.15172097086906433
PTwap56YrbE,There is one lion in the video.,three,0.0,0.0,-0.021908048540353775,0.1606278419494629
PUxRZtAntBE,"No, it's not likely that the doll will vomit out the balls. The doll appears to be a toy or a decorative item and is not capable of vomiting. The person in the video is simply placing the balls into the doll's mouth as part of a playful activity.","No, there nothing to cause vomitting.",0.10526315789473684,0.0970873786407767,0.14286425709724426,0.5617960691452026
PV6Tz265kx8,"Right after the girl has the thought of a monster in her head, the scene changes to show the monster outside the room.",The monster appears in real life.,0.20689655172413793,0.19480519480519481,0.19771736860275269,0.5657282471656799
PVBx6n2iGo8,"Clutch pencils are best for architects' sketches because they allow for faster drawing and can produce expressive strokes, which is beneficial for detailed architectural sketches.","Clutch pencils are best for Architechs because they can draw faster, they are good for expressive drawings and it has a built in sharpener.",0.4081632653061225,0.3538497003227294,0.5620805621147156,0.8106210231781006
PW1sQlKz26g,The sound of a car engine is heard at the end of the video.,A crashing sound and a motor sound.,0.19047619047619047,0.12987012987012989,0.35847988724708557,0.4877605438232422
PWP17NlIgs8,"After a man enters a kitchen where someone has just put a handful of spaghetti into a pot of boiling water, he looks surprised and confused. He then pours a bottle of Coca-Cola into the pot with the spaghetti. The spaghetti turns black as it cooks in the soda.",The man starts shouting cooking instructions,0.07142857142857142,0.14563106796116507,0.12842769920825958,0.30199718475341797
PXboa0HtgZI,"The girl in the video seems to be hiding in her crush's closet, which suggests that she might have a crush on someone and is trying to be close to them by being in their space. However, the video does not provide explicit information about what she specifically wants. It could be anything from wanting to spend more time with the person she has a crush on to wanting to impress them or simply feeling a sense of belonging in their presence.",Her boyfriend to love her.,0.045454545454545456,0.07874015748031497,0.05467335879802704,0.4214456081390381
PZWAlJSL7Kc,"The white compound applied to the wood in the video is likely a type of adhesive or sealant, possibly used for bonding or protecting the wood. Common examples include wood glue, epoxy, or a specialized wood sealer. The exact type would depend on the specific application and the desired properties, such as strength, waterproofing, or aesthetic finish.",glue,0.034482758620689655,0.0,-0.2725675702095032,0.48627978563308716
PZjuizzTJ38,"The video shows that the person makes multiple cuts on the paper, but it is not possible to determine the exact number of cuts from the video alone.",Four,0.0,0.0,-0.10463270545005798,0.19365563988685608
PcDuz7j9LL8,"After using the machine to dispense the cleaning solution and scrub his driveway, the man rinses off the cleaning solution with a hose.",He rinses the driveway off with water from his hose.,0.30303030303030304,0.26548672566371684,0.476214200258255,0.8393927216529846
PgKOzRgYMAI,"The video starts and ends with a colorful screen featuring horizontal lines in various colors, including green, yellow, pink, and black. These screens appear at the beginning and end of the video, so you can see them twice.",twice,0.05128205128205127,0.0,-0.20877981185913086,0.26880109310150146
Ph5M5xWoPRE,"The crying boy might be mouthing lyrics or singing along, even though he is crying.",I love you God.,0.0,0.0,0.1007973700761795,0.1843937635421753
Pi8HvqoDxX8,"We can infer that this is a competitive game rather than a practice session due to several factors visible in the video:

1. **Professional Attire**: The players are wearing professional soccer uniforms, which are typically used only during official matches or competitive games.
   
2. **Stadium Setting**: The background shows a large stadium filled with spectators, indicating that this is a formal match where fans are present to watch the game.

3. **Player Numbers and Names**: The jerseys display player names and numbers,",There is a large crowd watching the players.,0.13333333333333333,0.24155844155844156,0.12987248599529266,0.5915560722351074
PiIrinu42DQ,The person in the video is using a soldering iron to melt and join two wires together.,a soldering tool,0.2,0.42613636363636365,0.2991136908531189,0.5854985117912292
Pkjvnn7lJEo,"The girl in the video is wearing a pink top with the word ""giant"" written on it, and she has a light blue face paint. She also has her hair tied back with a hair tie.",a tank top,0.10256410256410256,0.15873015873015875,-0.05738316848874092,0.3193396329879761
Pne0cC8Zn70,There is one chair visible in the video.,two,0.0,0.0,0.017390402033925056,0.197433739900589
PplfkMi3JFs,"After sitting on the floor, the man stands up and helps the woman to her feet.",They have different costumes on.,0.09523809523809523,0.0,0.14027628302574158,0.14300215244293213
Ppp5gODf8PU,The bicyclist is jumping over 10 steps in the video.,eight,0.0,0.0,-0.10741527378559113,0.18130820989608765
PxeevNPl86k,The pump is pumped 10 times the first time.,nine,0.0,0.0,-0.0016898800386115909,0.24494364857673645
Pxnq5xf6m6o,"In the video, we can see all five fingers of the hand with the henna design.",forty,0.0,0.0,-0.0816955417394638,0.1954330950975418
PyphToMehZQ,Jews,Jews.,1.0,0.0,0.7628701329231262,0.9260612726211548
Q0TEj9p73h0,"The boy is holding and examining the brown object, which appears to be a piece of food or a snack. He seems to be inspecting it closely, possibly checking its texture or appearance before eating it.","He breaks pieces off, dips them in something, and eats them,",0.0851063829787234,0.1851851851851852,0.1588098704814911,0.44634556770324707
Q5eSe5WBHcQ,"The clues indicating that the animals are just playing include their relaxed postures, the dog's calm demeanor despite being under the tiger's paw, and the overall lack of aggression in their interactions. The tiger's gentle nuzzling and the dog's comfortable position suggest a playful dynamic rather than an aggressive one.","The tiger is not biting, drawing blood, or using his claws.",0.061538461538461535,0.03355704697986577,0.1550787091255188,0.6046358346939087
Q6HqOkL4MCA,The man in the video drank two glasses of the blue liquid.,one,0.0,0.0,-0.09248146414756775,0.16441982984542847
Q6Zx5bJHSuU,"In the video, a plastic bottle cap is being cut with a knife.",The cap and the bottle,0.2222222222222222,0.25862068965517243,0.2792130410671234,0.5825377702713013
Q6aMqZwNJlg,The hyena ends up with the prey in the video.,The Hyena,0.33333333333333337,0.35714285714285715,0.2121136635541916,0.7058213353157043
QFljXc4WpFA,The two weapons visible on the two men of authority are swords and pistols.,A sword and a handgun.,0.21052631578947364,0.31779661016949157,0.4328102171421051,0.6464362144470215
QJuU4NALRfs,The first baby's head drops into a bowl in the video.,food bowl,0.14285714285714285,0.1724137931034483,0.16111990809440613,0.40960198640823364
QKR5_es5p-8,The man helps her by throwing the ring for her.,He moves the object closer and closer to her.,0.2105263157894737,0.10989010989010987,0.29254278540611267,0.3878853917121887
QL68DPwP1P0,"After making her bed with a blanket and grabbing a pillow, the woman bends over to pick up a towel from the ground.","She jumps on the blanket, which is lying on the surface of the water in the swimming pool.",0.14634146341463414,0.05405405405405404,0.2924008071422577,0.4565700888633728
QN7iuxaKVOE,"The lyrics that follow ""She brung and put a ring on my finger"" in the song are not provided in the given text. The text only mentions the first part of the song's lyrics.",Put it on and make him want to marry me now.,0.08695652173913043,0.15037593984962405,0.0861227810382843,0.1757214218378067
QRBvXoSRGDE,A woman holding a baby in her arms can be seen feeding the giraffe some carrot strips.,The man who is speaking and his young son.,0.07692307692307691,0.05102040816326531,0.22719226777553558,0.0793333500623703
QZgdI0jv28o,There is one fish in the video.,four,0.0,0.0,-0.01631113886833191,0.1287287026643753
Q_cDYrCPVvc,"LeBron James is an accomplished basketball player, as evidenced by his numerous accolades and records in the sport.",Basketball,0.10526315789473684,0.1851851851851852,-0.03531584516167641,0.40419885516166687
Q_hGnEy6dYw,"The man in the video is a Buddhist monk, as indicated by his attire and the context of the video which appears to be related to Buddhist teachings or meditation practices.",A Tibetan Monk,0.1176470588235294,0.08620689655172413,0.10954554378986359,0.5609955191612244
QgQRjBsxT-M,"Saris originated in the Indian subcontinent, specifically in regions such as India, Pakistan, and Bangladesh. They have been an integral part of traditional attire for women in these countries for centuries. The exact origin of the saree is not definitively known, but it is believed to have evolved over time through various cultural influences and regional variations.",India,0.034482758620689655,0.0,-0.2399110496044159,0.27206510305404663
QgzFuzktegE,"The man in the video has been practicing the flute for 10,952 days, which is approximately 30 years.",Approximately 30 years.,0.2727272727272727,0.6543209876543211,0.17987103760242462,0.43107208609580994
QhczbmyAPQw,There are three red round patches on the woman's jeans.,one,0.0,0.0,-0.04256060719490051,0.1070985198020935
QlGfDlxPvPw,The man in the video is taking a dive from a diving board into a pool.,From a springboard into a swimming pool.,0.43478260869565216,0.5645569620253165,0.36946532130241394,0.4537595212459564
QmXwE6NCFaI,The background sound that can be heard when the man goes outside is the sound of a car driving by.,A flying airplane.,0.08695652173913045,0.10638297872340424,0.18302936851978302,0.14416810870170593
QwSEnsMHR3I,"After the tape is applied to the water, it creates a pattern of small, colorful particles floating in the liquid. The particles adhere to the tape and form a distinct design when lifted out of the water.",a bubble forms,0.1,0.15625000000000003,0.028616007417440414,0.4113030433654785
QxTUhUj5mXs,"The first sentence verbalized in the video is ""today"".",Today is the day I finally follow my dreams-,0.1111111111111111,0.1111111111111111,0.15598563849925995,0.3183751702308655
Qz39qVt6NGA,"The technique correction involves keeping the back and shoulders straight, with the back and shoulders back and on a hunched position throughout the entire movement to avoid shoulder strain and potential injury.",Keep the shoulders back and unhunched during the entire movement.,0.38095238095238093,0.469220475075276,0.3696835935115814,0.6589788198471069
R17SNKI79Hc,"The video depicts a kabaddi match, which is a contact team sport originating from India. It involves players from two teams, one attacking (the raiders) and the other defending (the blockers). The raiders aim to score points by entering the opposing team's half and touching as many blockers as possible before returning to their own half without being tagged by a defender. The defenders try to prevent the raiders from scoring by tagging them with a cloth or a ball. The game is fast-paced",The sport of kabaddi.,0.04444444444444444,0.08333333333333333,0.1961337924003601,0.6589409112930298
R3wb56nmOaA,The ambulance in the video has two doors at the back.,two,0.16666666666666669,0.25000000000000006,-0.058815594762563705,0.23111620545387268
R8nElUYfrec,The players are playing football in an indoor arena.,practicing kicking the ball to a target,0.125,0.06944444444444445,0.28101909160614014,0.25450313091278076
R9AKnfthxxk,The character who argues with the rest about the score is the one wearing headphones and a black shirt.,the first one we see,0.16666666666666666,0.15625,0.13184913992881775,0.22806547582149506
R9jhwptmirQ,"In the video, 10 toys were placed inside the dinosaur's mouth.",nine,0.0,0.0,-0.10423540323972702,0.2920777201652527
RIbj7xukchQ,"The sediment is rising under the fish because the fish is stirring up the bottom of the water, likely by moving its fins or tail. This action can cause particles and sediments to become suspended in the water, creating a cloud of sediment that rises from the bottom.",the fish movement moves water which moves the sediment,0.21052631578947367,0.19379844961240314,0.24141409993171692,0.6896651983261108
RJARe9mGjK0,"The numbers on the white keys (1, 2, 3) likely represent the notes or pitches that should be played on those keys when following the instructions given in the video. These numbers could be part of a sequence or pattern that the person is demonstrating, possibly as a way to teach or practice piano playing. The specific meaning would depend on the context provided by the video, such as any accompanying text or audio instructions.",the order of keys to be played,0.0975609756097561,0.21739130434782614,0.09589724987745285,0.4570004642009735
RM3SjNFXqVM,The desire expressed in the video is for someone to be happy and for the speaker to be able to make them happy.,To become one with the earth.,0.13793103448275862,0.12987012987012986,0.18649141490459442,0.2740795314311981
RMH5uw9BzWs,"After the man hands the dog leashes over to the woman, the dogs start pulling on their leashes and running away.",He starts running so that the dogs run after him with the woman in tow.,0.2222222222222222,0.19230769230769232,0.36761581897735596,0.7271947264671326
ROyak2UcFQo,"There are at least three different people shown in the video, as indicated by the distinct names and appearances of the individuals.",Six.,0.0,0.0,0.22000789642333984,0.135750874876976
RRI9JuEZ5y4,Two pieces are cut from the wood in the video.,four,0.0,0.0,-0.11091722548007965,0.15392045676708221
RS5Ayq-m2TU,"The video features a variety of music genres, including rock, pop, and electronic. The specific tracks used in the video are not mentioned, but they are likely chosen to complement the visual elements and create an engaging atmosphere for the audience.",heavy metal,0.0,0.0,-0.11680161207914352,0.2009153962135315
RWxbEgaAcSE,"After jumping off the ramp on his bicycle and crashing onto the pavement, the man gets up from the ground and walks away from the scene.",He gets up and walks away.,0.3125,0.46875,0.3895150423049927,0.5860446095466614
RXvT_6NXqaI,The woman in the video is unwrapping a piece of candy.,candy,0.16666666666666669,0.0,-0.1150827705860138,0.471169650554657
RYU4tMwkqps,"After placing the ring at her waist and lifting the skirt of the dress, the woman ties the dress with both hands.","She wraps an elastic band around the ring, encasing it in the fabric of the dress.",0.3157894736842105,0.1506024096385542,0.38431933522224426,0.7706683874130249
RZrkA52TGBA,"There is one ball that appears in the video, which is a purple balloon that the woman throws into the crowd.",Four,0.0,0.0,-0.07166220992803574,0.049137212336063385
Ra6a04vhaZ4,"When the young woman turns the bottle upside down and squeezes it, foam comes out of the bottle.",Practically the entire bottle of sauce spurts out and covers a larger area than the diameter of the pizza.,0.27027027027027023,0.2537522945686211,0.26448652148246765,0.22335566580295563
Rc1h9aZ1Lv8,The necklace in the video appears to be made of silver.,gold,0.0,0.0,-0.10979346185922623,0.3816038966178894
RdgLPaYXaDI,The firemen are practicing their rescue skills.,saving a person from a fire in a closed space,0.0,0.0,0.1847107708454132,0.39147883653640747
RjEjcM_Z0oU,The sound of people talking can be heard in the background while the paratha is being brought into the room by the waiter.,A bell.,0.0,0.0,0.1190134659409523,0.26498740911483765
RmM3982Qbow,"The text at the bottom of the truckstop sign reads ""Todas las camareras desaportables.""",All convertible waitresses.,0.0,0.0,0.05403907969594002,0.23430028557777405
RwDFP3Vpwoo,"The hand in the video appears to be resting on a surface that looks like a dark, possibly wooden or plastic, flat object. There is no clear indication of any specific item directly under the hand; it seems to be placed on a plain surface.",a mouse,0.0425531914893617,0.07936507936507937,-0.1363985687494278,0.28219133615493774
